fecha_pedido,semana,pedido_id,cliente_id,sucursal,asesor,sector_industrial,familia,abc_cliente,usd,kg,posiciones
2026-04-06,2026-04-06,PED0000001,CLI_0003,CAPITAL,ASESOR_1,AGRO,PERFILES,B,1699.57,1402.9,1
2026-04-06,2026-04-06,PED0000001,CLI_0003,CAPITAL,ASESOR_1,AGRO,CH304,B,2659.59,3202.9,1
2026-04-10,2026-04-06,PED0000002,CLI_0007,ROSARIO,ASESOR_6,ENERGIA,CH304,B,1254.77,1164.1,4
2026-04-06,2026-04-06,PED0000003,CLI_0033,CORDOBA,ASESOR_3,AUTOPARTES,CH304,B,1306.86,1405.1,3
2026-04-06,2026-04-06,PED0000004,CLI_0009,CAPITAL,ASESOR_6,METALMECANICA,BULONERIA,B,2123.05,2312.7,2
2026-04-06,2026-04-06,PED0000004,CLI_0009,CAPITAL,ASESOR_6,METALMECANICA,PERFILES,B,1792.32,1499.6,2
2026-04-08,2026-04-06,PED0000005,CLI_0018,CORDOBA,ASESOR_1,AUTOPARTES,CH430,C,1081.56,1172.6,6
2026-04-10,2026-04-06,PED0000006,CLI_0033,CORDOBA,ASESOR_6,CONSTRUCCION,CH316,C,1017.73,1619.8,6
2026-04-10,2026-04-06,PED0000006,CLI_0033,CORDOBA,ASESOR_6,CONSTRUCCION,CAÑOS Y TUBOS,C,1622.52,1583.1,3
2026-04-08,2026-04-06,PED0000007,CLI_0019,CAPITAL,ASESOR_2,CONSTRUCCION,PERFILES,C,1931.99,2032.0,6
2026-04-07,2026-04-06,PED0000008,CLI_0038,MENDOZA,ASESOR_4,METALMECANICA,PERFILES,A,1953.78,2232.7,5
2026-04-07,2026-04-06,PED0000008,CLI_0038,MENDOZA,ASESOR_4,METALMECANICA,CH430,A,1164.33,1135.8,2
2026-04-07,2026-04-06,PED0000009,CLI_0012,MENDOZA,ASESOR_1,CONSTRUCCION,CAÑOS Y TUBOS,C,1157.79,1279.7,4
2026-04-07,2026-04-06,PED0000009,CLI_0012,MENDOZA,ASESOR_1,CONSTRUCCION,PERFILES,C,1764.31,2782.1,1
2026-04-06,2026-04-06,PED0000010,CLI_0036,CAPITAL,ASESOR_6,ENERGIA,CH316,C,3108.37,4858.6,6
2026-04-08,2026-04-06,PED0000011,CLI_0029,CORDOBA,ASESOR_5,AUTOPARTES,PERFILES,B,2442.18,2684.3,2
2026-04-08,2026-04-06,PED0000011,CLI_0029,CORDOBA,ASESOR_5,AUTOPARTES,BULONERIA,B,2223.94,3164.5,5
2026-04-08,2026-04-06,PED0000012,CLI_0002,CAPITAL,ASESOR_5,AGRO,CH430,B,783.39,982.3,1
2026-04-08,2026-04-06,PED0000012,CLI_0002,CAPITAL,ASESOR_5,AGRO,CH316,B,2522.77,2999.1,1
2026-04-08,2026-04-06,PED0000012,CLI_0002,CAPITAL,ASESOR_5,AGRO,CH304,B,3834.68,4702.0,2
2026-04-08,2026-04-06,PED0000013,CLI_0031,ROSARIO,ASESOR_6,METALMECANICA,PERFILES,C,2059.68,1996.7,5
2026-04-09,2026-04-06,PED0000014,CLI_0008,ROSARIO,ASESOR_6,AGRO,CAÑOS Y TUBOS,B,2069.64,2215.5,5
2026-04-09,2026-04-06,PED0000014,CLI_0008,ROSARIO,ASESOR_6,AGRO,CH304,B,1140.95,1449.9,1
2026-04-09,2026-04-06,PED0000014,CLI_0008,ROSARIO,ASESOR_6,AGRO,CH316,B,1126.4,1469.8,2
2026-04-08,2026-04-06,PED0000015,CLI_0009,CAPITAL,ASESOR_1,AGRO,CH316,A,2597.01,4021.2,5
2026-04-08,2026-04-06,PED0000015,CLI_0009,CAPITAL,ASESOR_1,AGRO,PERFILES,A,1687.96,1678.5,4
2026-04-08,2026-04-06,PED0000016,CLI_0044,MENDOZA,ASESOR_2,CONSTRUCCION,CAÑOS Y TUBOS,A,1750.42,1476.2,6
2026-04-07,2026-04-06,PED0000017,CLI_0028,CAPITAL,ASESOR_1,METALMECANICA,PERFILES,C,1584.22,1802.1,3
2026-04-06,2026-04-06,PED0000018,CLI_0025,MENDOZA,ASESOR_2,CONSTRUCCION,PERFILES,B,2031.18,3199.5,2
2026-04-06,2026-04-06,PED0000019,CLI_0042,ROSARIO,ASESOR_4,METALMECANICA,CH304,B,1380.59,1397.4,4
2026-04-07,2026-04-06,PED0000020,CLI_0008,CORDOBA,ASESOR_4,ENERGIA,CH316,C,1336.81,1688.8,5
2026-04-10,2026-04-06,PED0000021,CLI_0013,CAPITAL,ASESOR_6,AGRO,PERFILES,A,2000.61,1728.7,2
2026-04-10,2026-04-06,PED0000021,CLI_0013,CAPITAL,ASESOR_6,AGRO,CH316,A,2495.52,2132.1,2
2026-04-10,2026-04-06,PED0000021,CLI_0013,CAPITAL,ASESOR_6,AGRO,CH304,A,2946.09,4576.1,5
2026-04-09,2026-04-06,PED0000022,CLI_0022,ROSARIO,ASESOR_5,ENERGIA,PERFILES,A,1945.33,1962.1,6
2026-04-09,2026-04-06,PED0000022,CLI_0022,ROSARIO,ASESOR_5,ENERGIA,BULONERIA,A,1400.63,1388.0,4
2026-04-06,2026-04-06,PED0000023,CLI_0004,ROSARIO,ASESOR_6,AGRO,PERFILES,B,2673.32,2295.3,2
2026-04-08,2026-04-06,PED0000024,CLI_0007,CORDOBA,ASESOR_2,AGRO,CAÑOS Y TUBOS,C,1730.47,2358.3,5
2026-04-07,2026-04-06,PED0000025,CLI_0008,CAPITAL,ASESOR_6,ENERGIA,CH304,B,3470.14,3207.7,3
2026-04-10,2026-04-06,PED0000026,CLI_0007,ROSARIO,ASESOR_6,AGRO,CH304,B,884.52,1007.3,3
2026-04-07,2026-04-06,PED0000027,CLI_0013,CAPITAL,ASESOR_1,AGRO,PERFILES,C,1675.52,1490.4,6
2026-04-07,2026-04-06,PED0000027,CLI_0013,CAPITAL,ASESOR_1,AGRO,CAÑOS Y TUBOS,C,2264.5,2800.0,3
2026-04-06,2026-04-06,PED0000028,CLI_0037,ROSARIO,ASESOR_4,AUTOPARTES,CH316,A,1329.09,1658.6,4
2026-04-06,2026-04-06,PED0000028,CLI_0037,ROSARIO,ASESOR_4,AUTOPARTES,BULONERIA,A,1563.46,2188.2,2
2026-04-06,2026-04-06,PED0000028,CLI_0037,ROSARIO,ASESOR_4,AUTOPARTES,CH304,A,1313.54,2076.7,2
2026-04-09,2026-04-06,PED0000029,CLI_0019,MENDOZA,ASESOR_1,AUTOPARTES,BULONERIA,C,1917.87,2742.4,1
2026-04-09,2026-04-06,PED0000029,CLI_0019,MENDOZA,ASESOR_1,AUTOPARTES,CH316,C,1359.2,1129.5,4
2026-04-07,2026-04-06,PED0000030,CLI_0039,ROSARIO,ASESOR_2,METALMECANICA,CH316,B,1361.2,1392.3,1
2026-04-08,2026-04-06,PED0000031,CLI_0025,CORDOBA,ASESOR_3,ENERGIA,CH304,B,1462.65,2321.0,1
2026-04-08,2026-04-06,PED0000031,CLI_0025,CORDOBA,ASESOR_3,ENERGIA,CH430,B,1046.27,1200.7,6
2026-04-08,2026-04-06,PED0000031,CLI_0025,CORDOBA,ASESOR_3,ENERGIA,CH316,B,1238.1,1422.7,5
2026-04-09,2026-04-06,PED0000032,CLI_0003,CAPITAL,ASESOR_4,ENERGIA,PERFILES,A,1777.91,2759.7,6
2026-04-10,2026-04-06,PED0000033,CLI_0022,ROSARIO,ASESOR_3,METALMECANICA,CH304,A,1233.07,1282.7,3
2026-04-07,2026-04-06,PED0000034,CLI_0024,MENDOZA,ASESOR_3,METALMECANICA,BULONERIA,C,2649.01,3554.6,2
2026-04-08,2026-04-06,PED0000035,CLI_0005,CORDOBA,ASESOR_4,ENERGIA,PERFILES,C,3028.33,3203.4,4
2026-04-06,2026-04-06,PED0000036,CLI_0031,MENDOZA,ASESOR_6,AUTOPARTES,BULONERIA,B,2315.31,2473.1,2
2026-04-07,2026-04-06,PED0000037,CLI_0024,CORDOBA,ASESOR_2,AUTOPARTES,PERFILES,A,2752.01,3588.1,2
2026-04-07,2026-04-06,PED0000037,CLI_0024,CORDOBA,ASESOR_2,AUTOPARTES,CH304,A,1559.5,1726.6,4
2026-04-07,2026-04-06,PED0000037,CLI_0024,CORDOBA,ASESOR_2,AUTOPARTES,CAÑOS Y TUBOS,A,1293.16,1713.2,1
2026-04-09,2026-04-06,PED0000038,CLI_0022,CAPITAL,ASESOR_4,AUTOPARTES,CH316,A,3846.19,3450.4,2
2026-04-09,2026-04-06,PED0000039,CLI_0025,MENDOZA,ASESOR_6,ENERGIA,BULONERIA,C,2091.48,3190.5,4
2026-04-09,2026-04-06,PED0000039,CLI_0025,MENDOZA,ASESOR_6,ENERGIA,PERFILES,C,2084.37,2907.5,4
2026-04-10,2026-04-06,PED0000040,CLI_0018,MENDOZA,ASESOR_3,AUTOPARTES,CH316,C,1281.26,1104.4,3
2026-04-06,2026-04-06,PED0000041,CLI_0011,ROSARIO,ASESOR_3,AGRO,CH316,B,1350.14,1245.2,2
2026-04-09,2026-04-06,PED0000042,CLI_0010,CAPITAL,ASESOR_4,METALMECANICA,CAÑOS Y TUBOS,B,1779.89,2520.0,6
2026-04-08,2026-04-06,PED0000043,CLI_0008,CAPITAL,ASESOR_5,METALMECANICA,CAÑOS Y TUBOS,B,2117.16,2618.7,5
2026-04-08,2026-04-06,PED0000043,CLI_0008,CAPITAL,ASESOR_5,METALMECANICA,PERFILES,B,1949.42,2320.9,3
2026-04-07,2026-04-06,PED0000044,CLI_0023,MENDOZA,ASESOR_4,CONSTRUCCION,CH316,B,1468.64,2240.5,5
2026-04-07,2026-04-06,PED0000044,CLI_0023,MENDOZA,ASESOR_4,CONSTRUCCION,PERFILES,B,1794.99,1474.9,6
2026-04-09,2026-04-06,PED0000045,CLI_0040,MENDOZA,ASESOR_2,METALMECANICA,CAÑOS Y TUBOS,A,1352.78,1906.0,4
2026-04-06,2026-04-06,PED0000046,CLI_0011,CORDOBA,ASESOR_4,AGRO,CH304,C,1212.13,1036.2,6
2026-04-06,2026-04-06,PED0000046,CLI_0011,CORDOBA,ASESOR_4,AGRO,CH430,C,1001.94,826.4,2
2026-04-09,2026-04-06,PED0000047,CLI_0023,ROSARIO,ASESOR_1,ENERGIA,PERFILES,A,2104.55,2115.1,3
2026-04-09,2026-04-06,PED0000047,CLI_0023,ROSARIO,ASESOR_1,ENERGIA,CH316,A,1195.8,1537.6,6
2026-04-08,2026-04-06,PED0000048,CLI_0006,CAPITAL,ASESOR_2,AGRO,CAÑOS Y TUBOS,A,2299.87,2204.8,5
2026-04-08,2026-04-06,PED0000048,CLI_0006,CAPITAL,ASESOR_2,AGRO,BULONERIA,A,1949.65,2538.0,1
2026-04-08,2026-04-06,PED0000049,CLI_0001,CORDOBA,ASESOR_6,ENERGIA,BULONERIA,C,2039.86,2457.6,3
2026-04-09,2026-04-06,PED0000050,CLI_0029,CAPITAL,ASESOR_4,METALMECANICA,CAÑOS Y TUBOS,A,2104.24,3308.7,3
2026-04-09,2026-04-06,PED0000050,CLI_0029,CAPITAL,ASESOR_4,METALMECANICA,CH316,A,3366.42,5169.8,4
2026-04-06,2026-04-06,PED0000051,CLI_0030,MENDOZA,ASESOR_4,ENERGIA,CAÑOS Y TUBOS,B,1291.33,1513.1,5
2026-04-07,2026-04-06,PED0000052,CLI_0022,MENDOZA,ASESOR_3,CONSTRUCCION,CH430,B,1408.57,1510.4,5
2026-04-06,2026-04-06,PED0000053,CLI_0041,CORDOBA,ASESOR_5,CONSTRUCCION,CAÑOS Y TUBOS,B,1474.53,2074.0,6
2026-04-06,2026-04-06,PED0000054,CLI_0000,MENDOZA,ASESOR_6,METALMECANICA,CAÑOS Y TUBOS,B,1623.02,1696.0,5
2026-04-10,2026-04-06,PED0000055,CLI_0023,CORDOBA,ASESOR_4,ENERGIA,BULONERIA,B,2130.56,2227.1,2
2026-04-07,2026-04-06,PED0000056,CLI_0017,CAPITAL,ASESOR_6,AUTOPARTES,BULONERIA,B,1765.94,2436.4,5
2026-04-07,2026-04-06,PED0000057,CLI_0033,CORDOBA,ASESOR_1,AUTOPARTES,BULONERIA,B,2218.22,2261.4,1
2026-04-06,2026-04-06,PED0000058,CLI_0019,CORDOBA,ASESOR_6,AUTOPARTES,PERFILES,C,2844.4,3050.8,1
2026-04-06,2026-04-06,PED0000058,CLI_0019,CORDOBA,ASESOR_6,AUTOPARTES,CH430,C,1139.99,1697.9,1
2026-04-06,2026-04-06,PED0000058,CLI_0019,CORDOBA,ASESOR_6,AUTOPARTES,CAÑOS Y TUBOS,C,1721.85,1929.4,1
2026-04-06,2026-04-06,PED0000059,CLI_0038,CAPITAL,ASESOR_2,AUTOPARTES,CH304,C,3259.53,4669.6,2
2026-04-06,2026-04-06,PED0000059,CLI_0038,CAPITAL,ASESOR_2,AUTOPARTES,PERFILES,C,1850.14,2043.1,4
2026-04-06,2026-04-06,PED0000059,CLI_0038,CAPITAL,ASESOR_2,AUTOPARTES,CAÑOS Y TUBOS,C,1693.11,2151.6,4
2026-04-07,2026-04-06,PED0000060,CLI_0039,CORDOBA,ASESOR_5,ENERGIA,CH430,A,1077.92,1012.2,1
2026-04-07,2026-04-06,PED0000060,CLI_0039,CORDOBA,ASESOR_5,ENERGIA,CH304,A,1164.54,1312.2,6
2026-04-09,2026-04-06,PED0000061,CLI_0021,MENDOZA,ASESOR_3,CONSTRUCCION,CH316,B,1750.06,2503.1,6
2026-04-08,2026-04-06,PED0000062,CLI_0040,ROSARIO,ASESOR_4,CONSTRUCCION,CH304,B,925.42,968.1,6
2026-04-08,2026-04-06,PED0000062,CLI_0040,ROSARIO,ASESOR_4,CONSTRUCCION,BULONERIA,B,1468.92,2257.7,4
2026-04-10,2026-04-06,PED0000063,CLI_0013,CAPITAL,ASESOR_4,AGRO,CAÑOS Y TUBOS,C,1488.78,1238.5,4
2026-04-10,2026-04-06,PED0000064,CLI_0035,CORDOBA,ASESOR_5,AGRO,CH304,A,1459.6,2058.7,2
2026-04-10,2026-04-06,PED0000064,CLI_0035,CORDOBA,ASESOR_5,AGRO,CH430,A,1281.81,1693.5,3
2026-04-06,2026-04-06,PED0000065,CLI_0036,ROSARIO,ASESOR_5,METALMECANICA,CAÑOS Y TUBOS,C,2199.97,2939.4,2
2026-04-10,2026-04-06,PED0000066,CLI_0035,CORDOBA,ASESOR_4,METALMECANICA,CH304,B,1275.61,1350.4,4
2026-04-07,2026-04-06,PED0000067,CLI_0007,CAPITAL,ASESOR_6,ENERGIA,PERFILES,B,1834.49,2385.4,1
2026-04-09,2026-04-06,PED0000068,CLI_0025,ROSARIO,ASESOR_3,ENERGIA,CAÑOS Y TUBOS,A,2967.78,3819.8,2
2026-04-09,2026-04-06,PED0000068,CLI_0025,ROSARIO,ASESOR_3,ENERGIA,CH304,A,1227.53,1287.2,1
2026-04-09,2026-04-06,PED0000068,CLI_0025,ROSARIO,ASESOR_3,ENERGIA,PERFILES,A,2197.96,1922.3,1
2026-04-10,2026-04-06,PED0000069,CLI_0033,MENDOZA,ASESOR_1,AUTOPARTES,CAÑOS Y TUBOS,B,1836.62,1827.4,5
2026-04-10,2026-04-06,PED0000069,CLI_0033,MENDOZA,ASESOR_1,AUTOPARTES,BULONERIA,B,1785.26,1700.4,5
2026-04-08,2026-04-06,PED0000070,CLI_0042,ROSARIO,ASESOR_1,AGRO,PERFILES,C,1909.42,1983.6,5
2026-04-08,2026-04-06,PED0000070,CLI_0042,ROSARIO,ASESOR_1,AGRO,CH430,C,1264.59,1679.3,2
2026-04-08,2026-04-06,PED0000070,CLI_0042,ROSARIO,ASESOR_1,AGRO,CH304,C,1081.31,1284.0,3
2026-04-10,2026-04-06,PED0000071,CLI_0017,MENDOZA,ASESOR_4,AGRO,CAÑOS Y TUBOS,C,1143.07,1595.5,6
2026-04-07,2026-04-06,PED0000072,CLI_0029,MENDOZA,ASESOR_4,AUTOPARTES,PERFILES,B,1592.92,1402.2,4
2026-04-09,2026-04-06,PED0000073,CLI_0026,CAPITAL,ASESOR_5,METALMECANICA,CH316,A,3629.91,3673.5,5
2026-04-09,2026-04-06,PED0000073,CLI_0026,CAPITAL,ASESOR_5,METALMECANICA,CH304,A,3393.21,4478.6,3
2026-04-09,2026-04-06,PED0000073,CLI_0026,CAPITAL,ASESOR_5,METALMECANICA,CAÑOS Y TUBOS,A,2215.91,3296.1,4
2026-04-10,2026-04-06,PED0000074,CLI_0037,CORDOBA,ASESOR_6,METALMECANICA,BULONERIA,C,2382.09,2453.3,2
2026-04-09,2026-04-06,PED0000075,CLI_0014,CAPITAL,ASESOR_4,CONSTRUCCION,CH430,C,1081.54,905.0,1
2026-04-10,2026-04-06,PED0000076,CLI_0014,CORDOBA,ASESOR_3,AGRO,BULONERIA,B,2499.99,2340.0,1
2026-04-07,2026-04-06,PED0000077,CLI_0031,MENDOZA,ASESOR_5,AUTOPARTES,CH430,B,1201.22,1601.8,4
2026-04-08,2026-04-06,PED0000078,CLI_0045,CORDOBA,ASESOR_6,ENERGIA,CH430,A,1272.92,1326.0,4
2026-04-08,2026-04-06,PED0000078,CLI_0045,CORDOBA,ASESOR_6,ENERGIA,CAÑOS Y TUBOS,A,1745.0,1544.9,4
2026-04-08,2026-04-06,PED0000078,CLI_0045,CORDOBA,ASESOR_6,ENERGIA,BULONERIA,A,2259.43,2846.5,6
2026-04-10,2026-04-06,PED0000079,CLI_0029,CORDOBA,ASESOR_1,METALMECANICA,CH430,B,1370.65,1482.8,6
2026-04-10,2026-04-06,PED0000079,CLI_0029,CORDOBA,ASESOR_1,METALMECANICA,CH316,B,915.21,915.7,6
2026-04-08,2026-04-06,PED0000080,CLI_0006,ROSARIO,ASESOR_6,CONSTRUCCION,CH304,C,1035.93,937.7,3
2026-04-08,2026-04-06,PED0000080,CLI_0006,ROSARIO,ASESOR_6,CONSTRUCCION,PERFILES,C,1956.42,2215.5,2
2026-04-07,2026-04-06,PED0000081,CLI_0007,ROSARIO,ASESOR_5,AGRO,CAÑOS Y TUBOS,B,2960.86,3067.8,3
2026-04-09,2026-04-06,PED0000082,CLI_0036,CAPITAL,ASESOR_4,CONSTRUCCION,PERFILES,A,1862.32,1510.6,5
2026-04-09,2026-04-06,PED0000082,CLI_0036,CAPITAL,ASESOR_4,CONSTRUCCION,CH430,A,730.61,799.9,6
2026-04-09,2026-04-06,PED0000082,CLI_0036,CAPITAL,ASESOR_4,CONSTRUCCION,CH304,A,3361.7,4261.4,6
2026-04-08,2026-04-06,PED0000083,CLI_0036,CORDOBA,ASESOR_1,AUTOPARTES,CH316,B,1304.68,1359.2,4
2026-04-08,2026-04-06,PED0000083,CLI_0036,CORDOBA,ASESOR_1,AUTOPARTES,CH304,B,1136.52,950.4,1
2026-04-08,2026-04-06,PED0000083,CLI_0036,CORDOBA,ASESOR_1,AUTOPARTES,CAÑOS Y TUBOS,B,1337.94,1597.6,1
2026-04-10,2026-04-06,PED0000084,CLI_0016,ROSARIO,ASESOR_5,AUTOPARTES,BULONERIA,B,1407.21,2122.5,6
2026-04-06,2026-04-06,PED0000085,CLI_0011,CAPITAL,ASESOR_4,ENERGIA,CH316,B,3094.01,3059.6,3
2026-04-06,2026-04-06,PED0000085,CLI_0011,CAPITAL,ASESOR_4,ENERGIA,CAÑOS Y TUBOS,B,1506.59,2031.7,5
2026-04-09,2026-04-06,PED0000086,CLI_0030,CORDOBA,ASESOR_1,METALMECANICA,CH316,B,1159.73,1481.8,1
2026-04-06,2026-04-06,PED0000087,CLI_0037,CAPITAL,ASESOR_3,AUTOPARTES,PERFILES,C,1696.23,2460.3,2
2026-04-06,2026-04-06,PED0000087,CLI_0037,CAPITAL,ASESOR_3,AUTOPARTES,CH316,C,2909.24,2670.8,5
2026-04-08,2026-04-06,PED0000088,CLI_0042,CAPITAL,ASESOR_3,AUTOPARTES,CH304,C,2525.22,2743.9,2
2026-04-08,2026-04-06,PED0000088,CLI_0042,CAPITAL,ASESOR_3,AUTOPARTES,BULONERIA,C,1859.08,1510.7,3
2026-04-09,2026-04-06,PED0000089,CLI_0004,CAPITAL,ASESOR_2,METALMECANICA,CH430,B,905.96,803.8,5
2026-04-08,2026-04-06,PED0000090,CLI_0014,ROSARIO,ASESOR_5,CONSTRUCCION,CH304,C,867.04,1025.9,4
2026-04-06,2026-04-06,PED0000091,CLI_0024,MENDOZA,ASESOR_6,CONSTRUCCION,CH430,B,959.76,979.0,6
2026-04-06,2026-04-06,PED0000091,CLI_0024,MENDOZA,ASESOR_6,CONSTRUCCION,PERFILES,B,1813.22,2483.6,4
2026-04-06,2026-04-06,PED0000091,CLI_0024,MENDOZA,ASESOR_6,CONSTRUCCION,CH316,B,1801.12,2205.4,4
2026-04-07,2026-04-06,PED0000092,CLI_0018,MENDOZA,ASESOR_1,CONSTRUCCION,CH316,C,1381.77,2020.1,4
2026-04-08,2026-04-06,PED0000093,CLI_0022,MENDOZA,ASESOR_6,CONSTRUCCION,CH316,B,1578.88,1862.2,1
2026-04-07,2026-04-06,PED0000094,CLI_0029,CAPITAL,ASESOR_1,METALMECANICA,PERFILES,A,1676.15,2239.4,4
2026-04-07,2026-04-06,PED0000094,CLI_0029,CAPITAL,ASESOR_1,METALMECANICA,BULONERIA,A,1649.7,2197.9,4
2026-04-10,2026-04-06,PED0000095,CLI_0008,CAPITAL,ASESOR_3,ENERGIA,CH316,B,3431.37,3360.7,1
2026-04-10,2026-04-06,PED0000096,CLI_0036,CORDOBA,ASESOR_5,AGRO,CAÑOS Y TUBOS,A,1738.93,2746.9,5
2026-04-08,2026-04-06,PED0000097,CLI_0010,CAPITAL,ASESOR_5,AGRO,CH430,A,1066.44,1336.3,4
2026-04-08,2026-04-06,PED0000097,CLI_0010,CAPITAL,ASESOR_5,AGRO,CH304,A,2428.93,3383.0,1
2026-04-08,2026-04-06,PED0000097,CLI_0010,CAPITAL,ASESOR_5,AGRO,CH316,A,2532.49,3100.7,4
2026-04-08,2026-04-06,PED0000098,CLI_0007,MENDOZA,ASESOR_4,AGRO,PERFILES,A,1378.12,1160.5,2
2026-04-08,2026-04-06,PED0000098,CLI_0007,MENDOZA,ASESOR_4,AGRO,BULONERIA,A,2447.19,2055.2,1
2026-04-09,2026-04-06,PED0000099,CLI_0036,CORDOBA,ASESOR_4,METALMECANICA,PERFILES,B,2319.86,2653.8,3
2026-04-10,2026-04-06,PED0000100,CLI_0009,MENDOZA,ASESOR_5,AGRO,CH316,A,1300.62,1260.3,2
2026-04-09,2026-04-06,PED0000101,CLI_0039,CORDOBA,ASESOR_3,AGRO,CAÑOS Y TUBOS,A,1507.16,1483.2,5
2026-04-09,2026-04-06,PED0000102,CLI_0037,CORDOBA,ASESOR_1,METALMECANICA,CH304,C,1660.56,2093.3,5
2026-04-06,2026-04-06,PED0000103,CLI_0006,MENDOZA,ASESOR_6,METALMECANICA,CH316,B,1683.72,2585.9,1
2026-04-06,2026-04-06,PED0000103,CLI_0006,MENDOZA,ASESOR_6,METALMECANICA,PERFILES,B,1683.97,1489.8,4
2026-04-06,2026-04-06,PED0000103,CLI_0006,MENDOZA,ASESOR_6,METALMECANICA,CAÑOS Y TUBOS,B,1546.81,1885.8,4
2026-04-06,2026-04-06,PED0000104,CLI_0013,CORDOBA,ASESOR_6,AGRO,CH304,B,1427.52,1363.5,3
2026-04-08,2026-04-06,PED0000105,CLI_0030,CORDOBA,ASESOR_6,AUTOPARTES,PERFILES,B,2376.0,3343.8,1
2026-04-10,2026-04-06,PED0000106,CLI_0043,ROSARIO,ASESOR_6,METALMECANICA,PERFILES,B,2532.11,3296.2,2
2026-04-10,2026-04-06,PED0000106,CLI_0043,ROSARIO,ASESOR_6,METALMECANICA,CH430,B,1179.38,1385.9,6
2026-04-06,2026-04-06,PED0000107,CLI_0046,CORDOBA,ASESOR_3,ENERGIA,CAÑOS Y TUBOS,A,1140.14,1248.4,3
2026-04-09,2026-04-06,PED0000108,CLI_0021,CAPITAL,ASESOR_6,CONSTRUCCION,PERFILES,C,1995.29,2775.7,1
2026-04-10,2026-04-06,PED0000109,CLI_0036,MENDOZA,ASESOR_5,AUTOPARTES,CH304,B,2701.47,3913.8,3
2026-04-09,2026-04-06,PED0000110,CLI_0021,CAPITAL,ASESOR_5,AUTOPARTES,PERFILES,A,1348.56,1481.1,3
2026-04-08,2026-04-06,PED0000111,CLI_0014,MENDOZA,ASESOR_4,AGRO,CH304,C,2850.28,3161.7,3
2026-04-08,2026-04-06,PED0000112,CLI_0008,ROSARIO,ASESOR_3,CONSTRUCCION,BULONERIA,C,1389.44,1547.2,5
2026-04-07,2026-04-06,PED0000113,CLI_0012,CAPITAL,ASESOR_3,ENERGIA,BULONERIA,B,1418.17,1895.2,5
2026-04-07,2026-04-06,PED0000113,CLI_0012,CAPITAL,ASESOR_3,ENERGIA,PERFILES,B,1513.67,1650.0,2
2026-04-07,2026-04-06,PED0000114,CLI_0019,ROSARIO,ASESOR_3,METALMECANICA,CH304,A,1115.27,1373.8,6
2026-04-10,2026-04-06,PED0000115,CLI_0011,CAPITAL,ASESOR_6,AGRO,CH316,C,2674.23,3621.6,5
2026-04-07,2026-04-06,PED0000116,CLI_0022,ROSARIO,ASESOR_6,METALMECANICA,PERFILES,A,1857.12,1841.0,4
2026-04-07,2026-04-06,PED0000116,CLI_0022,ROSARIO,ASESOR_6,METALMECANICA,CH430,A,1461.62,1396.2,6
2026-04-07,2026-04-06,PED0000116,CLI_0022,ROSARIO,ASESOR_6,METALMECANICA,CAÑOS Y TUBOS,A,2936.56,4661.9,4
2026-04-07,2026-04-06,PED0000117,CLI_0019,CORDOBA,ASESOR_4,ENERGIA,CH316,B,840.51,995.6,3
2026-04-07,2026-04-06,PED0000117,CLI_0019,CORDOBA,ASESOR_4,ENERGIA,CH430,B,1336.48,1178.9,5
2026-04-09,2026-04-06,PED0000118,CLI_0017,CAPITAL,ASESOR_3,CONSTRUCCION,CH316,C,3892.24,3805.2,4
2026-04-09,2026-04-06,PED0000118,CLI_0017,CAPITAL,ASESOR_3,CONSTRUCCION,CAÑOS Y TUBOS,C,2246.32,3469.2,4
2026-04-09,2026-04-06,PED0000118,CLI_0017,CAPITAL,ASESOR_3,CONSTRUCCION,CH304,C,2403.67,2888.3,2
2026-04-06,2026-04-06,PED0000119,CLI_0035,MENDOZA,ASESOR_1,AGRO,BULONERIA,B,2487.29,2263.6,3
2026-04-06,2026-04-06,PED0000119,CLI_0035,MENDOZA,ASESOR_1,AGRO,CH430,B,1481.86,1745.6,2
2026-04-06,2026-04-06,PED0000120,CLI_0009,MENDOZA,ASESOR_4,ENERGIA,CH316,A,1479.24,2044.0,5
2026-04-06,2026-04-06,PED0000121,CLI_0031,MENDOZA,ASESOR_1,AGRO,BULONERIA,B,2490.03,2902.6,1
2026-04-10,2026-04-06,PED0000122,CLI_0016,MENDOZA,ASESOR_5,ENERGIA,CH316,A,1293.3,1036.3,3
2026-04-10,2026-04-06,PED0000123,CLI_0018,ROSARIO,ASESOR_5,METALMECANICA,CH304,A,1050.15,1235.1,6
2026-04-10,2026-04-06,PED0000123,CLI_0018,ROSARIO,ASESOR_5,METALMECANICA,PERFILES,A,2020.85,2220.2,6
2026-04-10,2026-04-06,PED0000123,CLI_0018,ROSARIO,ASESOR_5,METALMECANICA,BULONERIA,A,958.27,1371.1,3
2026-04-07,2026-04-06,PED0000124,CLI_0011,ROSARIO,ASESOR_6,CONSTRUCCION,PERFILES,C,1969.08,2587.8,6
2026-04-06,2026-04-06,PED0000125,CLI_0018,MENDOZA,ASESOR_6,METALMECANICA,CAÑOS Y TUBOS,C,1328.04,1109.0,2
2026-04-06,2026-04-06,PED0000125,CLI_0018,MENDOZA,ASESOR_6,METALMECANICA,CH304,C,3304.32,3477.7,3
2026-04-08,2026-04-06,PED0000126,CLI_0003,MENDOZA,ASESOR_5,METALMECANICA,CH304,B,3276.63,3491.4,1
2026-04-08,2026-04-06,PED0000127,CLI_0043,CORDOBA,ASESOR_4,METALMECANICA,CAÑOS Y TUBOS,C,1797.63,2184.9,1
2026-04-08,2026-04-06,PED0000127,CLI_0043,CORDOBA,ASESOR_4,METALMECANICA,BULONERIA,C,2428.63,2096.3,5
2026-04-08,2026-04-06,PED0000127,CLI_0043,CORDOBA,ASESOR_4,METALMECANICA,CH430,C,1623.06,1532.8,3
2026-04-08,2026-04-06,PED0000128,CLI_0042,CORDOBA,ASESOR_1,CONSTRUCCION,BULONERIA,B,2100.43,2839.4,3
2026-04-08,2026-04-06,PED0000129,CLI_0020,MENDOZA,ASESOR_1,AGRO,CH304,C,3007.09,3382.9,5
2026-04-08,2026-04-06,PED0000129,CLI_0020,MENDOZA,ASESOR_1,AGRO,BULONERIA,C,2497.84,3355.9,1
2026-04-07,2026-04-06,PED0000130,CLI_0018,ROSARIO,ASESOR_5,METALMECANICA,CH430,A,1144.78,1435.3,5
2026-04-07,2026-04-06,PED0000130,CLI_0018,ROSARIO,ASESOR_5,METALMECANICA,BULONERIA,A,1044.97,1212.1,3
2026-04-08,2026-04-06,PED0000131,CLI_0039,CORDOBA,ASESOR_4,CONSTRUCCION,BULONERIA,C,1939.66,3042.2,1
2026-04-06,2026-04-06,PED0000132,CLI_0008,ROSARIO,ASESOR_4,ENERGIA,CH430,B,1340.05,1302.1,5
2026-04-06,2026-04-06,PED0000133,CLI_0031,CORDOBA,ASESOR_6,METALMECANICA,BULONERIA,B,2121.14,1845.9,6
2026-04-10,2026-04-06,PED0000134,CLI_0012,CORDOBA,ASESOR_6,AGRO,CH430,C,1529.56,2094.7,6
2026-04-07,2026-04-06,PED0000135,CLI_0003,ROSARIO,ASESOR_3,ENERGIA,CAÑOS Y TUBOS,B,1831.54,2277.0,3
2026-04-06,2026-04-06,PED0000136,CLI_0015,MENDOZA,ASESOR_5,AUTOPARTES,BULONERIA,C,2408.58,2939.8,4
2026-04-09,2026-04-06,PED0000137,CLI_0016,CAPITAL,ASESOR_2,AGRO,CH430,C,1070.08,1524.0,6
2026-04-09,2026-04-06,PED0000137,CLI_0016,CAPITAL,ASESOR_2,AGRO,CH316,C,3321.67,4697.6,2
2026-04-07,2026-04-06,PED0000138,CLI_0018,MENDOZA,ASESOR_5,CONSTRUCCION,CH316,C,1315.96,1799.5,3
2026-04-08,2026-04-06,PED0000139,CLI_0040,CORDOBA,ASESOR_1,AGRO,CH430,A,1375.44,1203.2,6
2026-04-10,2026-04-06,PED0000140,CLI_0026,ROSARIO,ASESOR_5,ENERGIA,CH304,A,878.37,1369.2,5
2026-04-10,2026-04-06,PED0000141,CLI_0018,CORDOBA,ASESOR_6,AUTOPARTES,CAÑOS Y TUBOS,C,1327.04,2077.2,4
2026-04-10,2026-04-06,PED0000141,CLI_0018,CORDOBA,ASESOR_6,AUTOPARTES,PERFILES,C,2508.26,3626.6,4
2026-04-09,2026-04-06,PED0000142,CLI_0033,CORDOBA,ASESOR_4,CONSTRUCCION,CAÑOS Y TUBOS,C,1263.53,1624.1,3
2026-04-08,2026-04-06,PED0000143,CLI_0006,CORDOBA,ASESOR_6,AGRO,CH304,C,1278.84,1500.3,3
2026-04-09,2026-04-06,PED0000144,CLI_0038,MENDOZA,ASESOR_2,AUTOPARTES,CAÑOS Y TUBOS,A,1713.13,2650.2,6
2026-04-09,2026-04-06,PED0000144,CLI_0038,MENDOZA,ASESOR_2,AUTOPARTES,CH316,A,1308.78,1846.0,4
2026-04-09,2026-04-06,PED0000144,CLI_0038,MENDOZA,ASESOR_2,AUTOPARTES,PERFILES,A,2170.25,2546.7,3
2026-04-09,2026-04-06,PED0000145,CLI_0018,MENDOZA,ASESOR_1,CONSTRUCCION,CH316,C,1118.13,1146.2,5
2026-04-09,2026-04-06,PED0000145,CLI_0018,MENDOZA,ASESOR_1,CONSTRUCCION,PERFILES,C,2071.44,2741.4,4
2026-04-09,2026-04-06,PED0000145,CLI_0018,MENDOZA,ASESOR_1,CONSTRUCCION,CH430,C,1094.66,882.9,1
2026-04-08,2026-04-06,PED0000146,CLI_0020,MENDOZA,ASESOR_2,AGRO,CH304,C,2867.34,2740.4,5
2026-04-08,2026-04-06,PED0000147,CLI_0037,CORDOBA,ASESOR_1,METALMECANICA,PERFILES,B,2327.04,3676.9,4
2026-04-08,2026-04-06,PED0000147,CLI_0037,CORDOBA,ASESOR_1,METALMECANICA,BULONERIA,B,2042.72,3246.8,5
2026-04-10,2026-04-06,PED0000148,CLI_0018,CORDOBA,ASESOR_2,AUTOPARTES,CH304,C,1150.84,1227.3,4
2026-04-08,2026-04-06,PED0000149,CLI_0022,MENDOZA,ASESOR_2,ENERGIA,CH430,C,1526.75,2124.4,3
2026-04-08,2026-04-06,PED0000149,CLI_0022,MENDOZA,ASESOR_2,ENERGIA,CH316,C,1511.67,1822.8,5
2026-04-08,2026-04-06,PED0000149,CLI_0022,MENDOZA,ASESOR_2,ENERGIA,CAÑOS Y TUBOS,C,1504.95,2057.3,3
2026-04-09,2026-04-06,PED0000150,CLI_0031,MENDOZA,ASESOR_1,AGRO,BULONERIA,B,2276.2,2304.5,6
2026-04-09,2026-04-06,PED0000150,CLI_0031,MENDOZA,ASESOR_1,AGRO,CH304,B,3161.82,4492.7,5
2026-04-10,2026-04-06,PED0000151,CLI_0008,ROSARIO,ASESOR_6,CONSTRUCCION,PERFILES,C,1764.77,2372.9,1
2026-04-10,2026-04-06,PED0000151,CLI_0008,ROSARIO,ASESOR_6,CONSTRUCCION,CAÑOS Y TUBOS,C,2487.08,3383.5,2
2026-04-07,2026-04-06,PED0000152,CLI_0007,CAPITAL,ASESOR_4,AGRO,PERFILES,B,1967.88,2948.4,6
2026-04-08,2026-04-06,PED0000153,CLI_0017,CAPITAL,ASESOR_6,AUTOPARTES,CAÑOS Y TUBOS,B,1708.55,1603.6,5
2026-04-08,2026-04-06,PED0000153,CLI_0017,CAPITAL,ASESOR_6,AUTOPARTES,PERFILES,B,1497.81,1622.8,6
2026-04-08,2026-04-06,PED0000153,CLI_0017,CAPITAL,ASESOR_6,AUTOPARTES,BULONERIA,B,1940.86,2800.5,3
2026-04-07,2026-04-06,PED0000154,CLI_0033,MENDOZA,ASESOR_2,AUTOPARTES,CH430,B,1342.62,1599.3,4
2026-04-07,2026-04-06,PED0000154,CLI_0033,MENDOZA,ASESOR_2,AUTOPARTES,BULONERIA,B,2006.88,3104.6,6
2026-04-07,2026-04-06,PED0000154,CLI_0033,MENDOZA,ASESOR_2,AUTOPARTES,CH316,B,1280.44,1149.2,6
2026-04-08,2026-04-06,PED0000155,CLI_0016,MENDOZA,ASESOR_4,AGRO,BULONERIA,C,1714.04,2638.3,6
2026-04-08,2026-04-06,PED0000156,CLI_0037,CORDOBA,ASESOR_6,METALMECANICA,BULONERIA,B,1754.86,2444.0,2
2026-04-08,2026-04-06,PED0000156,CLI_0037,CORDOBA,ASESOR_6,METALMECANICA,CH430,B,1133.47,1514.2,5
2026-04-08,2026-04-06,PED0000156,CLI_0037,CORDOBA,ASESOR_6,METALMECANICA,CH316,B,934.45,921.6,1
2026-04-06,2026-04-06,PED0000157,CLI_0038,MENDOZA,ASESOR_3,METALMECANICA,CH316,A,1427.72,1370.0,3
2026-04-06,2026-04-06,PED0000157,CLI_0038,MENDOZA,ASESOR_3,METALMECANICA,CAÑOS Y TUBOS,A,1348.57,1775.7,1
2026-04-06,2026-04-06,PED0000157,CLI_0038,MENDOZA,ASESOR_3,METALMECANICA,PERFILES,A,1871.42,1844.8,6
2026-04-06,2026-04-06,PED0000158,CLI_0029,CAPITAL,ASESOR_2,METALMECANICA,CAÑOS Y TUBOS,C,2295.29,3602.9,3
2026-04-06,2026-04-06,PED0000158,CLI_0029,CAPITAL,ASESOR_2,METALMECANICA,BULONERIA,C,2115.3,1707.9,5
2026-04-06,2026-04-06,PED0000158,CLI_0029,CAPITAL,ASESOR_2,METALMECANICA,CH316,C,3345.53,5161.4,3
2026-04-10,2026-04-06,PED0000159,CLI_0019,CORDOBA,ASESOR_4,ENERGIA,CH316,B,1250.22,1330.9,6
2026-04-08,2026-04-06,PED0000160,CLI_0014,MENDOZA,ASESOR_6,AGRO,PERFILES,C,1456.84,2163.3,4
2026-04-08,2026-04-06,PED0000160,CLI_0014,MENDOZA,ASESOR_6,AGRO,CH316,C,1680.09,2036.6,1
2026-04-09,2026-04-06,PED0000161,CLI_0040,MENDOZA,ASESOR_6,CONSTRUCCION,CH316,A,1087.93,1204.2,4
2026-04-08,2026-04-06,PED0000162,CLI_0004,CORDOBA,ASESOR_3,AGRO,BULONERIA,C,1703.5,1523.9,3
2026-04-08,2026-04-06,PED0000162,CLI_0004,CORDOBA,ASESOR_3,AGRO,CH316,C,898.74,1212.3,6
2026-04-08,2026-04-06,PED0000163,CLI_0035,CORDOBA,ASESOR_6,CONSTRUCCION,CH316,C,1071.19,1246.8,5
2026-04-08,2026-04-06,PED0000163,CLI_0035,CORDOBA,ASESOR_6,CONSTRUCCION,BULONERIA,C,2043.19,2781.9,4
2026-04-10,2026-04-06,PED0000164,CLI_0002,ROSARIO,ASESOR_2,ENERGIA,BULONERIA,C,1176.65,1804.7,1
2026-04-07,2026-04-06,PED0000165,CLI_0015,CAPITAL,ASESOR_5,ENERGIA,PERFILES,B,1578.72,2122.2,6
2026-04-09,2026-04-06,PED0000166,CLI_0027,MENDOZA,ASESOR_1,ENERGIA,CAÑOS Y TUBOS,B,1449.01,1226.1,4
2026-04-07,2026-04-06,PED0000167,CLI_0038,CORDOBA,ASESOR_6,CONSTRUCCION,CH304,B,1296.7,1103.5,1
2026-04-07,2026-04-06,PED0000167,CLI_0038,CORDOBA,ASESOR_6,CONSTRUCCION,CAÑOS Y TUBOS,B,1805.24,1543.9,4
2026-04-09,2026-04-06,PED0000168,CLI_0026,CAPITAL,ASESOR_3,METALMECANICA,CAÑOS Y TUBOS,A,1835.52,2815.1,4
2026-04-06,2026-04-06,PED0000169,CLI_0013,MENDOZA,ASESOR_1,ENERGIA,PERFILES,A,1646.01,1484.5,2
2026-04-09,2026-04-06,PED0000170,CLI_0009,CAPITAL,ASESOR_1,AGRO,CH316,B,2780.29,2994.2,3
2026-04-10,2026-04-06,PED0000171,CLI_0017,ROSARIO,ASESOR_6,CONSTRUCCION,CH304,A,947.73,834.7,1
2026-04-10,2026-04-06,PED0000171,CLI_0017,ROSARIO,ASESOR_6,CONSTRUCCION,CH316,A,1395.6,1866.8,1
2026-04-10,2026-04-06,PED0000172,CLI_0041,ROSARIO,ASESOR_6,CONSTRUCCION,CH304,B,911.1,1453.0,2
2026-04-07,2026-04-06,PED0000173,CLI_0006,CORDOBA,ASESOR_5,ENERGIA,CH316,C,1346.0,1638.1,4
2026-04-09,2026-04-06,PED0000174,CLI_0033,CORDOBA,ASESOR_3,CONSTRUCCION,CH304,C,1716.44,2295.0,5
2026-04-09,2026-04-06,PED0000174,CLI_0033,CORDOBA,ASESOR_3,CONSTRUCCION,CH430,C,1183.09,1340.5,2
2026-04-07,2026-04-06,PED0000175,CLI_0019,CORDOBA,ASESOR_4,AUTOPARTES,CH430,C,1499.91,2297.5,5
2026-04-07,2026-04-06,PED0000175,CLI_0019,CORDOBA,ASESOR_4,AUTOPARTES,CH316,C,1035.71,1173.7,5
2026-04-06,2026-04-06,PED0000176,CLI_0016,ROSARIO,ASESOR_4,AUTOPARTES,CH430,B,943.33,1039.3,5
2026-04-06,2026-04-06,PED0000176,CLI_0016,ROSARIO,ASESOR_4,AUTOPARTES,CH304,B,1168.17,1751.0,2
2026-04-06,2026-04-06,PED0000176,CLI_0016,ROSARIO,ASESOR_4,AUTOPARTES,CH316,B,1652.43,2098.7,6
2026-04-08,2026-04-06,PED0000177,CLI_0032,ROSARIO,ASESOR_4,AUTOPARTES,CH304,C,1367.68,1222.5,4
2026-04-08,2026-04-06,PED0000177,CLI_0032,ROSARIO,ASESOR_4,AUTOPARTES,CH316,C,1731.15,2348.3,6
2026-04-08,2026-04-06,PED0000177,CLI_0032,ROSARIO,ASESOR_4,AUTOPARTES,PERFILES,C,1825.53,2796.9,5
2026-04-08,2026-04-06,PED0000178,CLI_0034,CORDOBA,ASESOR_3,METALMECANICA,PERFILES,B,3425.29,4017.2,6
2026-04-06,2026-04-06,PED0000179,CLI_0035,MENDOZA,ASESOR_3,AUTOPARTES,CH316,B,1094.71,1360.3,5
2026-04-06,2026-04-06,PED0000179,CLI_0035,MENDOZA,ASESOR_3,AUTOPARTES,BULONERIA,B,2256.91,2559.5,2
2026-04-09,2026-04-06,PED0000180,CLI_0014,ROSARIO,ASESOR_3,AUTOPARTES,BULONERIA,B,1110.63,1618.5,6
2026-04-09,2026-04-06,PED0000180,CLI_0014,ROSARIO,ASESOR_3,AUTOPARTES,CH430,B,1302.15,1552.8,2
2026-04-07,2026-04-06,PED0000181,CLI_0019,CORDOBA,ASESOR_2,AUTOPARTES,PERFILES,C,3362.41,2889.9,6
2026-04-07,2026-04-06,PED0000181,CLI_0019,CORDOBA,ASESOR_2,AUTOPARTES,CH304,C,1088.61,876.4,2
2026-04-07,2026-04-06,PED0000181,CLI_0019,CORDOBA,ASESOR_2,AUTOPARTES,BULONERIA,C,2554.55,2516.6,6
2026-04-06,2026-04-06,PED0000182,CLI_0016,ROSARIO,ASESOR_1,AUTOPARTES,BULONERIA,B,1524.86,2024.1,1
2026-04-06,2026-04-06,PED0000182,CLI_0016,ROSARIO,ASESOR_1,AUTOPARTES,PERFILES,B,1613.58,2003.0,1
2026-04-06,2026-04-06,PED0000183,CLI_0005,CAPITAL,ASESOR_5,AGRO,BULONERIA,B,1934.89,2795.8,2
2026-04-10,2026-04-06,PED0000184,CLI_0006,CAPITAL,ASESOR_1,ENERGIA,CH430,A,795.3,888.8,3
2026-04-08,2026-04-06,PED0000185,CLI_0030,MENDOZA,ASESOR_4,ENERGIA,CH304,B,2207.0,2435.2,5
2026-04-08,2026-04-06,PED0000185,CLI_0030,MENDOZA,ASESOR_4,ENERGIA,BULONERIA,B,2144.95,2808.6,6
2026-04-10,2026-04-06,PED0000186,CLI_0034,ROSARIO,ASESOR_1,METALMECANICA,CH304,C,960.89,1461.5,6
2026-04-10,2026-04-06,PED0000186,CLI_0034,ROSARIO,ASESOR_1,METALMECANICA,PERFILES,C,2557.07,3018.4,1
2026-04-10,2026-04-06,PED0000186,CLI_0034,ROSARIO,ASESOR_1,METALMECANICA,BULONERIA,C,1532.07,2064.5,3
2026-04-10,2026-04-06,PED0000187,CLI_0009,CAPITAL,ASESOR_2,AGRO,BULONERIA,A,2065.6,3187.4,3
2026-04-10,2026-04-06,PED0000188,CLI_0033,ROSARIO,ASESOR_5,AUTOPARTES,BULONERIA,C,1036.45,1648.8,6
2026-04-07,2026-04-06,PED0000189,CLI_0012,CAPITAL,ASESOR_5,AGRO,CH430,A,1021.05,1596.8,4
2026-04-07,2026-04-06,PED0000189,CLI_0012,CAPITAL,ASESOR_5,AGRO,PERFILES,A,2007.23,2129.9,6
2026-04-09,2026-04-06,PED0000190,CLI_0037,CORDOBA,ASESOR_4,METALMECANICA,BULONERIA,B,2274.65,2511.3,5
2026-04-09,2026-04-06,PED0000191,CLI_0005,CORDOBA,ASESOR_2,CONSTRUCCION,BULONERIA,A,2442.34,2572.6,1
2026-04-09,2026-04-06,PED0000191,CLI_0005,CORDOBA,ASESOR_2,CONSTRUCCION,CH316,A,861.81,1339.6,4
2026-04-09,2026-04-06,PED0000192,CLI_0005,CORDOBA,ASESOR_3,CONSTRUCCION,PERFILES,A,2892.88,2553.4,1
2026-04-09,2026-04-06,PED0000193,CLI_0036,CORDOBA,ASESOR_5,CONSTRUCCION,CAÑOS Y TUBOS,C,1399.8,1214.7,5
2026-04-07,2026-04-06,PED0000194,CLI_0027,ROSARIO,ASESOR_5,ENERGIA,CH430,A,1075.19,985.7,2
2026-04-08,2026-04-06,PED0000195,CLI_0001,MENDOZA,ASESOR_3,METALMECANICA,CH316,B,1603.49,1918.8,5
2026-04-09,2026-04-06,PED0000196,CLI_0011,ROSARIO,ASESOR_4,CONSTRUCCION,PERFILES,A,2013.36,2999.4,4
2026-04-10,2026-04-06,PED0000197,CLI_0043,CORDOBA,ASESOR_4,ENERGIA,CH316,A,908.44,1016.2,3
2026-04-10,2026-04-06,PED0000197,CLI_0043,CORDOBA,ASESOR_4,ENERGIA,CAÑOS Y TUBOS,A,1328.36,1801.2,4
2026-04-10,2026-04-06,PED0000197,CLI_0043,CORDOBA,ASESOR_4,ENERGIA,CH430,A,1605.28,2288.5,3
2026-04-10,2026-04-06,PED0000198,CLI_0003,MENDOZA,ASESOR_3,METALMECANICA,CH316,B,1771.07,2070.9,6
2026-04-10,2026-04-06,PED0000198,CLI_0003,MENDOZA,ASESOR_3,METALMECANICA,PERFILES,B,1486.54,2137.9,6
2026-04-10,2026-04-06,PED0000198,CLI_0003,MENDOZA,ASESOR_3,METALMECANICA,CH304,B,2173.28,3212.6,4
2026-04-09,2026-04-06,PED0000199,CLI_0032,MENDOZA,ASESOR_2,AGRO,CH304,B,3449.62,4082.2,4
2026-04-09,2026-04-06,PED0000199,CLI_0032,MENDOZA,ASESOR_2,AGRO,CAÑOS Y TUBOS,B,1506.45,2318.1,6
2026-04-10,2026-04-06,PED0000200,CLI_0015,MENDOZA,ASESOR_5,CONSTRUCCION,CH304,C,3142.5,4167.2,3
2026-04-10,2026-04-06,PED0000200,CLI_0015,MENDOZA,ASESOR_5,CONSTRUCCION,BULONERIA,C,1808.81,2333.6,5
2026-04-08,2026-04-06,PED0000201,CLI_0037,MENDOZA,ASESOR_3,METALMECANICA,BULONERIA,A,2191.4,2770.8,5
2026-04-07,2026-04-06,PED0000202,CLI_0011,ROSARIO,ASESOR_4,AGRO,CH304,B,1101.43,1141.5,1
2026-04-09,2026-04-06,PED0000203,CLI_0014,CAPITAL,ASESOR_6,AUTOPARTES,PERFILES,B,1502.67,1319.5,6
2026-04-09,2026-04-06,PED0000203,CLI_0014,CAPITAL,ASESOR_6,AUTOPARTES,CAÑOS Y TUBOS,B,2069.35,2183.4,3
2026-04-06,2026-04-06,PED0000204,CLI_0038,CAPITAL,ASESOR_6,CONSTRUCCION,CH316,A,3207.45,3982.1,3
2026-04-06,2026-04-06,PED0000204,CLI_0038,CAPITAL,ASESOR_6,CONSTRUCCION,BULONERIA,A,1833.27,2872.3,2
2026-04-09,2026-04-06,PED0000205,CLI_0040,MENDOZA,ASESOR_6,AUTOPARTES,PERFILES,A,2072.1,2402.9,4
2026-04-10,2026-04-06,PED0000206,CLI_0030,MENDOZA,ASESOR_1,AUTOPARTES,PERFILES,B,1466.81,1556.0,4
2026-04-10,2026-04-06,PED0000207,CLI_0008,CAPITAL,ASESOR_3,METALMECANICA,CAÑOS Y TUBOS,B,1965.96,2120.0,4
2026-04-07,2026-04-06,PED0000208,CLI_0037,ROSARIO,ASESOR_6,AGRO,CH316,C,1294.46,1225.1,6
2026-04-10,2026-04-06,PED0000209,CLI_0038,ROSARIO,ASESOR_5,METALMECANICA,CH316,B,1424.44,1751.9,6
2026-04-07,2026-04-06,PED0000210,CLI_0013,ROSARIO,ASESOR_5,AUTOPARTES,CAÑOS Y TUBOS,B,2543.29,3795.7,1
2026-04-16,2026-04-13,PED0000211,CLI_0037,ROSARIO,ASESOR_2,METALMECANICA,CAÑOS Y TUBOS,C,2298.76,3383.6,4
2026-04-15,2026-04-13,PED0000212,CLI_0024,ROSARIO,ASESOR_1,ENERGIA,CH316,A,1460.97,1365.4,4
2026-04-15,2026-04-13,PED0000213,CLI_0009,MENDOZA,ASESOR_5,ENERGIA,CH430,A,1423.76,1186.4,6
2026-04-15,2026-04-13,PED0000213,CLI_0009,MENDOZA,ASESOR_5,ENERGIA,PERFILES,A,1688.02,1645.5,4
2026-04-16,2026-04-13,PED0000214,CLI_0009,CAPITAL,ASESOR_6,AUTOPARTES,CH304,B,3000.71,4786.6,2
2026-04-14,2026-04-13,PED0000215,CLI_0007,ROSARIO,ASESOR_6,ENERGIA,CH316,C,1653.0,2076.3,5
2026-04-14,2026-04-13,PED0000215,CLI_0007,ROSARIO,ASESOR_6,ENERGIA,BULONERIA,C,1125.65,1385.7,3
2026-04-13,2026-04-13,PED0000216,CLI_0025,CORDOBA,ASESOR_3,ENERGIA,CAÑOS Y TUBOS,B,1793.52,2858.8,6
2026-04-14,2026-04-13,PED0000217,CLI_0016,ROSARIO,ASESOR_6,AUTOPARTES,BULONERIA,B,1257.34,1586.7,3
2026-04-14,2026-04-13,PED0000217,CLI_0016,ROSARIO,ASESOR_6,AUTOPARTES,CAÑOS Y TUBOS,B,2553.38,2809.1,1
2026-04-16,2026-04-13,PED0000218,CLI_0036,CAPITAL,ASESOR_4,ENERGIA,CH430,C,1066.01,1575.3,1
2026-04-16,2026-04-13,PED0000218,CLI_0036,CAPITAL,ASESOR_4,ENERGIA,PERFILES,C,1813.75,2116.2,6
2026-04-16,2026-04-13,PED0000218,CLI_0036,CAPITAL,ASESOR_4,ENERGIA,CH304,C,3400.3,5032.7,5
2026-04-15,2026-04-13,PED0000219,CLI_0023,MENDOZA,ASESOR_2,METALMECANICA,CH430,C,1126.54,1422.1,5
2026-04-13,2026-04-13,PED0000220,CLI_0045,MENDOZA,ASESOR_3,CONSTRUCCION,CH316,A,1401.61,1122.0,4
2026-04-14,2026-04-13,PED0000221,CLI_0031,ROSARIO,ASESOR_6,AUTOPARTES,CH430,C,1064.24,1168.0,6
2026-04-14,2026-04-13,PED0000221,CLI_0031,ROSARIO,ASESOR_6,AUTOPARTES,CH304,C,925.2,1033.5,3
2026-04-14,2026-04-13,PED0000221,CLI_0031,ROSARIO,ASESOR_6,AUTOPARTES,BULONERIA,C,1406.82,1975.4,4
2026-04-13,2026-04-13,PED0000222,CLI_0040,CAPITAL,ASESOR_6,CONSTRUCCION,CH316,A,3212.94,3714.3,1
2026-04-13,2026-04-13,PED0000223,CLI_0044,CORDOBA,ASESOR_1,METALMECANICA,CH304,C,1568.23,1383.1,3
2026-04-14,2026-04-13,PED0000224,CLI_0030,CORDOBA,ASESOR_3,AUTOPARTES,PERFILES,B,2168.43,2862.4,4
2026-04-16,2026-04-13,PED0000225,CLI_0014,CORDOBA,ASESOR_6,AUTOPARTES,CAÑOS Y TUBOS,C,1176.53,1035.8,1
2026-04-16,2026-04-13,PED0000225,CLI_0014,CORDOBA,ASESOR_6,AUTOPARTES,CH316,C,1131.5,1252.8,4
2026-04-14,2026-04-13,PED0000226,CLI_0029,CORDOBA,ASESOR_2,AUTOPARTES,PERFILES,B,2565.82,3984.8,1
2026-04-14,2026-04-13,PED0000226,CLI_0029,CORDOBA,ASESOR_2,AUTOPARTES,BULONERIA,B,2560.38,3396.9,3
2026-04-15,2026-04-13,PED0000227,CLI_0006,ROSARIO,ASESOR_5,ENERGIA,CH316,B,1352.18,1342.5,6
2026-04-15,2026-04-13,PED0000227,CLI_0006,ROSARIO,ASESOR_5,ENERGIA,CAÑOS Y TUBOS,B,2512.72,3072.1,1
2026-04-15,2026-04-13,PED0000228,CLI_0034,CORDOBA,ASESOR_3,AUTOPARTES,CH316,B,1225.27,1915.8,1
2026-04-13,2026-04-13,PED0000229,CLI_0036,CAPITAL,ASESOR_5,CONSTRUCCION,CAÑOS Y TUBOS,A,2005.11,2407.8,4
2026-04-13,2026-04-13,PED0000229,CLI_0036,CAPITAL,ASESOR_5,CONSTRUCCION,PERFILES,A,1563.87,1754.4,6
2026-04-13,2026-04-13,PED0000229,CLI_0036,CAPITAL,ASESOR_5,CONSTRUCCION,CH430,A,916.45,1184.8,3
2026-04-14,2026-04-13,PED0000230,CLI_0031,CAPITAL,ASESOR_3,CONSTRUCCION,CAÑOS Y TUBOS,B,1965.42,2772.4,6
2026-04-13,2026-04-13,PED0000231,CLI_0030,CAPITAL,ASESOR_3,METALMECANICA,CAÑOS Y TUBOS,C,1522.26,1963.5,1
2026-04-13,2026-04-13,PED0000232,CLI_0026,CORDOBA,ASESOR_6,AUTOPARTES,CH430,A,1315.96,1877.1,6
2026-04-13,2026-04-13,PED0000233,CLI_0036,CORDOBA,ASESOR_2,AGRO,CH304,A,1621.9,1650.4,1
2026-04-13,2026-04-13,PED0000233,CLI_0036,CORDOBA,ASESOR_2,AGRO,CH430,A,1146.8,1812.0,6
2026-04-16,2026-04-13,PED0000234,CLI_0003,CAPITAL,ASESOR_4,METALMECANICA,CH316,B,2792.39,2463.8,5
2026-04-16,2026-04-13,PED0000234,CLI_0003,CAPITAL,ASESOR_4,METALMECANICA,CH430,B,978.35,873.0,6
2026-04-16,2026-04-13,PED0000234,CLI_0003,CAPITAL,ASESOR_4,METALMECANICA,BULONERIA,B,1787.85,1493.3,1
2026-04-14,2026-04-13,PED0000235,CLI_0038,ROSARIO,ASESOR_1,METALMECANICA,CH304,B,957.97,956.6,6
2026-04-14,2026-04-13,PED0000235,CLI_0038,ROSARIO,ASESOR_1,METALMECANICA,PERFILES,B,1949.15,2847.3,5
2026-04-14,2026-04-13,PED0000235,CLI_0038,ROSARIO,ASESOR_1,METALMECANICA,CAÑOS Y TUBOS,B,2247.37,2700.5,1
2026-04-13,2026-04-13,PED0000236,CLI_0007,ROSARIO,ASESOR_2,ENERGIA,CH430,C,964.52,1124.1,3
2026-04-13,2026-04-13,PED0000236,CLI_0007,ROSARIO,ASESOR_2,ENERGIA,BULONERIA,C,1074.82,1344.7,3
2026-04-13,2026-04-13,PED0000236,CLI_0007,ROSARIO,ASESOR_2,ENERGIA,PERFILES,C,2398.59,2384.4,3
2026-04-14,2026-04-13,PED0000237,CLI_0023,MENDOZA,ASESOR_2,ENERGIA,CAÑOS Y TUBOS,C,1128.46,1391.7,6
2026-04-15,2026-04-13,PED0000238,CLI_0019,CAPITAL,ASESOR_3,CONSTRUCCION,PERFILES,C,2018.77,2293.0,1
2026-04-17,2026-04-13,PED0000239,CLI_0019,ROSARIO,ASESOR_6,AGRO,CH430,A,1190.74,1665.0,5
2026-04-13,2026-04-13,PED0000240,CLI_0040,CAPITAL,ASESOR_5,AUTOPARTES,CH304,C,3346.38,3027.0,3
2026-04-13,2026-04-13,PED0000240,CLI_0040,CAPITAL,ASESOR_5,AUTOPARTES,CAÑOS Y TUBOS,C,1658.85,1745.1,4
2026-04-14,2026-04-13,PED0000241,CLI_0030,CORDOBA,ASESOR_3,METALMECANICA,PERFILES,B,2312.9,2045.8,4
2026-04-14,2026-04-13,PED0000242,CLI_0041,MENDOZA,ASESOR_3,METALMECANICA,CAÑOS Y TUBOS,A,1306.99,1171.0,2
2026-04-14,2026-04-13,PED0000243,CLI_0043,CORDOBA,ASESOR_6,ENERGIA,CH316,A,1336.64,1493.0,1
2026-04-16,2026-04-13,PED0000244,CLI_0030,CORDOBA,ASESOR_3,AUTOPARTES,PERFILES,A,2292.42,2020.8,2
2026-04-16,2026-04-13,PED0000244,CLI_0030,CORDOBA,ASESOR_3,AUTOPARTES,CH316,A,878.02,745.7,2
2026-04-17,2026-04-13,PED0000245,CLI_0037,ROSARIO,ASESOR_2,METALMECANICA,CH304,B,1387.17,1329.2,6
2026-04-17,2026-04-13,PED0000245,CLI_0037,ROSARIO,ASESOR_2,METALMECANICA,BULONERIA,B,1228.25,1109.1,3
2026-04-16,2026-04-13,PED0000246,CLI_0030,CAPITAL,ASESOR_1,METALMECANICA,CAÑOS Y TUBOS,A,2056.59,1929.6,2
2026-04-13,2026-04-13,PED0000247,CLI_0005,ROSARIO,ASESOR_3,AGRO,PERFILES,B,2299.74,2757.6,5
2026-04-13,2026-04-13,PED0000247,CLI_0005,ROSARIO,ASESOR_3,AGRO,CH316,B,1418.97,1234.8,4
2026-04-14,2026-04-13,PED0000248,CLI_0035,ROSARIO,ASESOR_4,AUTOPARTES,PERFILES,C,2666.15,3800.7,3
2026-04-14,2026-04-13,PED0000248,CLI_0035,ROSARIO,ASESOR_4,AUTOPARTES,CH304,C,1099.71,1567.3,3
2026-04-17,2026-04-13,PED0000249,CLI_0037,CORDOBA,ASESOR_4,AGRO,CH430,A,1013.86,1615.3,5
2026-04-14,2026-04-13,PED0000250,CLI_0013,CORDOBA,ASESOR_5,AUTOPARTES,CH430,C,1506.74,2311.1,1
2026-04-14,2026-04-13,PED0000250,CLI_0013,CORDOBA,ASESOR_5,AUTOPARTES,PERFILES,C,3254.57,5071.4,5
2026-04-15,2026-04-13,PED0000251,CLI_0039,MENDOZA,ASESOR_3,AUTOPARTES,CH304,A,2857.41,2716.2,4
2026-04-15,2026-04-13,PED0000251,CLI_0039,MENDOZA,ASESOR_3,AUTOPARTES,CH430,A,1251.82,1177.3,1
2026-04-15,2026-04-13,PED0000251,CLI_0039,MENDOZA,ASESOR_3,AUTOPARTES,CH316,A,1148.17,1132.2,2
2026-04-14,2026-04-13,PED0000252,CLI_0027,CAPITAL,ASESOR_5,METALMECANICA,CH316,A,3848.28,5677.9,3
2026-04-13,2026-04-13,PED0000253,CLI_0036,CAPITAL,ASESOR_1,AUTOPARTES,CH430,C,843.12,1309.8,4
2026-04-13,2026-04-13,PED0000253,CLI_0036,CAPITAL,ASESOR_1,AUTOPARTES,CH304,C,3228.11,3451.7,3
2026-04-15,2026-04-13,PED0000254,CLI_0036,ROSARIO,ASESOR_2,METALMECANICA,PERFILES,C,2349.3,3625.2,3
2026-04-15,2026-04-13,PED0000255,CLI_0007,ROSARIO,ASESOR_6,ENERGIA,CH430,C,1020.05,817.5,6
2026-04-15,2026-04-13,PED0000255,CLI_0007,ROSARIO,ASESOR_6,ENERGIA,CH316,C,1755.72,1954.6,5
2026-04-17,2026-04-13,PED0000256,CLI_0010,CAPITAL,ASESOR_2,ENERGIA,CAÑOS Y TUBOS,B,1545.49,2157.9,2
2026-04-15,2026-04-13,PED0000257,CLI_0013,CORDOBA,ASESOR_3,AUTOPARTES,CH430,C,1112.15,1506.5,3
2026-04-16,2026-04-13,PED0000258,CLI_0010,CORDOBA,ASESOR_1,CONSTRUCCION,CAÑOS Y TUBOS,A,1372.69,1510.3,4
2026-04-16,2026-04-13,PED0000258,CLI_0010,CORDOBA,ASESOR_1,CONSTRUCCION,BULONERIA,A,2495.86,3150.9,6
2026-04-16,2026-04-13,PED0000258,CLI_0010,CORDOBA,ASESOR_1,CONSTRUCCION,PERFILES,A,2480.53,2880.0,1
2026-04-13,2026-04-13,PED0000259,CLI_0012,CORDOBA,ASESOR_1,AGRO,CAÑOS Y TUBOS,B,1231.56,1059.1,1
2026-04-16,2026-04-13,PED0000260,CLI_0001,CORDOBA,ASESOR_5,ENERGIA,CH316,C,897.32,790.5,2
2026-04-16,2026-04-13,PED0000260,CLI_0001,CORDOBA,ASESOR_5,ENERGIA,PERFILES,C,3556.95,4010.2,5
2026-04-16,2026-04-13,PED0000260,CLI_0001,CORDOBA,ASESOR_5,ENERGIA,CAÑOS Y TUBOS,C,1647.64,2280.3,3
2026-04-17,2026-04-13,PED0000261,CLI_0030,CORDOBA,ASESOR_3,AUTOPARTES,CAÑOS Y TUBOS,A,1226.14,1334.9,4
2026-04-13,2026-04-13,PED0000262,CLI_0008,CAPITAL,ASESOR_3,ENERGIA,BULONERIA,B,1594.71,1380.3,1
2026-04-13,2026-04-13,PED0000263,CLI_0033,CORDOBA,ASESOR_4,METALMECANICA,CAÑOS Y TUBOS,B,1387.36,1533.3,2
2026-04-13,2026-04-13,PED0000263,CLI_0033,CORDOBA,ASESOR_4,METALMECANICA,CH316,B,1053.64,1064.8,4
2026-04-13,2026-04-13,PED0000264,CLI_0006,CORDOBA,ASESOR_2,AGRO,CH430,C,1501.47,1698.4,5
2026-04-16,2026-04-13,PED0000265,CLI_0014,ROSARIO,ASESOR_5,CONSTRUCCION,BULONERIA,C,1249.0,1078.1,6
2026-04-16,2026-04-13,PED0000265,CLI_0014,ROSARIO,ASESOR_5,CONSTRUCCION,CAÑOS Y TUBOS,C,1841.67,2314.9,5
2026-04-16,2026-04-13,PED0000265,CLI_0014,ROSARIO,ASESOR_5,CONSTRUCCION,CH316,C,1649.42,2213.6,5
2026-04-14,2026-04-13,PED0000266,CLI_0019,ROSARIO,ASESOR_1,METALMECANICA,CH316,A,1379.06,2193.6,4
2026-04-14,2026-04-13,PED0000266,CLI_0019,ROSARIO,ASESOR_1,METALMECANICA,CH304,A,945.42,1378.5,2
2026-04-16,2026-04-13,PED0000267,CLI_0011,CORDOBA,ASESOR_3,CONSTRUCCION,CH430,A,1273.78,1909.1,6
2026-04-16,2026-04-13,PED0000267,CLI_0011,CORDOBA,ASESOR_3,CONSTRUCCION,PERFILES,A,3051.9,3717.4,4
2026-04-13,2026-04-13,PED0000268,CLI_0015,CAPITAL,ASESOR_4,AUTOPARTES,CH304,A,3663.67,5510.6,4
2026-04-13,2026-04-13,PED0000268,CLI_0015,CAPITAL,ASESOR_4,AUTOPARTES,CH430,A,793.86,1050.9,5
2026-04-17,2026-04-13,PED0000269,CLI_0031,MENDOZA,ASESOR_1,AUTOPARTES,BULONERIA,B,1670.35,2525.0,3
2026-04-17,2026-04-13,PED0000269,CLI_0031,MENDOZA,ASESOR_1,AUTOPARTES,CAÑOS Y TUBOS,B,1622.08,1361.6,4
2026-04-15,2026-04-13,PED0000270,CLI_0042,CORDOBA,ASESOR_3,CONSTRUCCION,CAÑOS Y TUBOS,B,1748.63,2356.9,2
2026-04-15,2026-04-13,PED0000271,CLI_0034,ROSARIO,ASESOR_3,METALMECANICA,PERFILES,C,1807.78,1751.9,4
2026-04-15,2026-04-13,PED0000271,CLI_0034,ROSARIO,ASESOR_3,METALMECANICA,CH304,C,1244.84,1752.2,3
2026-04-16,2026-04-13,PED0000272,CLI_0022,CAPITAL,ASESOR_5,AUTOPARTES,PERFILES,A,1934.4,1592.3,2
2026-04-15,2026-04-13,PED0000273,CLI_0032,ROSARIO,ASESOR_1,AUTOPARTES,CH430,A,1412.69,1701.0,6
2026-04-15,2026-04-13,PED0000273,CLI_0032,ROSARIO,ASESOR_1,AUTOPARTES,BULONERIA,A,1531.38,2059.6,2
2026-04-17,2026-04-13,PED0000274,CLI_0024,CORDOBA,ASESOR_4,ENERGIA,CH430,B,1520.64,1531.2,6
2026-04-17,2026-04-13,PED0000274,CLI_0024,CORDOBA,ASESOR_4,ENERGIA,CH316,B,861.2,707.9,1
2026-04-14,2026-04-13,PED0000275,CLI_0030,ROSARIO,ASESOR_5,AUTOPARTES,CAÑOS Y TUBOS,C,2415.94,3603.9,6
2026-04-14,2026-04-13,PED0000276,CLI_0034,CAPITAL,ASESOR_4,AUTOPARTES,CH430,C,995.73,1361.7,3
2026-04-16,2026-04-13,PED0000277,CLI_0033,MENDOZA,ASESOR_4,AGRO,PERFILES,B,2020.99,2258.9,1
2026-04-15,2026-04-13,PED0000278,CLI_0013,CAPITAL,ASESOR_5,AGRO,CAÑOS Y TUBOS,C,1729.78,1766.4,3
2026-04-15,2026-04-13,PED0000278,CLI_0013,CAPITAL,ASESOR_5,AGRO,CH304,C,3654.41,3687.0,6
2026-04-13,2026-04-13,PED0000279,CLI_0031,CORDOBA,ASESOR_2,AUTOPARTES,PERFILES,B,3105.76,4176.0,6
2026-04-13,2026-04-13,PED0000279,CLI_0031,CORDOBA,ASESOR_2,AUTOPARTES,CAÑOS Y TUBOS,B,1131.13,1355.0,3
2026-04-17,2026-04-13,PED0000280,CLI_0029,CORDOBA,ASESOR_4,METALMECANICA,PERFILES,B,2649.55,3631.7,6
2026-04-17,2026-04-13,PED0000280,CLI_0029,CORDOBA,ASESOR_4,METALMECANICA,CH316,B,1101.75,1573.2,6
2026-04-14,2026-04-13,PED0000281,CLI_0012,CORDOBA,ASESOR_5,AGRO,CAÑOS Y TUBOS,C,1207.12,1215.5,5
2026-04-15,2026-04-13,PED0000282,CLI_0039,ROSARIO,ASESOR_6,AGRO,CH430,C,1167.65,1762.5,3
2026-04-16,2026-04-13,PED0000283,CLI_0012,CORDOBA,ASESOR_5,AGRO,BULONERIA,B,2272.14,3534.2,1
2026-04-17,2026-04-13,PED0000284,CLI_0014,MENDOZA,ASESOR_2,ENERGIA,CH304,A,3283.63,3023.0,2
2026-04-14,2026-04-13,PED0000285,CLI_0008,CORDOBA,ASESOR_4,ENERGIA,BULONERIA,C,1832.43,1584.4,3
2026-04-14,2026-04-13,PED0000286,CLI_0015,ROSARIO,ASESOR_3,CONSTRUCCION,CH316,A,1623.63,1934.8,1
2026-04-14,2026-04-13,PED0000286,CLI_0015,ROSARIO,ASESOR_3,CONSTRUCCION,PERFILES,A,1745.09,2001.6,4
2026-04-17,2026-04-13,PED0000287,CLI_0000,MENDOZA,ASESOR_4,METALMECANICA,CH430,B,1501.89,2273.3,5
2026-04-14,2026-04-13,PED0000288,CLI_0009,ROSARIO,ASESOR_1,CONSTRUCCION,CH430,C,990.39,1096.2,5
2026-04-14,2026-04-13,PED0000288,CLI_0009,ROSARIO,ASESOR_1,CONSTRUCCION,BULONERIA,C,1141.46,972.8,1
2026-04-15,2026-04-13,PED0000289,CLI_0045,CORDOBA,ASESOR_3,METALMECANICA,BULONERIA,C,2721.31,2923.2,4
2026-04-13,2026-04-13,PED0000290,CLI_0018,CORDOBA,ASESOR_2,AUTOPARTES,BULONERIA,C,2709.76,2625.6,1
2026-04-16,2026-04-13,PED0000291,CLI_0036,ROSARIO,ASESOR_1,AGRO,CH430,C,1273.11,1067.3,1
2026-04-16,2026-04-13,PED0000291,CLI_0036,ROSARIO,ASESOR_1,AGRO,PERFILES,C,2306.47,1881.6,6
2026-04-16,2026-04-13,PED0000291,CLI_0036,ROSARIO,ASESOR_1,AGRO,CH304,C,897.57,1037.1,1
2026-04-15,2026-04-13,PED0000292,CLI_0028,CORDOBA,ASESOR_4,AUTOPARTES,CH304,B,1520.23,1544.5,5
2026-04-15,2026-04-13,PED0000293,CLI_0039,ROSARIO,ASESOR_4,CONSTRUCCION,CH304,B,1109.74,1428.5,3
2026-04-17,2026-04-13,PED0000294,CLI_0036,ROSARIO,ASESOR_3,METALMECANICA,CH316,B,1568.94,1858.5,2
2026-04-14,2026-04-13,PED0000295,CLI_0020,CAPITAL,ASESOR_1,CONSTRUCCION,PERFILES,C,1955.09,2571.9,4
2026-04-14,2026-04-13,PED0000295,CLI_0020,CAPITAL,ASESOR_1,CONSTRUCCION,CH304,C,3851.21,3993.0,4
2026-04-14,2026-04-13,PED0000295,CLI_0020,CAPITAL,ASESOR_1,CONSTRUCCION,BULONERIA,C,1379.57,2001.1,1
2026-04-13,2026-04-13,PED0000296,CLI_0012,CORDOBA,ASESOR_3,AGRO,CH304,B,1520.84,1424.1,3
2026-04-13,2026-04-13,PED0000296,CLI_0012,CORDOBA,ASESOR_3,AGRO,BULONERIA,B,2611.23,4084.2,3
2026-04-13,2026-04-13,PED0000296,CLI_0012,CORDOBA,ASESOR_3,AGRO,CH316,B,1287.94,1126.1,3
2026-04-15,2026-04-13,PED0000297,CLI_0043,ROSARIO,ASESOR_1,METALMECANICA,BULONERIA,B,1453.54,1917.3,2
2026-04-15,2026-04-13,PED0000297,CLI_0043,ROSARIO,ASESOR_1,METALMECANICA,CAÑOS Y TUBOS,B,1935.67,2626.6,1
2026-04-17,2026-04-13,PED0000298,CLI_0036,ROSARIO,ASESOR_1,METALMECANICA,CH316,C,1347.78,1464.9,1
2026-04-17,2026-04-13,PED0000298,CLI_0036,ROSARIO,ASESOR_1,METALMECANICA,PERFILES,C,2530.32,3805.5,6
2026-04-16,2026-04-13,PED0000299,CLI_0023,ROSARIO,ASESOR_4,METALMECANICA,CH430,A,1310.22,1061.1,6
2026-04-16,2026-04-13,PED0000300,CLI_0004,ROSARIO,ASESOR_6,AGRO,CH316,B,1323.4,1774.7,4
2026-04-16,2026-04-13,PED0000300,CLI_0004,ROSARIO,ASESOR_6,AGRO,CAÑOS Y TUBOS,B,1978.39,2890.7,5
2026-04-16,2026-04-13,PED0000301,CLI_0016,CAPITAL,ASESOR_1,AUTOPARTES,CH304,B,2694.03,4246.1,1
2026-04-16,2026-04-13,PED0000301,CLI_0016,CAPITAL,ASESOR_1,AUTOPARTES,CAÑOS Y TUBOS,B,1890.53,2345.0,4
2026-04-16,2026-04-13,PED0000301,CLI_0016,CAPITAL,ASESOR_1,AUTOPARTES,CH430,B,856.47,846.2,4
2026-04-16,2026-04-13,PED0000302,CLI_0043,MENDOZA,ASESOR_5,METALMECANICA,CAÑOS Y TUBOS,A,1662.6,1353.7,4
2026-04-17,2026-04-13,PED0000303,CLI_0028,MENDOZA,ASESOR_1,ENERGIA,BULONERIA,B,2338.81,2724.6,3
2026-04-17,2026-04-13,PED0000303,CLI_0028,MENDOZA,ASESOR_1,ENERGIA,CH430,B,1142.23,963.4,2
2026-04-17,2026-04-13,PED0000303,CLI_0028,MENDOZA,ASESOR_1,ENERGIA,CH316,B,1692.6,1803.6,5
2026-04-13,2026-04-13,PED0000304,CLI_0015,MENDOZA,ASESOR_6,AGRO,CH316,C,1329.46,1946.2,3
2026-04-13,2026-04-13,PED0000304,CLI_0015,MENDOZA,ASESOR_6,AGRO,CH304,C,2836.05,3117.1,1
2026-04-13,2026-04-13,PED0000305,CLI_0030,CAPITAL,ASESOR_2,METALMECANICA,CH316,A,2684.88,4145.9,4
2026-04-16,2026-04-13,PED0000306,CLI_0028,ROSARIO,ASESOR_4,AUTOPARTES,BULONERIA,C,1477.28,1877.7,4
2026-04-16,2026-04-13,PED0000307,CLI_0022,MENDOZA,ASESOR_6,ENERGIA,BULONERIA,C,1680.97,2602.6,5
2026-04-14,2026-04-13,PED0000308,CLI_0016,MENDOZA,ASESOR_5,AUTOPARTES,BULONERIA,C,2280.14,3434.3,5
2026-04-15,2026-04-13,PED0000309,CLI_0023,MENDOZA,ASESOR_4,ENERGIA,CH430,C,1514.41,1760.2,2
2026-04-15,2026-04-13,PED0000310,CLI_0009,ROSARIO,ASESOR_4,ENERGIA,PERFILES,C,2368.92,3668.1,6
2026-04-15,2026-04-13,PED0000310,CLI_0009,ROSARIO,ASESOR_4,ENERGIA,CH430,C,1044.14,1010.5,6
2026-04-14,2026-04-13,PED0000311,CLI_0006,CORDOBA,ASESOR_6,AGRO,BULONERIA,C,2330.26,3188.5,3
2026-04-17,2026-04-13,PED0000312,CLI_0026,MENDOZA,ASESOR_5,ENERGIA,CAÑOS Y TUBOS,C,1709.3,2082.2,1
2026-04-15,2026-04-13,PED0000313,CLI_0013,MENDOZA,ASESOR_2,CONSTRUCCION,CH316,C,1576.41,1445.8,1
2026-04-15,2026-04-13,PED0000313,CLI_0013,MENDOZA,ASESOR_2,CONSTRUCCION,CH430,C,1342.83,1391.3,5
2026-04-14,2026-04-13,PED0000314,CLI_0032,CAPITAL,ASESOR_3,METALMECANICA,PERFILES,A,1412.67,2016.5,6
2026-04-14,2026-04-13,PED0000314,CLI_0032,CAPITAL,ASESOR_3,METALMECANICA,CAÑOS Y TUBOS,A,1683.96,2242.3,4
2026-04-13,2026-04-13,PED0000315,CLI_0014,MENDOZA,ASESOR_4,AGRO,CH316,C,1710.31,2545.5,4
2026-04-13,2026-04-13,PED0000315,CLI_0014,MENDOZA,ASESOR_4,AGRO,PERFILES,C,2025.92,3098.0,6
2026-04-14,2026-04-13,PED0000316,CLI_0004,CORDOBA,ASESOR_5,ENERGIA,CH316,C,1344.79,1155.9,2
2026-04-15,2026-04-13,PED0000317,CLI_0036,CAPITAL,ASESOR_4,CONSTRUCCION,PERFILES,B,1907.31,1534.5,4
2026-04-17,2026-04-13,PED0000318,CLI_0027,ROSARIO,ASESOR_1,AUTOPARTES,CH430,C,1392.26,1726.6,1
2026-04-17,2026-04-13,PED0000318,CLI_0027,ROSARIO,ASESOR_1,AUTOPARTES,CAÑOS Y TUBOS,C,2740.84,2889.6,2
2026-04-16,2026-04-13,PED0000319,CLI_0008,ROSARIO,ASESOR_5,CONSTRUCCION,CAÑOS Y TUBOS,C,1910.33,1866.3,2
2026-04-16,2026-04-13,PED0000320,CLI_0019,CORDOBA,ASESOR_3,AGRO,BULONERIA,B,2365.23,2735.5,6
2026-04-16,2026-04-13,PED0000320,CLI_0019,CORDOBA,ASESOR_3,AGRO,CH304,B,1485.93,1927.1,1
2026-04-16,2026-04-13,PED0000320,CLI_0019,CORDOBA,ASESOR_3,AGRO,PERFILES,B,3137.42,3315.5,1
2026-04-17,2026-04-13,PED0000321,CLI_0020,MENDOZA,ASESOR_3,ENERGIA,CH430,C,1411.63,1632.5,1
2026-04-17,2026-04-13,PED0000321,CLI_0020,MENDOZA,ASESOR_3,ENERGIA,PERFILES,C,1562.0,2063.7,3
2026-04-17,2026-04-13,PED0000322,CLI_0042,CAPITAL,ASESOR_1,AUTOPARTES,CH304,C,2647.43,3451.2,2
2026-04-13,2026-04-13,PED0000323,CLI_0035,MENDOZA,ASESOR_1,AUTOPARTES,CH316,B,1414.56,1507.0,1
2026-04-13,2026-04-13,PED0000323,CLI_0035,MENDOZA,ASESOR_1,AUTOPARTES,CH304,B,2178.95,2053.4,3
2026-04-16,2026-04-13,PED0000324,CLI_0040,CAPITAL,ASESOR_5,AUTOPARTES,CAÑOS Y TUBOS,C,1820.91,1481.3,6
2026-04-17,2026-04-13,PED0000325,CLI_0014,CAPITAL,ASESOR_5,CONSTRUCCION,CH304,C,2874.79,3456.3,3
2026-04-16,2026-04-13,PED0000326,CLI_0045,CORDOBA,ASESOR_5,CONSTRUCCION,BULONERIA,B,1669.36,1544.3,2
2026-04-15,2026-04-13,PED0000327,CLI_0037,ROSARIO,ASESOR_6,METALMECANICA,CH316,C,1761.95,1425.3,5
2026-04-15,2026-04-13,PED0000327,CLI_0037,ROSARIO,ASESOR_6,METALMECANICA,CH430,C,997.96,831.7,5
2026-04-15,2026-04-13,PED0000327,CLI_0037,ROSARIO,ASESOR_6,METALMECANICA,PERFILES,C,2245.52,2761.4,1
2026-04-14,2026-04-13,PED0000328,CLI_0019,CORDOBA,ASESOR_2,AGRO,CH316,B,1146.29,1148.8,1
2026-04-16,2026-04-13,PED0000329,CLI_0009,ROSARIO,ASESOR_6,ENERGIA,CH304,C,1206.37,1207.0,2
2026-04-16,2026-04-13,PED0000329,CLI_0009,ROSARIO,ASESOR_6,ENERGIA,CH430,C,1353.16,1609.9,3
2026-04-14,2026-04-13,PED0000330,CLI_0025,CORDOBA,ASESOR_2,AUTOPARTES,CAÑOS Y TUBOS,A,1355.72,1799.8,6
2026-04-16,2026-04-13,PED0000331,CLI_0005,ROSARIO,ASESOR_5,ENERGIA,CH430,B,1061.67,1037.5,6
2026-04-16,2026-04-13,PED0000332,CLI_0008,MENDOZA,ASESOR_3,AGRO,CH430,A,1394.43,1658.8,1
2026-04-14,2026-04-13,PED0000333,CLI_0025,ROSARIO,ASESOR_6,ENERGIA,CH316,A,1597.06,2417.5,5
2026-04-14,2026-04-13,PED0000333,CLI_0025,ROSARIO,ASESOR_6,ENERGIA,CH430,A,1296.03,1879.4,5
2026-04-14,2026-04-13,PED0000333,CLI_0025,ROSARIO,ASESOR_6,ENERGIA,CH304,A,1058.3,1346.2,1
2026-04-15,2026-04-13,PED0000334,CLI_0019,CORDOBA,ASESOR_5,ENERGIA,PERFILES,B,3210.26,3315.6,4
2026-04-17,2026-04-13,PED0000335,CLI_0004,CAPITAL,ASESOR_4,AGRO,PERFILES,B,1582.28,1492.6,5
2026-04-17,2026-04-13,PED0000335,CLI_0004,CAPITAL,ASESOR_4,AGRO,CH316,B,3435.63,5408.3,6
2026-04-14,2026-04-13,PED0000336,CLI_0024,MENDOZA,ASESOR_3,CONSTRUCCION,CH430,B,1062.95,1418.9,5
2026-04-13,2026-04-13,PED0000337,CLI_0037,CORDOBA,ASESOR_4,METALMECANICA,CH430,C,1518.83,1535.0,5
2026-04-13,2026-04-13,PED0000337,CLI_0037,CORDOBA,ASESOR_4,METALMECANICA,CH304,C,1455.32,1602.8,4
2026-04-13,2026-04-13,PED0000337,CLI_0037,CORDOBA,ASESOR_4,METALMECANICA,BULONERIA,C,2034.11,2690.4,1
2026-04-15,2026-04-13,PED0000338,CLI_0033,CORDOBA,ASESOR_4,AUTOPARTES,CAÑOS Y TUBOS,B,1770.09,1425.4,2
2026-04-14,2026-04-13,PED0000339,CLI_0038,MENDOZA,ASESOR_2,AUTOPARTES,CH316,A,1344.52,1847.2,1
2026-04-16,2026-04-13,PED0000340,CLI_0043,ROSARIO,ASESOR_4,AGRO,PERFILES,C,1779.19,2609.5,1
2026-04-14,2026-04-13,PED0000341,CLI_0029,ROSARIO,ASESOR_1,AUTOPARTES,CH304,C,914.83,853.6,2
2026-04-14,2026-04-13,PED0000341,CLI_0029,ROSARIO,ASESOR_1,AUTOPARTES,PERFILES,C,2159.82,2428.4,5
2026-04-16,2026-04-13,PED0000342,CLI_0012,CAPITAL,ASESOR_6,AGRO,CAÑOS Y TUBOS,C,1573.67,2304.3,5
2026-04-16,2026-04-13,PED0000342,CLI_0012,CAPITAL,ASESOR_6,AGRO,BULONERIA,C,1462.01,1851.1,2
2026-04-14,2026-04-13,PED0000343,CLI_0005,CORDOBA,ASESOR_2,AGRO,CH316,C,871.04,837.8,5
2026-04-17,2026-04-13,PED0000344,CLI_0015,MENDOZA,ASESOR_2,ENERGIA,PERFILES,A,1958.45,1712.8,6
2026-04-17,2026-04-13,PED0000344,CLI_0015,MENDOZA,ASESOR_2,ENERGIA,BULONERIA,A,1769.72,2270.2,1
2026-04-17,2026-04-13,PED0000345,CLI_0000,MENDOZA,ASESOR_5,METALMECANICA,CAÑOS Y TUBOS,B,1695.42,1873.4,5
2026-04-13,2026-04-13,PED0000346,CLI_0012,CAPITAL,ASESOR_4,AUTOPARTES,PERFILES,B,1551.73,1476.0,6
2026-04-16,2026-04-13,PED0000347,CLI_0003,CAPITAL,ASESOR_5,ENERGIA,BULONERIA,A,1698.87,1504.0,4
2026-04-16,2026-04-13,PED0000347,CLI_0003,CAPITAL,ASESOR_5,ENERGIA,CH430,A,968.21,971.0,5
2026-04-14,2026-04-13,PED0000348,CLI_0020,MENDOZA,ASESOR_5,AGRO,PERFILES,C,1723.76,1889.5,5
2026-04-14,2026-04-13,PED0000349,CLI_0020,MENDOZA,ASESOR_3,AGRO,BULONERIA,C,2113.03,2872.6,2
2026-04-14,2026-04-13,PED0000349,CLI_0020,MENDOZA,ASESOR_3,AGRO,CH304,C,2216.39,2674.5,3
2026-04-14,2026-04-13,PED0000349,CLI_0020,MENDOZA,ASESOR_3,AGRO,CH316,C,1661.22,2145.0,6
2026-04-13,2026-04-13,PED0000350,CLI_0027,CAPITAL,ASESOR_2,METALMECANICA,CAÑOS Y TUBOS,C,1823.13,1552.0,2
2026-04-13,2026-04-13,PED0000350,CLI_0027,CAPITAL,ASESOR_2,METALMECANICA,PERFILES,C,1520.99,1957.9,6
2026-04-17,2026-04-13,PED0000351,CLI_0024,MENDOZA,ASESOR_4,ENERGIA,CH316,C,1545.29,1778.9,2
2026-04-17,2026-04-13,PED0000352,CLI_0039,CORDOBA,ASESOR_2,CONSTRUCCION,PERFILES,C,3125.16,3399.5,6
2026-04-17,2026-04-13,PED0000352,CLI_0039,CORDOBA,ASESOR_2,CONSTRUCCION,CH316,C,812.41,752.3,3
2026-04-17,2026-04-13,PED0000353,CLI_0003,MENDOZA,ASESOR_3,METALMECANICA,BULONERIA,B,1702.73,1485.0,3
2026-04-16,2026-04-13,PED0000354,CLI_0014,CORDOBA,ASESOR_3,AGRO,PERFILES,B,2407.86,2901.5,5
2026-04-16,2026-04-13,PED0000354,CLI_0014,CORDOBA,ASESOR_3,AGRO,CH304,B,1105.39,1144.5,1
2026-04-16,2026-04-13,PED0000354,CLI_0014,CORDOBA,ASESOR_3,AGRO,CH430,B,1498.06,2345.0,5
2026-04-14,2026-04-13,PED0000355,CLI_0044,CORDOBA,ASESOR_6,METALMECANICA,CAÑOS Y TUBOS,C,1777.02,2647.1,4
2026-04-14,2026-04-13,PED0000355,CLI_0044,CORDOBA,ASESOR_6,METALMECANICA,BULONERIA,C,1762.54,1505.3,6
2026-04-15,2026-04-13,PED0000356,CLI_0033,ROSARIO,ASESOR_6,AUTOPARTES,CH304,C,1222.55,1235.6,3
2026-04-16,2026-04-13,PED0000357,CLI_0008,CAPITAL,ASESOR_4,AGRO,CH316,A,3809.36,3867.5,6
2026-04-15,2026-04-13,PED0000358,CLI_0014,ROSARIO,ASESOR_4,AUTOPARTES,CH316,B,1674.15,2459.4,3
2026-04-17,2026-04-13,PED0000359,CLI_0013,ROSARIO,ASESOR_1,CONSTRUCCION,PERFILES,C,2632.51,3891.9,3
2026-04-14,2026-04-13,PED0000360,CLI_0008,CORDOBA,ASESOR_4,ENERGIA,PERFILES,C,2475.51,3122.4,1
2026-04-14,2026-04-13,PED0000360,CLI_0008,CORDOBA,ASESOR_4,ENERGIA,CH430,C,1317.74,1500.3,5
2026-04-14,2026-04-13,PED0000360,CLI_0008,CORDOBA,ASESOR_4,ENERGIA,CAÑOS Y TUBOS,C,1136.4,1224.8,6
2026-04-15,2026-04-13,PED0000361,CLI_0013,ROSARIO,ASESOR_4,CONSTRUCCION,CH304,C,1044.02,919.4,3
2026-04-15,2026-04-13,PED0000361,CLI_0013,ROSARIO,ASESOR_4,CONSTRUCCION,CH316,C,1514.86,1526.6,5
2026-04-15,2026-04-13,PED0000362,CLI_0016,CORDOBA,ASESOR_2,AGRO,CAÑOS Y TUBOS,B,1268.36,1725.7,3
2026-04-17,2026-04-13,PED0000363,CLI_0013,CORDOBA,ASESOR_4,AGRO,CH304,B,1619.77,2015.4,4
2026-04-17,2026-04-13,PED0000363,CLI_0013,CORDOBA,ASESOR_4,AGRO,CH430,B,1103.29,1588.8,6
2026-04-14,2026-04-13,PED0000364,CLI_0018,ROSARIO,ASESOR_4,CONSTRUCCION,BULONERIA,A,1444.33,1502.1,5
2026-04-14,2026-04-13,PED0000364,CLI_0018,ROSARIO,ASESOR_4,CONSTRUCCION,PERFILES,A,2525.96,2117.2,1
2026-04-14,2026-04-13,PED0000364,CLI_0018,ROSARIO,ASESOR_4,CONSTRUCCION,CH430,A,1331.85,1129.4,3
2026-04-15,2026-04-13,PED0000365,CLI_0022,MENDOZA,ASESOR_6,CONSTRUCCION,PERFILES,B,1788.99,2590.5,3
2026-04-17,2026-04-13,PED0000366,CLI_0031,CAPITAL,ASESOR_4,CONSTRUCCION,BULONERIA,B,1490.34,2122.6,3
2026-04-17,2026-04-13,PED0000366,CLI_0031,CAPITAL,ASESOR_4,CONSTRUCCION,PERFILES,B,1483.8,1793.0,6
2026-04-14,2026-04-13,PED0000367,CLI_0023,MENDOZA,ASESOR_1,METALMECANICA,BULONERIA,C,2313.5,2908.8,1
2026-04-14,2026-04-13,PED0000367,CLI_0023,MENDOZA,ASESOR_1,METALMECANICA,CH430,C,968.0,1040.5,3
2026-04-14,2026-04-13,PED0000367,CLI_0023,MENDOZA,ASESOR_1,METALMECANICA,CAÑOS Y TUBOS,C,1345.4,1389.9,3
2026-04-17,2026-04-13,PED0000368,CLI_0021,MENDOZA,ASESOR_3,METALMECANICA,CAÑOS Y TUBOS,C,1417.31,1342.3,1
2026-04-14,2026-04-13,PED0000369,CLI_0028,ROSARIO,ASESOR_6,AUTOPARTES,CH304,C,886.33,1373.3,4
2026-04-13,2026-04-13,PED0000370,CLI_0004,CAPITAL,ASESOR_1,METALMECANICA,CH316,B,2520.64,3895.1,4
2026-04-14,2026-04-13,PED0000371,CLI_0019,CORDOBA,ASESOR_2,AUTOPARTES,CH316,C,827.72,1101.6,3
2026-04-16,2026-04-13,PED0000372,CLI_0028,MENDOZA,ASESOR_4,ENERGIA,BULONERIA,C,2213.65,2817.2,4
2026-04-16,2026-04-13,PED0000373,CLI_0032,MENDOZA,ASESOR_5,ENERGIA,CH304,B,2689.48,2938.6,3
2026-04-15,2026-04-13,PED0000374,CLI_0013,ROSARIO,ASESOR_3,CONSTRUCCION,PERFILES,A,1615.41,2484.0,4
2026-04-13,2026-04-13,PED0000375,CLI_0040,CORDOBA,ASESOR_1,METALMECANICA,CH316,C,1035.2,1292.4,4
2026-04-15,2026-04-13,PED0000376,CLI_0032,ROSARIO,ASESOR_2,METALMECANICA,BULONERIA,C,1099.4,1552.0,5
2026-04-14,2026-04-13,PED0000377,CLI_0007,CORDOBA,ASESOR_3,ENERGIA,CH316,C,872.01,1015.3,4
2026-04-14,2026-04-13,PED0000377,CLI_0007,CORDOBA,ASESOR_3,ENERGIA,BULONERIA,C,1932.51,2508.8,2
2026-04-14,2026-04-13,PED0000377,CLI_0007,CORDOBA,ASESOR_3,ENERGIA,CH430,C,1184.33,1091.6,5
2026-04-16,2026-04-13,PED0000378,CLI_0030,CAPITAL,ASESOR_2,CONSTRUCCION,CH316,B,2626.24,3138.0,3
2026-04-16,2026-04-13,PED0000378,CLI_0030,CAPITAL,ASESOR_2,CONSTRUCCION,CH304,B,2971.58,4245.1,4
2026-04-13,2026-04-13,PED0000379,CLI_0040,CORDOBA,ASESOR_4,CONSTRUCCION,CAÑOS Y TUBOS,B,1165.18,1370.4,2
2026-04-16,2026-04-13,PED0000380,CLI_0006,CORDOBA,ASESOR_4,CONSTRUCCION,CAÑOS Y TUBOS,A,1659.19,1371.8,4
2026-04-16,2026-04-13,PED0000380,CLI_0006,CORDOBA,ASESOR_4,CONSTRUCCION,CH316,A,1210.43,1059.3,6
2026-04-15,2026-04-13,PED0000381,CLI_0033,ROSARIO,ASESOR_4,METALMECANICA,BULONERIA,C,974.66,1510.7,5
2026-04-15,2026-04-13,PED0000382,CLI_0030,CAPITAL,ASESOR_3,METALMECANICA,BULONERIA,C,1545.01,1772.6,1
2026-04-15,2026-04-13,PED0000382,CLI_0030,CAPITAL,ASESOR_3,METALMECANICA,CH316,C,2652.77,2708.2,1
2026-04-15,2026-04-13,PED0000382,CLI_0030,CAPITAL,ASESOR_3,METALMECANICA,CH304,C,2933.76,2917.5,1
2026-04-14,2026-04-13,PED0000383,CLI_0009,MENDOZA,ASESOR_6,ENERGIA,CH304,A,3027.53,3241.7,6
2026-04-13,2026-04-13,PED0000384,CLI_0017,CAPITAL,ASESOR_1,AGRO,CH316,C,2890.43,3603.4,6
2026-04-15,2026-04-13,PED0000385,CLI_0030,CORDOBA,ASESOR_4,AUTOPARTES,CH430,A,1291.44,1485.2,3
2026-04-15,2026-04-13,PED0000385,CLI_0030,CORDOBA,ASESOR_4,AUTOPARTES,CH304,A,1436.04,1711.9,5
2026-04-15,2026-04-13,PED0000386,CLI_0010,ROSARIO,ASESOR_5,AGRO,PERFILES,B,1680.27,1552.6,3
2026-04-15,2026-04-13,PED0000386,CLI_0010,ROSARIO,ASESOR_5,AGRO,BULONERIA,B,1465.87,1807.8,4
2026-04-15,2026-04-13,PED0000386,CLI_0010,ROSARIO,ASESOR_5,AGRO,CH316,B,1076.02,1410.0,4
2026-04-15,2026-04-13,PED0000387,CLI_0004,ROSARIO,ASESOR_1,ENERGIA,BULONERIA,C,1465.64,1395.1,6
2026-04-15,2026-04-13,PED0000387,CLI_0004,ROSARIO,ASESOR_1,ENERGIA,PERFILES,C,2139.38,2655.3,5
2026-04-13,2026-04-13,PED0000388,CLI_0038,CORDOBA,ASESOR_3,METALMECANICA,CH304,C,1085.28,1682.4,2
2026-04-13,2026-04-13,PED0000389,CLI_0029,CAPITAL,ASESOR_2,CONSTRUCCION,CAÑOS Y TUBOS,B,1908.32,2597.3,3
2026-04-13,2026-04-13,PED0000389,CLI_0029,CAPITAL,ASESOR_2,CONSTRUCCION,BULONERIA,B,1378.69,1346.4,6
2026-04-16,2026-04-13,PED0000390,CLI_0035,CAPITAL,ASESOR_1,AUTOPARTES,CH304,C,3184.79,4938.3,4
2026-04-16,2026-04-13,PED0000390,CLI_0035,CAPITAL,ASESOR_1,AUTOPARTES,CH430,C,1044.91,1499.9,1
2026-04-13,2026-04-13,PED0000391,CLI_0035,CORDOBA,ASESOR_5,CONSTRUCCION,PERFILES,C,3198.68,3919.4,2
2026-04-13,2026-04-13,PED0000391,CLI_0035,CORDOBA,ASESOR_5,CONSTRUCCION,CH304,C,1190.26,1577.7,5
2026-04-13,2026-04-13,PED0000391,CLI_0035,CORDOBA,ASESOR_5,CONSTRUCCION,BULONERIA,C,2317.67,2185.8,6
2026-04-16,2026-04-13,PED0000392,CLI_0015,MENDOZA,ASESOR_6,CONSTRUCCION,CAÑOS Y TUBOS,C,1234.27,1165.5,4
2026-04-16,2026-04-13,PED0000392,CLI_0015,MENDOZA,ASESOR_6,CONSTRUCCION,CH304,C,2776.5,3681.7,5
2026-04-15,2026-04-13,PED0000393,CLI_0019,MENDOZA,ASESOR_3,AGRO,BULONERIA,C,2095.65,2893.5,5
2026-04-15,2026-04-13,PED0000394,CLI_0008,ROSARIO,ASESOR_5,ENERGIA,CAÑOS Y TUBOS,B,2337.0,2612.0,6
2026-04-15,2026-04-13,PED0000395,CLI_0005,CAPITAL,ASESOR_3,ENERGIA,CH316,A,2728.28,2869.9,6
2026-04-13,2026-04-13,PED0000396,CLI_0003,CORDOBA,ASESOR_5,ENERGIA,CH430,C,1077.3,1090.2,5
2026-04-17,2026-04-13,PED0000397,CLI_0037,ROSARIO,ASESOR_2,AGRO,CH316,C,1601.97,2208.9,4
2026-04-17,2026-04-13,PED0000398,CLI_0002,ROSARIO,ASESOR_4,ENERGIA,CH304,C,1045.2,1488.5,3
2026-04-17,2026-04-13,PED0000398,CLI_0002,ROSARIO,ASESOR_4,ENERGIA,PERFILES,C,1979.13,2877.1,4
2026-04-13,2026-04-13,PED0000399,CLI_0037,CAPITAL,ASESOR_2,ENERGIA,CH304,C,2815.39,3524.7,3
2026-04-16,2026-04-13,PED0000400,CLI_0012,ROSARIO,ASESOR_2,CONSTRUCCION,PERFILES,C,1702.98,1950.8,4
2026-04-16,2026-04-13,PED0000400,CLI_0012,ROSARIO,ASESOR_2,CONSTRUCCION,BULONERIA,C,1041.54,1113.3,4
2026-04-17,2026-04-13,PED0000401,CLI_0009,CAPITAL,ASESOR_5,METALMECANICA,BULONERIA,B,1451.03,1317.4,5
2026-04-17,2026-04-13,PED0000402,CLI_0032,ROSARIO,ASESOR_4,METALMECANICA,BULONERIA,C,1103.63,946.2,4
2026-04-17,2026-04-13,PED0000402,CLI_0032,ROSARIO,ASESOR_4,METALMECANICA,PERFILES,C,1952.87,3006.1,1
2026-04-14,2026-04-13,PED0000403,CLI_0008,CAPITAL,ASESOR_6,METALMECANICA,PERFILES,B,1752.35,2480.9,2
2026-04-13,2026-04-13,PED0000404,CLI_0044,CORDOBA,ASESOR_5,METALMECANICA,CH316,C,896.72,1240.0,1
2026-04-13,2026-04-13,PED0000404,CLI_0044,CORDOBA,ASESOR_5,METALMECANICA,BULONERIA,C,1758.29,1483.3,5
2026-04-13,2026-04-13,PED0000404,CLI_0044,CORDOBA,ASESOR_5,METALMECANICA,CH430,C,1578.59,2360.0,3
2026-04-13,2026-04-13,PED0000405,CLI_0035,CAPITAL,ASESOR_3,CONSTRUCCION,BULONERIA,B,1813.82,1746.8,5
2026-04-13,2026-04-13,PED0000406,CLI_0039,CORDOBA,ASESOR_5,METALMECANICA,BULONERIA,C,2210.22,2219.9,1
2026-04-13,2026-04-13,PED0000407,CLI_0024,CORDOBA,ASESOR_2,ENERGIA,BULONERIA,B,1931.61,2862.0,6
2026-04-14,2026-04-13,PED0000408,CLI_0044,CORDOBA,ASESOR_1,CONSTRUCCION,PERFILES,B,2852.95,3645.2,1
2026-04-14,2026-04-13,PED0000408,CLI_0044,CORDOBA,ASESOR_1,CONSTRUCCION,CH304,B,1185.55,1423.3,4
2026-04-14,2026-04-13,PED0000408,CLI_0044,CORDOBA,ASESOR_1,CONSTRUCCION,CH430,B,1340.48,1836.4,1
2026-04-14,2026-04-13,PED0000409,CLI_0009,ROSARIO,ASESOR_5,AGRO,BULONERIA,B,1170.41,1521.7,2
2026-04-17,2026-04-13,PED0000410,CLI_0004,CORDOBA,ASESOR_1,AGRO,CH316,C,1298.07,1720.7,1
2026-04-17,2026-04-13,PED0000410,CLI_0004,CORDOBA,ASESOR_1,AGRO,BULONERIA,C,2431.69,2958.3,6
2026-04-17,2026-04-13,PED0000410,CLI_0004,CORDOBA,ASESOR_1,AGRO,CH430,C,1374.15,1787.0,2
2026-04-17,2026-04-13,PED0000411,CLI_0012,MENDOZA,ASESOR_2,ENERGIA,PERFILES,A,1418.83,1875.7,5
2026-04-21,2026-04-20,PED0000412,CLI_0044,ROSARIO,ASESOR_2,AGRO,CH316,C,1546.02,1935.4,2
2026-04-21,2026-04-20,PED0000413,CLI_0018,CORDOBA,ASESOR_1,ENERGIA,CH316,B,1205.96,1703.2,4
2026-04-21,2026-04-20,PED0000414,CLI_0020,MENDOZA,ASESOR_3,METALMECANICA,CH304,C,2333.37,3290.0,5
2026-04-21,2026-04-20,PED0000414,CLI_0020,MENDOZA,ASESOR_3,METALMECANICA,CH316,C,1528.44,1963.3,5
2026-04-22,2026-04-20,PED0000415,CLI_0011,ROSARIO,ASESOR_5,AUTOPARTES,CAÑOS Y TUBOS,B,1960.9,2896.1,4
2026-04-21,2026-04-20,PED0000416,CLI_0031,CORDOBA,ASESOR_2,METALMECANICA,CH304,B,1341.74,2113.3,3
2026-04-21,2026-04-20,PED0000417,CLI_0015,MENDOZA,ASESOR_2,AUTOPARTES,CAÑOS Y TUBOS,C,1620.11,2419.5,2
2026-04-21,2026-04-20,PED0000417,CLI_0015,MENDOZA,ASESOR_2,AUTOPARTES,PERFILES,C,1676.01,2381.6,5
2026-04-21,2026-04-20,PED0000417,CLI_0015,MENDOZA,ASESOR_2,AUTOPARTES,BULONERIA,C,2426.45,2679.5,3
2026-04-20,2026-04-20,PED0000418,CLI_0028,MENDOZA,ASESOR_5,ENERGIA,CAÑOS Y TUBOS,C,1449.08,2176.8,2
2026-04-20,2026-04-20,PED0000419,CLI_0018,MENDOZA,ASESOR_6,CONSTRUCCION,CAÑOS Y TUBOS,C,1405.5,1466.8,3
2026-04-24,2026-04-20,PED0000420,CLI_0000,MENDOZA,ASESOR_2,METALMECANICA,CAÑOS Y TUBOS,B,1645.87,1465.7,5
2026-04-24,2026-04-20,PED0000420,CLI_0000,MENDOZA,ASESOR_2,METALMECANICA,BULONERIA,B,2646.28,3590.7,2
2026-04-24,2026-04-20,PED0000420,CLI_0000,MENDOZA,ASESOR_2,METALMECANICA,CH304,B,2621.9,2776.0,1
2026-04-23,2026-04-20,PED0000421,CLI_0004,ROSARIO,ASESOR_4,ENERGIA,CH430,C,1332.56,2033.1,2
2026-04-20,2026-04-20,PED0000422,CLI_0018,CAPITAL,ASESOR_1,CONSTRUCCION,CAÑOS Y TUBOS,C,2097.72,3314.7,5
2026-04-22,2026-04-20,PED0000423,CLI_0002,ROSARIO,ASESOR_4,ENERGIA,BULONERIA,B,1050.46,961.9,6
2026-04-22,2026-04-20,PED0000423,CLI_0002,ROSARIO,ASESOR_4,ENERGIA,CH316,B,1112.29,1164.0,6
2026-04-21,2026-04-20,PED0000424,CLI_0036,MENDOZA,ASESOR_3,AUTOPARTES,CH430,A,926.98,1110.6,4
2026-04-23,2026-04-20,PED0000425,CLI_0010,CAPITAL,ASESOR_5,METALMECANICA,CH304,B,3251.63,2618.4,5
2026-04-20,2026-04-20,PED0000426,CLI_0004,CORDOBA,ASESOR_5,ENERGIA,CH304,C,1513.75,1255.5,1
2026-04-21,2026-04-20,PED0000427,CLI_0009,CORDOBA,ASESOR_3,CONSTRUCCION,CH430,A,1373.26,1858.3,5
2026-04-20,2026-04-20,PED0000428,CLI_0000,ROSARIO,ASESOR_4,ENERGIA,CH430,B,1457.7,2122.7,4
2026-04-20,2026-04-20,PED0000428,CLI_0000,ROSARIO,ASESOR_4,ENERGIA,BULONERIA,B,1480.97,1261.7,4
2026-04-24,2026-04-20,PED0000429,CLI_0009,ROSARIO,ASESOR_1,AGRO,CH316,B,1514.34,1343.9,6
2026-04-23,2026-04-20,PED0000430,CLI_0035,CAPITAL,ASESOR_4,ENERGIA,CH430,C,911.43,1454.7,3
2026-04-23,2026-04-20,PED0000430,CLI_0035,CAPITAL,ASESOR_4,ENERGIA,BULONERIA,C,2160.12,2789.7,4
2026-04-22,2026-04-20,PED0000431,CLI_0017,MENDOZA,ASESOR_4,AUTOPARTES,CH304,C,2721.37,3911.7,6
2026-04-22,2026-04-20,PED0000431,CLI_0017,MENDOZA,ASESOR_4,AUTOPARTES,BULONERIA,C,2548.83,3669.4,4
2026-04-22,2026-04-20,PED0000431,CLI_0017,MENDOZA,ASESOR_4,AUTOPARTES,PERFILES,C,1664.26,1775.8,5
2026-04-20,2026-04-20,PED0000432,CLI_0031,ROSARIO,ASESOR_1,AUTOPARTES,PERFILES,C,2195.54,3103.7,1
2026-04-21,2026-04-20,PED0000433,CLI_0037,CORDOBA,ASESOR_3,METALMECANICA,CH430,C,1575.69,1864.5,4
2026-04-24,2026-04-20,PED0000434,CLI_0016,CAPITAL,ASESOR_6,AUTOPARTES,CAÑOS Y TUBOS,B,2199.67,2286.5,6
2026-04-24,2026-04-20,PED0000434,CLI_0016,CAPITAL,ASESOR_6,AUTOPARTES,BULONERIA,B,1938.6,2411.9,1
2026-04-24,2026-04-20,PED0000434,CLI_0016,CAPITAL,ASESOR_6,AUTOPARTES,CH304,B,2643.54,3564.5,3
2026-04-23,2026-04-20,PED0000435,CLI_0014,CAPITAL,ASESOR_2,AGRO,CH316,C,3350.15,3182.3,1
2026-04-23,2026-04-20,PED0000435,CLI_0014,CAPITAL,ASESOR_2,AGRO,PERFILES,C,1922.41,2693.7,6
2026-04-23,2026-04-20,PED0000436,CLI_0039,CORDOBA,ASESOR_6,CONSTRUCCION,CH430,B,1116.35,1163.1,1
2026-04-23,2026-04-20,PED0000436,CLI_0039,CORDOBA,ASESOR_6,CONSTRUCCION,CAÑOS Y TUBOS,B,1389.73,1153.4,2
2026-04-23,2026-04-20,PED0000436,CLI_0039,CORDOBA,ASESOR_6,CONSTRUCCION,BULONERIA,B,2631.76,3039.7,1
2026-04-24,2026-04-20,PED0000437,CLI_0041,MENDOZA,ASESOR_5,AUTOPARTES,CH430,A,1007.34,1508.4,5
2026-04-20,2026-04-20,PED0000438,CLI_0046,ROSARIO,ASESOR_2,CONSTRUCCION,CH304,B,1214.91,1549.5,1
2026-04-20,2026-04-20,PED0000439,CLI_0007,CORDOBA,ASESOR_4,CONSTRUCCION,CH430,A,1184.48,1130.0,3
2026-04-20,2026-04-20,PED0000439,CLI_0007,CORDOBA,ASESOR_4,CONSTRUCCION,CH316,A,1100.48,1560.7,6
2026-04-20,2026-04-20,PED0000440,CLI_0015,CAPITAL,ASESOR_3,AUTOPARTES,PERFILES,A,1387.45,1498.8,3
2026-04-20,2026-04-20,PED0000440,CLI_0015,CAPITAL,ASESOR_3,AUTOPARTES,BULONERIA,A,1576.24,2450.5,3
2026-04-20,2026-04-20,PED0000440,CLI_0015,CAPITAL,ASESOR_3,AUTOPARTES,CH304,A,3209.64,3007.5,3
2026-04-23,2026-04-20,PED0000441,CLI_0026,CORDOBA,ASESOR_5,METALMECANICA,CH304,A,1092.32,1246.5,2
2026-04-23,2026-04-20,PED0000441,CLI_0026,CORDOBA,ASESOR_5,METALMECANICA,BULONERIA,A,2404.2,3637.6,6
2026-04-23,2026-04-20,PED0000441,CLI_0026,CORDOBA,ASESOR_5,METALMECANICA,CAÑOS Y TUBOS,A,1732.27,2355.0,5
2026-04-20,2026-04-20,PED0000442,CLI_0012,CORDOBA,ASESOR_3,AGRO,CAÑOS Y TUBOS,C,1181.15,1703.1,6
2026-04-20,2026-04-20,PED0000442,CLI_0012,CORDOBA,ASESOR_3,AGRO,PERFILES,C,2829.4,3294.7,6
2026-04-20,2026-04-20,PED0000442,CLI_0012,CORDOBA,ASESOR_3,AGRO,CH316,C,1161.2,1641.0,4
2026-04-22,2026-04-20,PED0000443,CLI_0031,ROSARIO,ASESOR_2,AUTOPARTES,BULONERIA,C,1527.71,1625.9,3
2026-04-22,2026-04-20,PED0000444,CLI_0039,MENDOZA,ASESOR_4,CONSTRUCCION,CH316,A,1286.79,1388.3,5
2026-04-22,2026-04-20,PED0000445,CLI_0039,ROSARIO,ASESOR_5,CONSTRUCCION,CH304,B,1129.19,1265.4,4
2026-04-22,2026-04-20,PED0000445,CLI_0039,ROSARIO,ASESOR_5,CONSTRUCCION,CH430,B,1057.05,1051.7,2
2026-04-23,2026-04-20,PED0000446,CLI_0023,MENDOZA,ASESOR_4,CONSTRUCCION,CH430,B,1345.0,1262.2,6
2026-04-23,2026-04-20,PED0000446,CLI_0023,MENDOZA,ASESOR_4,CONSTRUCCION,PERFILES,B,1371.98,2119.3,5
2026-04-24,2026-04-20,PED0000447,CLI_0025,MENDOZA,ASESOR_1,ENERGIA,CAÑOS Y TUBOS,C,1241.21,1942.1,1
2026-04-22,2026-04-20,PED0000448,CLI_0037,CAPITAL,ASESOR_6,ENERGIA,BULONERIA,C,1389.72,1353.7,2
2026-04-23,2026-04-20,PED0000449,CLI_0013,CAPITAL,ASESOR_2,AUTOPARTES,CAÑOS Y TUBOS,B,1606.73,2413.2,3
2026-04-23,2026-04-20,PED0000449,CLI_0013,CAPITAL,ASESOR_2,AUTOPARTES,CH316,B,3293.81,5041.4,3
2026-04-24,2026-04-20,PED0000450,CLI_0014,MENDOZA,ASESOR_6,AGRO,CAÑOS Y TUBOS,C,1156.97,1759.6,1
2026-04-24,2026-04-20,PED0000450,CLI_0014,MENDOZA,ASESOR_6,AGRO,CH316,C,1083.61,1352.4,3
2026-04-24,2026-04-20,PED0000450,CLI_0014,MENDOZA,ASESOR_6,AGRO,CH430,C,986.75,1012.2,1
2026-04-23,2026-04-20,PED0000451,CLI_0005,ROSARIO,ASESOR_4,ENERGIA,CAÑOS Y TUBOS,B,2454.14,3264.0,4
2026-04-23,2026-04-20,PED0000452,CLI_0005,ROSARIO,ASESOR_2,ENERGIA,BULONERIA,B,1027.35,831.4,6
2026-04-20,2026-04-20,PED0000453,CLI_0029,CAPITAL,ASESOR_2,METALMECANICA,CAÑOS Y TUBOS,C,2223.26,3367.9,6
2026-04-24,2026-04-20,PED0000454,CLI_0035,MENDOZA,ASESOR_5,AUTOPARTES,CAÑOS Y TUBOS,B,1277.91,1456.6,1
2026-04-24,2026-04-20,PED0000454,CLI_0035,MENDOZA,ASESOR_5,AUTOPARTES,CH430,B,1273.78,1881.9,2
2026-04-20,2026-04-20,PED0000455,CLI_0001,CORDOBA,ASESOR_4,ENERGIA,BULONERIA,C,1759.16,2085.0,6
2026-04-20,2026-04-20,PED0000455,CLI_0001,CORDOBA,ASESOR_4,ENERGIA,CH430,C,1027.83,1422.7,5
2026-04-21,2026-04-20,PED0000456,CLI_0039,CORDOBA,ASESOR_4,ENERGIA,BULONERIA,A,2359.56,3149.9,6
2026-04-20,2026-04-20,PED0000457,CLI_0039,CORDOBA,ASESOR_5,CONSTRUCCION,PERFILES,C,3458.7,4355.1,3
2026-04-24,2026-04-20,PED0000458,CLI_0030,MENDOZA,ASESOR_3,AGRO,BULONERIA,B,1910.96,2490.8,5
2026-04-24,2026-04-20,PED0000458,CLI_0030,MENDOZA,ASESOR_3,AGRO,PERFILES,B,1451.26,1220.9,3
2026-04-20,2026-04-20,PED0000459,CLI_0032,CAPITAL,ASESOR_3,METALMECANICA,CH430,A,952.11,971.3,3
2026-04-20,2026-04-20,PED0000459,CLI_0032,CAPITAL,ASESOR_3,METALMECANICA,BULONERIA,A,1347.64,1198.4,2
2026-04-20,2026-04-20,PED0000459,CLI_0032,CAPITAL,ASESOR_3,METALMECANICA,CH316,A,3834.52,5334.5,6
2026-04-23,2026-04-20,PED0000460,CLI_0032,MENDOZA,ASESOR_3,AUTOPARTES,PERFILES,B,2053.77,2206.3,1
2026-04-23,2026-04-20,PED0000461,CLI_0033,ROSARIO,ASESOR_5,AUTOPARTES,CAÑOS Y TUBOS,C,2671.2,2494.4,5
2026-04-20,2026-04-20,PED0000462,CLI_0005,CORDOBA,ASESOR_1,AGRO,CAÑOS Y TUBOS,C,1465.38,1730.6,5
2026-04-24,2026-04-20,PED0000463,CLI_0038,ROSARIO,ASESOR_4,METALMECANICA,CH304,B,1045.45,1100.4,5
2026-04-24,2026-04-20,PED0000463,CLI_0038,ROSARIO,ASESOR_4,METALMECANICA,CH430,B,1327.19,1105.3,5
2026-04-24,2026-04-20,PED0000463,CLI_0038,ROSARIO,ASESOR_4,METALMECANICA,CAÑOS Y TUBOS,B,2564.91,4013.9,4
2026-04-22,2026-04-20,PED0000464,CLI_0012,CORDOBA,ASESOR_3,AGRO,CAÑOS Y TUBOS,B,1685.54,2358.5,6
2026-04-22,2026-04-20,PED0000464,CLI_0012,CORDOBA,ASESOR_3,AGRO,BULONERIA,B,2368.45,3354.7,5
2026-04-20,2026-04-20,PED0000465,CLI_0028,CORDOBA,ASESOR_6,AUTOPARTES,CH304,B,1123.18,991.9,4
2026-04-20,2026-04-20,PED0000465,CLI_0028,CORDOBA,ASESOR_6,AUTOPARTES,CAÑOS Y TUBOS,B,1372.9,1894.9,3
2026-04-24,2026-04-20,PED0000466,CLI_0006,ROSARIO,ASESOR_1,CONSTRUCCION,CH316,C,1533.01,2094.8,1
2026-04-24,2026-04-20,PED0000466,CLI_0006,ROSARIO,ASESOR_1,CONSTRUCCION,PERFILES,C,1699.02,2181.1,4
2026-04-20,2026-04-20,PED0000467,CLI_0018,ROSARIO,ASESOR_1,AUTOPARTES,CH430,B,1332.87,1778.1,3
2026-04-20,2026-04-20,PED0000467,CLI_0018,ROSARIO,ASESOR_1,AUTOPARTES,CAÑOS Y TUBOS,B,2108.8,3004.2,3
2026-04-22,2026-04-20,PED0000468,CLI_0003,CAPITAL,ASESOR_4,METALMECANICA,CH430,B,706.23,1118.3,2
2026-04-22,2026-04-20,PED0000468,CLI_0003,CAPITAL,ASESOR_4,METALMECANICA,CH316,B,3357.49,3165.3,4
2026-04-22,2026-04-20,PED0000468,CLI_0003,CAPITAL,ASESOR_4,METALMECANICA,CAÑOS Y TUBOS,B,1515.14,1867.4,4
2026-04-20,2026-04-20,PED0000469,CLI_0010,ROSARIO,ASESOR_5,CONSTRUCCION,CH304,C,1150.63,1151.2,4
2026-04-20,2026-04-20,PED0000470,CLI_0034,CAPITAL,ASESOR_4,AUTOPARTES,CH430,C,990.02,1508.5,5
2026-04-20,2026-04-20,PED0000470,CLI_0034,CAPITAL,ASESOR_4,AUTOPARTES,CH316,C,2392.39,3268.2,4
2026-04-24,2026-04-20,PED0000471,CLI_0017,MENDOZA,ASESOR_4,METALMECANICA,CAÑOS Y TUBOS,C,1817.3,2643.1,4
2026-04-22,2026-04-20,PED0000472,CLI_0036,CAPITAL,ASESOR_5,ENERGIA,CAÑOS Y TUBOS,C,2008.6,3147.6,1
2026-04-22,2026-04-20,PED0000472,CLI_0036,CAPITAL,ASESOR_5,ENERGIA,CH304,C,2886.64,4279.9,3
2026-04-24,2026-04-20,PED0000473,CLI_0011,CAPITAL,ASESOR_4,AGRO,CAÑOS Y TUBOS,C,2035.41,2115.0,4
2026-04-21,2026-04-20,PED0000474,CLI_0008,CAPITAL,ASESOR_6,AGRO,CH316,B,2426.86,3875.9,2
2026-04-23,2026-04-20,PED0000475,CLI_0014,MENDOZA,ASESOR_4,CONSTRUCCION,CAÑOS Y TUBOS,C,1826.5,1485.2,3
2026-04-24,2026-04-20,PED0000476,CLI_0031,CAPITAL,ASESOR_3,CONSTRUCCION,BULONERIA,B,2109.48,2593.1,6
2026-04-20,2026-04-20,PED0000477,CLI_0013,ROSARIO,ASESOR_1,CONSTRUCCION,PERFILES,C,1655.55,2253.3,2
2026-04-23,2026-04-20,PED0000478,CLI_0014,CAPITAL,ASESOR_2,CONSTRUCCION,PERFILES,C,1884.37,1667.8,4
2026-04-23,2026-04-20,PED0000478,CLI_0014,CAPITAL,ASESOR_2,CONSTRUCCION,CH304,C,3241.98,4190.3,1
2026-04-22,2026-04-20,PED0000479,CLI_0042,ROSARIO,ASESOR_4,AGRO,BULONERIA,C,1312.01,1193.8,2
2026-04-22,2026-04-20,PED0000480,CLI_0010,CAPITAL,ASESOR_5,AUTOPARTES,CAÑOS Y TUBOS,B,1571.3,1722.1,2
2026-04-24,2026-04-20,PED0000481,CLI_0009,MENDOZA,ASESOR_2,ENERGIA,CH316,A,1094.29,1301.7,1
2026-04-23,2026-04-20,PED0000482,CLI_0017,CAPITAL,ASESOR_2,CONSTRUCCION,CAÑOS Y TUBOS,C,1607.2,2108.4,5
2026-04-23,2026-04-20,PED0000482,CLI_0017,CAPITAL,ASESOR_2,CONSTRUCCION,CH316,C,3103.12,3076.4,2
2026-04-22,2026-04-20,PED0000483,CLI_0035,CAPITAL,ASESOR_5,AUTOPARTES,CH304,C,3184.31,3036.3,5
2026-04-24,2026-04-20,PED0000484,CLI_0017,CAPITAL,ASESOR_5,AGRO,BULONERIA,C,1921.8,1962.4,2
2026-04-20,2026-04-20,PED0000485,CLI_0005,CAPITAL,ASESOR_2,METALMECANICA,CH430,B,803.28,922.0,3
2026-04-21,2026-04-20,PED0000486,CLI_0018,MENDOZA,ASESOR_1,CONSTRUCCION,CH304,C,2749.31,2454.7,2
2026-04-22,2026-04-20,PED0000487,CLI_0030,MENDOZA,ASESOR_5,ENERGIA,CH304,B,2529.19,2221.8,6
2026-04-23,2026-04-20,PED0000488,CLI_0017,MENDOZA,ASESOR_2,METALMECANICA,CH304,C,2278.24,3513.8,4
2026-04-23,2026-04-20,PED0000488,CLI_0017,MENDOZA,ASESOR_2,METALMECANICA,CAÑOS Y TUBOS,C,1242.6,1365.4,4
2026-04-22,2026-04-20,PED0000489,CLI_0039,ROSARIO,ASESOR_6,AGRO,BULONERIA,C,1307.4,1339.4,1
2026-04-21,2026-04-20,PED0000490,CLI_0041,MENDOZA,ASESOR_4,METALMECANICA,PERFILES,A,1806.93,2244.6,2
2026-04-21,2026-04-20,PED0000490,CLI_0041,MENDOZA,ASESOR_4,METALMECANICA,CH316,A,1145.43,1701.6,4
2026-04-21,2026-04-20,PED0000490,CLI_0041,MENDOZA,ASESOR_4,METALMECANICA,BULONERIA,A,2564.17,2495.3,4
2026-04-21,2026-04-20,PED0000491,CLI_0013,MENDOZA,ASESOR_3,CONSTRUCCION,PERFILES,C,1497.63,2309.3,2
2026-04-24,2026-04-20,PED0000492,CLI_0040,CAPITAL,ASESOR_4,CONSTRUCCION,PERFILES,A,1540.08,2229.7,6
2026-04-20,2026-04-20,PED0000493,CLI_0011,CAPITAL,ASESOR_4,METALMECANICA,CAÑOS Y TUBOS,B,1538.01,1594.4,6
2026-04-20,2026-04-20,PED0000493,CLI_0011,CAPITAL,ASESOR_4,METALMECANICA,CH316,B,3975.83,3231.3,6
2026-04-23,2026-04-20,PED0000494,CLI_0037,CORDOBA,ASESOR_2,METALMECANICA,CH316,C,1285.63,1445.4,3
2026-04-23,2026-04-20,PED0000495,CLI_0011,MENDOZA,ASESOR_6,CONSTRUCCION,CH430,C,1101.31,1544.4,6
2026-04-23,2026-04-20,PED0000495,CLI_0011,MENDOZA,ASESOR_6,CONSTRUCCION,PERFILES,C,2126.88,2624.5,2
2026-04-23,2026-04-20,PED0000495,CLI_0011,MENDOZA,ASESOR_6,CONSTRUCCION,CH304,C,3168.45,2740.0,3
2026-04-23,2026-04-20,PED0000496,CLI_0010,CAPITAL,ASESOR_5,AGRO,PERFILES,C,1252.73,1369.4,6
2026-04-21,2026-04-20,PED0000497,CLI_0019,CAPITAL,ASESOR_5,AUTOPARTES,BULONERIA,A,1760.86,2731.7,5
2026-04-24,2026-04-20,PED0000498,CLI_0015,ROSARIO,ASESOR_6,AUTOPARTES,CH430,B,950.53,1022.9,4
2026-04-24,2026-04-20,PED0000498,CLI_0015,ROSARIO,ASESOR_6,AUTOPARTES,CH304,B,1111.81,1627.3,4
2026-04-21,2026-04-20,PED0000499,CLI_0018,CORDOBA,ASESOR_4,ENERGIA,CAÑOS Y TUBOS,B,1401.94,1322.1,1
2026-04-21,2026-04-20,PED0000499,CLI_0018,CORDOBA,ASESOR_4,ENERGIA,CH304,B,1131.38,1154.9,6
2026-04-21,2026-04-20,PED0000499,CLI_0018,CORDOBA,ASESOR_4,ENERGIA,PERFILES,B,2368.93,2180.4,2
2026-04-21,2026-04-20,PED0000500,CLI_0035,CAPITAL,ASESOR_3,METALMECANICA,CAÑOS Y TUBOS,C,1831.12,2409.3,3
2026-04-24,2026-04-20,PED0000501,CLI_0009,ROSARIO,ASESOR_1,CONSTRUCCION,CAÑOS Y TUBOS,C,2211.35,2912.0,3
2026-04-24,2026-04-20,PED0000501,CLI_0009,ROSARIO,ASESOR_1,CONSTRUCCION,PERFILES,C,2127.16,2834.8,5
2026-04-21,2026-04-20,PED0000502,CLI_0018,MENDOZA,ASESOR_4,AGRO,CH316,C,1351.51,1392.8,1
2026-04-21,2026-04-20,PED0000502,CLI_0018,MENDOZA,ASESOR_4,AGRO,CAÑOS Y TUBOS,C,1220.59,1254.2,2
2026-04-21,2026-04-20,PED0000503,CLI_0002,ROSARIO,ASESOR_6,ENERGIA,CH304,B,856.11,901.7,2
2026-04-20,2026-04-20,PED0000504,CLI_0011,MENDOZA,ASESOR_3,AGRO,CH430,A,1148.1,1414.3,2
2026-04-20,2026-04-20,PED0000504,CLI_0011,MENDOZA,ASESOR_3,AGRO,CH316,A,1468.29,1317.3,1
2026-04-21,2026-04-20,PED0000505,CLI_0019,MENDOZA,ASESOR_4,AUTOPARTES,BULONERIA,C,2221.09,2678.5,6
2026-04-24,2026-04-20,PED0000506,CLI_0006,CORDOBA,ASESOR_4,AGRO,CAÑOS Y TUBOS,C,1623.25,2248.7,1
2026-04-24,2026-04-20,PED0000506,CLI_0006,CORDOBA,ASESOR_4,AGRO,CH430,C,1066.44,1323.2,3
2026-04-22,2026-04-20,PED0000507,CLI_0038,CAPITAL,ASESOR_4,ENERGIA,CH304,C,3262.36,3119.2,5
2026-04-23,2026-04-20,PED0000508,CLI_0040,ROSARIO,ASESOR_3,AUTOPARTES,CH304,A,1052.35,1254.8,5
2026-04-23,2026-04-20,PED0000508,CLI_0040,ROSARIO,ASESOR_3,AUTOPARTES,PERFILES,A,2254.54,3505.2,6
2026-04-22,2026-04-20,PED0000509,CLI_0018,CORDOBA,ASESOR_4,AUTOPARTES,CH304,C,1254.61,1356.3,4
2026-04-23,2026-04-20,PED0000510,CLI_0033,CAPITAL,ASESOR_2,METALMECANICA,BULONERIA,C,2198.62,2504.4,4
2026-04-22,2026-04-20,PED0000511,CLI_0024,ROSARIO,ASESOR_5,ENERGIA,PERFILES,A,2663.19,2271.4,5
2026-04-23,2026-04-20,PED0000512,CLI_0021,MENDOZA,ASESOR_1,CONSTRUCCION,CAÑOS Y TUBOS,B,1636.69,2298.2,2
2026-04-20,2026-04-20,PED0000513,CLI_0043,ROSARIO,ASESOR_2,METALMECANICA,CH430,B,1096.78,1368.2,4
2026-04-20,2026-04-20,PED0000513,CLI_0043,ROSARIO,ASESOR_2,METALMECANICA,PERFILES,B,1846.96,2646.7,2
2026-04-23,2026-04-20,PED0000514,CLI_0030,CORDOBA,ASESOR_3,METALMECANICA,BULONERIA,A,2338.89,1924.3,3
2026-04-24,2026-04-20,PED0000515,CLI_0027,MENDOZA,ASESOR_1,ENERGIA,CH430,C,1304.46,1540.4,6
2026-04-22,2026-04-20,PED0000516,CLI_0031,CAPITAL,ASESOR_3,ENERGIA,CH304,C,2547.4,2977.5,6
2026-04-23,2026-04-20,PED0000517,CLI_0037,ROSARIO,ASESOR_3,AUTOPARTES,CH430,A,1088.23,1331.7,1
2026-04-23,2026-04-20,PED0000517,CLI_0037,ROSARIO,ASESOR_3,AUTOPARTES,CH304,A,1118.7,1580.9,2
2026-04-22,2026-04-20,PED0000518,CLI_0014,CAPITAL,ASESOR_5,AUTOPARTES,BULONERIA,B,1947.63,1707.4,5
2026-04-22,2026-04-20,PED0000519,CLI_0007,CORDOBA,ASESOR_2,CONSTRUCCION,CAÑOS Y TUBOS,A,1795.1,1670.2,2
2026-04-22,2026-04-20,PED0000519,CLI_0007,CORDOBA,ASESOR_2,CONSTRUCCION,CH430,A,1076.29,1051.4,2
2026-04-21,2026-04-20,PED0000520,CLI_0028,CAPITAL,ASESOR_4,METALMECANICA,CAÑOS Y TUBOS,C,2063.97,1880.7,4
2026-04-21,2026-04-20,PED0000520,CLI_0028,CAPITAL,ASESOR_4,METALMECANICA,CH430,C,1075.38,1374.5,3
2026-04-21,2026-04-20,PED0000520,CLI_0028,CAPITAL,ASESOR_4,METALMECANICA,PERFILES,C,1359.5,1419.0,6
2026-04-21,2026-04-20,PED0000521,CLI_0036,CAPITAL,ASESOR_2,AUTOPARTES,CH316,C,2593.68,2238.0,6
2026-04-20,2026-04-20,PED0000522,CLI_0019,CAPITAL,ASESOR_1,CONSTRUCCION,CH304,C,3548.5,4296.5,1
2026-04-20,2026-04-20,PED0000523,CLI_0007,MENDOZA,ASESOR_1,AGRO,CH304,A,2361.98,3592.4,2
2026-04-20,2026-04-20,PED0000523,CLI_0007,MENDOZA,ASESOR_1,AGRO,PERFILES,A,1887.34,1554.0,2
2026-04-24,2026-04-20,PED0000524,CLI_0019,CORDOBA,ASESOR_5,AGRO,PERFILES,B,2254.48,3281.8,1
2026-04-24,2026-04-20,PED0000525,CLI_0029,ROSARIO,ASESOR_6,AUTOPARTES,BULONERIA,C,1010.37,981.3,5
2026-04-21,2026-04-20,PED0000526,CLI_0009,MENDOZA,ASESOR_3,ENERGIA,CAÑOS Y TUBOS,A,1269.42,1246.6,1
2026-04-21,2026-04-20,PED0000526,CLI_0009,MENDOZA,ASESOR_3,ENERGIA,BULONERIA,A,2454.76,2581.0,4
2026-04-22,2026-04-20,PED0000527,CLI_0014,CAPITAL,ASESOR_5,AUTOPARTES,CH304,B,2829.01,2525.1,3
2026-04-22,2026-04-20,PED0000527,CLI_0014,CAPITAL,ASESOR_5,AUTOPARTES,BULONERIA,B,1741.68,2419.1,6
2026-04-21,2026-04-20,PED0000528,CLI_0033,MENDOZA,ASESOR_2,ENERGIA,CAÑOS Y TUBOS,B,1120.22,1500.3,6
2026-04-21,2026-04-20,PED0000528,CLI_0033,MENDOZA,ASESOR_2,ENERGIA,CH430,B,983.97,1132.0,6
2026-04-21,2026-04-20,PED0000528,CLI_0033,MENDOZA,ASESOR_2,ENERGIA,CH316,B,1571.45,1407.0,4
2026-04-20,2026-04-20,PED0000529,CLI_0022,MENDOZA,ASESOR_6,ENERGIA,CH316,C,1327.49,1693.8,4
2026-04-24,2026-04-20,PED0000530,CLI_0031,CAPITAL,ASESOR_2,METALMECANICA,BULONERIA,C,1651.93,2202.6,4
2026-04-24,2026-04-20,PED0000530,CLI_0031,CAPITAL,ASESOR_2,METALMECANICA,CAÑOS Y TUBOS,C,2343.25,2833.3,2
2026-04-21,2026-04-20,PED0000531,CLI_0024,MENDOZA,ASESOR_1,CONSTRUCCION,CH316,B,1154.91,972.8,1
2026-04-21,2026-04-20,PED0000531,CLI_0024,MENDOZA,ASESOR_1,CONSTRUCCION,CH304,B,2767.42,2273.2,2
2026-04-20,2026-04-20,PED0000532,CLI_0004,MENDOZA,ASESOR_5,AGRO,PERFILES,A,1993.53,1916.9,6
2026-04-20,2026-04-20,PED0000532,CLI_0004,MENDOZA,ASESOR_5,AGRO,CAÑOS Y TUBOS,A,1479.44,1781.0,5
2026-04-23,2026-04-20,PED0000533,CLI_0038,CORDOBA,ASESOR_5,ENERGIA,CH304,A,1275.64,1404.6,4
2026-04-23,2026-04-20,PED0000533,CLI_0038,CORDOBA,ASESOR_5,ENERGIA,CAÑOS Y TUBOS,A,1138.93,1072.3,6
2026-04-23,2026-04-20,PED0000533,CLI_0038,CORDOBA,ASESOR_5,ENERGIA,PERFILES,A,3393.02,3537.0,6
2026-04-23,2026-04-20,PED0000534,CLI_0023,ROSARIO,ASESOR_4,METALMECANICA,PERFILES,A,2313.44,3119.2,5
2026-04-23,2026-04-20,PED0000534,CLI_0023,ROSARIO,ASESOR_4,METALMECANICA,CAÑOS Y TUBOS,A,2363.78,2954.3,2
2026-04-24,2026-04-20,PED0000535,CLI_0007,CAPITAL,ASESOR_4,AGRO,CH430,B,702.64,894.0,2
2026-04-24,2026-04-20,PED0000535,CLI_0007,CAPITAL,ASESOR_4,AGRO,BULONERIA,B,2079.87,2244.4,6
2026-04-22,2026-04-20,PED0000536,CLI_0007,CAPITAL,ASESOR_6,AGRO,CAÑOS Y TUBOS,B,2035.89,2032.0,6
2026-04-22,2026-04-20,PED0000536,CLI_0007,CAPITAL,ASESOR_6,AGRO,CH430,B,815.44,707.8,6
2026-04-22,2026-04-20,PED0000536,CLI_0007,CAPITAL,ASESOR_6,AGRO,CH304,B,2422.61,2529.0,3
2026-04-23,2026-04-20,PED0000537,CLI_0007,ROSARIO,ASESOR_1,ENERGIA,CAÑOS Y TUBOS,B,1824.48,2145.2,1
2026-04-23,2026-04-20,PED0000537,CLI_0007,ROSARIO,ASESOR_1,ENERGIA,CH430,B,1511.34,1665.8,4
2026-04-21,2026-04-20,PED0000538,CLI_0032,CORDOBA,ASESOR_5,CONSTRUCCION,PERFILES,C,3322.72,4432.2,2
2026-04-24,2026-04-20,PED0000539,CLI_0030,CORDOBA,ASESOR_3,METALMECANICA,CH430,B,1006.67,1607.6,4
2026-04-24,2026-04-20,PED0000540,CLI_0007,ROSARIO,ASESOR_5,CONSTRUCCION,CH304,C,1147.9,1406.0,4
2026-04-24,2026-04-20,PED0000541,CLI_0010,ROSARIO,ASESOR_3,CONSTRUCCION,CAÑOS Y TUBOS,C,2176.02,2462.1,3
2026-04-24,2026-04-20,PED0000541,CLI_0010,ROSARIO,ASESOR_3,CONSTRUCCION,PERFILES,C,2275.84,2645.8,5
2026-04-21,2026-04-20,PED0000542,CLI_0008,ROSARIO,ASESOR_1,ENERGIA,BULONERIA,C,1117.34,1464.1,5
2026-04-21,2026-04-20,PED0000542,CLI_0008,ROSARIO,ASESOR_1,ENERGIA,CAÑOS Y TUBOS,C,2823.33,4306.9,5
2026-04-21,2026-04-20,PED0000543,CLI_0011,CAPITAL,ASESOR_5,AUTOPARTES,BULONERIA,B,2016.32,2974.7,4
2026-04-22,2026-04-20,PED0000544,CLI_0016,CORDOBA,ASESOR_1,AUTOPARTES,CH430,C,1129.35,1118.9,2
2026-04-22,2026-04-20,PED0000544,CLI_0016,CORDOBA,ASESOR_1,AUTOPARTES,PERFILES,C,2432.13,2423.5,3
2026-04-20,2026-04-20,PED0000545,CLI_0026,MENDOZA,ASESOR_4,ENERGIA,CH430,C,1003.13,1009.9,3
2026-04-20,2026-04-20,PED0000546,CLI_0013,ROSARIO,ASESOR_6,CONSTRUCCION,CH304,C,1007.62,1046.3,1
2026-04-21,2026-04-20,PED0000547,CLI_0019,MENDOZA,ASESOR_3,CONSTRUCCION,BULONERIA,B,2171.27,1946.6,6
2026-04-22,2026-04-20,PED0000548,CLI_0039,CORDOBA,ASESOR_4,CONSTRUCCION,PERFILES,B,3216.03,4646.1,6
2026-04-21,2026-04-20,PED0000549,CLI_0034,ROSARIO,ASESOR_4,AUTOPARTES,CAÑOS Y TUBOS,A,2835.48,2395.2,5
2026-04-21,2026-04-20,PED0000549,CLI_0034,ROSARIO,ASESOR_4,AUTOPARTES,BULONERIA,A,1184.81,1847.1,3
2026-04-21,2026-04-20,PED0000549,CLI_0034,ROSARIO,ASESOR_4,AUTOPARTES,CH430,A,1243.81,1467.6,2
2026-04-22,2026-04-20,PED0000550,CLI_0016,CORDOBA,ASESOR_2,AGRO,PERFILES,B,2206.29,3070.2,1
2026-04-20,2026-04-20,PED0000551,CLI_0005,ROSARIO,ASESOR_3,ENERGIA,CH316,B,1690.43,1877.7,4
2026-04-22,2026-04-20,PED0000552,CLI_0034,CORDOBA,ASESOR_3,CONSTRUCCION,CH316,C,1308.2,1707.3,6
2026-04-23,2026-04-20,PED0000553,CLI_0021,MENDOZA,ASESOR_1,AGRO,CH430,C,1456.95,2121.6,2
2026-04-23,2026-04-20,PED0000553,CLI_0021,MENDOZA,ASESOR_1,AGRO,CAÑOS Y TUBOS,C,1627.98,1961.8,3
2026-04-20,2026-04-20,PED0000554,CLI_0027,MENDOZA,ASESOR_5,ENERGIA,BULONERIA,C,2312.28,3313.1,2
2026-04-20,2026-04-20,PED0000554,CLI_0027,MENDOZA,ASESOR_5,ENERGIA,CH316,C,1085.22,1041.9,3
2026-04-24,2026-04-20,PED0000555,CLI_0006,CORDOBA,ASESOR_5,CONSTRUCCION,BULONERIA,A,2559.36,3451.6,3
2026-04-24,2026-04-20,PED0000555,CLI_0006,CORDOBA,ASESOR_5,CONSTRUCCION,CH316,A,1056.73,1583.8,2
2026-04-21,2026-04-20,PED0000556,CLI_0005,CORDOBA,ASESOR_2,ENERGIA,CH430,C,1094.07,1642.3,5
2026-04-20,2026-04-20,PED0000557,CLI_0009,ROSARIO,ASESOR_1,CONSTRUCCION,CH316,C,1111.19,1438.3,5
2026-04-20,2026-04-20,PED0000557,CLI_0009,ROSARIO,ASESOR_1,CONSTRUCCION,CH430,C,1070.18,932.4,3
2026-04-20,2026-04-20,PED0000557,CLI_0009,ROSARIO,ASESOR_1,CONSTRUCCION,BULONERIA,C,1055.52,1323.4,1
2026-04-21,2026-04-20,PED0000558,CLI_0039,MENDOZA,ASESOR_4,METALMECANICA,CH430,A,1153.71,1321.1,2
2026-04-21,2026-04-20,PED0000558,CLI_0039,MENDOZA,ASESOR_4,METALMECANICA,BULONERIA,A,2279.64,3638.7,3
2026-04-21,2026-04-20,PED0000558,CLI_0039,MENDOZA,ASESOR_4,METALMECANICA,CAÑOS Y TUBOS,A,1648.88,1568.9,2
2026-04-21,2026-04-20,PED0000559,CLI_0021,MENDOZA,ASESOR_2,CONSTRUCCION,CH316,B,1503.86,1981.8,1
2026-04-21,2026-04-20,PED0000559,CLI_0021,MENDOZA,ASESOR_2,CONSTRUCCION,CH430,B,925.83,839.3,3
2026-04-24,2026-04-20,PED0000560,CLI_0020,MENDOZA,ASESOR_6,AUTOPARTES,CH304,C,2848.94,2397.9,2
2026-04-20,2026-04-20,PED0000561,CLI_0020,MENDOZA,ASESOR_3,ENERGIA,PERFILES,C,1635.48,2587.4,6
2026-04-22,2026-04-20,PED0000562,CLI_0040,CORDOBA,ASESOR_2,ENERGIA,CAÑOS Y TUBOS,A,1802.09,2707.3,2
2026-04-20,2026-04-20,PED0000563,CLI_0011,CAPITAL,ASESOR_3,ENERGIA,CH316,B,3180.74,5021.4,3
2026-04-24,2026-04-20,PED0000564,CLI_0008,CORDOBA,ASESOR_4,AGRO,CH430,C,1179.36,1785.7,3
2026-04-24,2026-04-20,PED0000564,CLI_0008,CORDOBA,ASESOR_4,AGRO,PERFILES,C,3215.5,3836.2,2
2026-04-21,2026-04-20,PED0000565,CLI_0037,MENDOZA,ASESOR_1,AUTOPARTES,CH430,A,1019.76,1196.9,1
2026-04-23,2026-04-20,PED0000566,CLI_0008,MENDOZA,ASESOR_1,METALMECANICA,CH304,B,3248.99,4852.4,1
2026-04-21,2026-04-20,PED0000567,CLI_0014,CORDOBA,ASESOR_1,AUTOPARTES,CH430,C,1555.28,1972.9,5
2026-04-21,2026-04-20,PED0000567,CLI_0014,CORDOBA,ASESOR_1,AUTOPARTES,PERFILES,C,3590.88,2884.6,5
2026-04-20,2026-04-20,PED0000568,CLI_0045,ROSARIO,ASESOR_4,CONSTRUCCION,CH304,B,1052.21,1338.7,1
2026-04-20,2026-04-20,PED0000568,CLI_0045,ROSARIO,ASESOR_4,CONSTRUCCION,CH430,B,1420.88,1311.5,1
2026-04-20,2026-04-20,PED0000568,CLI_0045,ROSARIO,ASESOR_4,CONSTRUCCION,BULONERIA,B,1238.87,1692.5,4
2026-04-22,2026-04-20,PED0000569,CLI_0014,MENDOZA,ASESOR_6,AGRO,BULONERIA,C,1980.95,2744.1,6
2026-04-22,2026-04-20,PED0000569,CLI_0014,MENDOZA,ASESOR_6,AGRO,PERFILES,C,2092.78,3008.6,2
2026-04-22,2026-04-20,PED0000569,CLI_0014,MENDOZA,ASESOR_6,AGRO,CAÑOS Y TUBOS,C,1267.27,1063.2,6
2026-04-24,2026-04-20,PED0000570,CLI_0039,CORDOBA,ASESOR_3,CONSTRUCCION,CAÑOS Y TUBOS,C,1301.45,1291.1,4
2026-04-22,2026-04-20,PED0000571,CLI_0020,CAPITAL,ASESOR_1,AUTOPARTES,BULONERIA,A,1442.34,1720.2,4
2026-04-22,2026-04-20,PED0000571,CLI_0020,CAPITAL,ASESOR_1,AUTOPARTES,CH316,A,3557.3,5468.8,6
2026-04-21,2026-04-20,PED0000572,CLI_0014,ROSARIO,ASESOR_3,CONSTRUCCION,CAÑOS Y TUBOS,C,2371.73,2965.7,4
2026-04-23,2026-04-20,PED0000573,CLI_0015,CAPITAL,ASESOR_4,AGRO,PERFILES,C,1497.34,1753.1,2
2026-04-20,2026-04-20,PED0000574,CLI_0009,ROSARIO,ASESOR_4,ENERGIA,CAÑOS Y TUBOS,C,1895.02,2731.2,3
2026-04-23,2026-04-20,PED0000575,CLI_0044,ROSARIO,ASESOR_2,AGRO,CH304,C,1139.33,1747.5,5
2026-04-24,2026-04-20,PED0000576,CLI_0010,CAPITAL,ASESOR_5,METALMECANICA,CH430,B,938.51,1327.9,1
2026-04-24,2026-04-20,PED0000576,CLI_0010,CAPITAL,ASESOR_5,METALMECANICA,BULONERIA,B,1436.4,1909.4,2
2026-04-22,2026-04-20,PED0000577,CLI_0015,ROSARIO,ASESOR_4,CONSTRUCCION,CAÑOS Y TUBOS,A,2548.57,2579.3,2
2026-04-22,2026-04-20,PED0000577,CLI_0015,ROSARIO,ASESOR_4,CONSTRUCCION,BULONERIA,A,1081.4,932.8,5
2026-04-20,2026-04-20,PED0000578,CLI_0038,CORDOBA,ASESOR_6,CONSTRUCCION,CH304,B,1175.23,1388.8,6
2026-04-24,2026-04-20,PED0000579,CLI_0024,MENDOZA,ASESOR_6,ENERGIA,PERFILES,C,1904.78,2991.5,6
2026-04-24,2026-04-20,PED0000579,CLI_0024,MENDOZA,ASESOR_6,ENERGIA,CH430,C,1161.63,1210.6,2
2026-04-21,2026-04-20,PED0000580,CLI_0032,ROSARIO,ASESOR_1,AUTOPARTES,CH316,A,1541.36,1770.5,6
2026-04-21,2026-04-20,PED0000580,CLI_0032,ROSARIO,ASESOR_1,AUTOPARTES,CAÑOS Y TUBOS,A,2829.83,3483.1,1
2026-04-21,2026-04-20,PED0000580,CLI_0032,ROSARIO,ASESOR_1,AUTOPARTES,BULONERIA,A,1138.18,1332.5,4
2026-04-23,2026-04-20,PED0000581,CLI_0040,MENDOZA,ASESOR_1,CONSTRUCCION,CAÑOS Y TUBOS,A,1544.11,1484.0,5
2026-04-23,2026-04-20,PED0000581,CLI_0040,MENDOZA,ASESOR_1,CONSTRUCCION,CH304,A,3226.29,3592.1,3
2026-04-23,2026-04-20,PED0000581,CLI_0040,MENDOZA,ASESOR_1,CONSTRUCCION,BULONERIA,A,1636.8,2134.9,6
2026-04-22,2026-04-20,PED0000582,CLI_0024,MENDOZA,ASESOR_4,METALMECANICA,CAÑOS Y TUBOS,C,1470.71,1872.0,5
2026-04-24,2026-04-20,PED0000583,CLI_0023,MENDOZA,ASESOR_2,CONSTRUCCION,CH304,B,2448.47,3228.7,4
2026-04-23,2026-04-20,PED0000584,CLI_0036,CAPITAL,ASESOR_4,ENERGIA,CH304,C,2766.95,2639.0,3
2026-04-23,2026-04-20,PED0000584,CLI_0036,CAPITAL,ASESOR_4,ENERGIA,CH316,C,3083.53,3719.1,5
2026-04-23,2026-04-20,PED0000585,CLI_0030,CORDOBA,ASESOR_5,METALMECANICA,BULONERIA,A,2507.88,3700.7,5
2026-04-23,2026-04-20,PED0000585,CLI_0030,CORDOBA,ASESOR_5,METALMECANICA,CH430,A,1110.54,1502.1,1
2026-04-23,2026-04-20,PED0000585,CLI_0030,CORDOBA,ASESOR_5,METALMECANICA,CAÑOS Y TUBOS,A,1606.87,1451.5,2
2026-04-23,2026-04-20,PED0000586,CLI_0023,ROSARIO,ASESOR_5,METALMECANICA,CH316,A,1474.75,2358.7,3
2026-04-20,2026-04-20,PED0000587,CLI_0032,CORDOBA,ASESOR_3,AUTOPARTES,CH430,A,1049.89,1030.3,5
2026-04-20,2026-04-20,PED0000587,CLI_0032,CORDOBA,ASESOR_3,AUTOPARTES,CAÑOS Y TUBOS,A,1278.42,1286.4,3
2026-04-24,2026-04-20,PED0000588,CLI_0019,CORDOBA,ASESOR_1,ENERGIA,CH304,B,1705.92,1962.3,4
2026-04-24,2026-04-20,PED0000588,CLI_0019,CORDOBA,ASESOR_1,ENERGIA,BULONERIA,B,2685.52,3772.1,1
2026-04-20,2026-04-20,PED0000589,CLI_0030,CAPITAL,ASESOR_5,CONSTRUCCION,CH430,B,993.67,1400.7,4
2026-04-20,2026-04-20,PED0000589,CLI_0030,CAPITAL,ASESOR_5,CONSTRUCCION,CH316,B,3551.99,3123.7,6
2026-04-20,2026-04-20,PED0000589,CLI_0030,CAPITAL,ASESOR_5,CONSTRUCCION,BULONERIA,B,1658.73,2414.0,1
2026-04-21,2026-04-20,PED0000590,CLI_0029,ROSARIO,ASESOR_4,METALMECANICA,CAÑOS Y TUBOS,C,2144.11,2009.1,3
2026-04-21,2026-04-20,PED0000590,CLI_0029,ROSARIO,ASESOR_4,METALMECANICA,CH430,C,1138.44,1598.2,3
2026-04-21,2026-04-20,PED0000591,CLI_0003,ROSARIO,ASESOR_2,ENERGIA,CAÑOS Y TUBOS,B,2877.68,4493.4,5
2026-04-21,2026-04-20,PED0000591,CLI_0003,ROSARIO,ASESOR_2,ENERGIA,BULONERIA,B,1450.19,1579.9,1
2026-04-20,2026-04-20,PED0000592,CLI_0018,MENDOZA,ASESOR_2,CONSTRUCCION,CH430,C,1165.71,1652.9,4
2026-04-24,2026-04-20,PED0000593,CLI_0015,CAPITAL,ASESOR_4,CONSTRUCCION,BULONERIA,C,2207.24,3176.8,5
2026-04-22,2026-04-20,PED0000594,CLI_0045,CORDOBA,ASESOR_4,METALMECANICA,CH430,C,980.89,1004.3,5
2026-04-22,2026-04-20,PED0000594,CLI_0045,CORDOBA,ASESOR_4,METALMECANICA,BULONERIA,C,2301.39,2111.5,4
2026-04-22,2026-04-20,PED0000595,CLI_0021,MENDOZA,ASESOR_6,AUTOPARTES,BULONERIA,C,2584.55,2241.9,5
2026-04-22,2026-04-20,PED0000595,CLI_0021,MENDOZA,ASESOR_6,AUTOPARTES,CAÑOS Y TUBOS,C,1358.44,1874.8,6
2026-04-22,2026-04-20,PED0000595,CLI_0021,MENDOZA,ASESOR_6,AUTOPARTES,CH316,C,1718.27,2090.1,5
2026-04-24,2026-04-20,PED0000596,CLI_0042,CORDOBA,ASESOR_2,CONSTRUCCION,BULONERIA,B,1810.26,1488.6,5
2026-04-20,2026-04-20,PED0000597,CLI_0012,CORDOBA,ASESOR_2,AGRO,CH430,C,1383.61,1499.2,1
2026-04-20,2026-04-20,PED0000597,CLI_0012,CORDOBA,ASESOR_2,AGRO,BULONERIA,C,2460.78,3821.8,4
2026-04-24,2026-04-20,PED0000598,CLI_0041,CORDOBA,ASESOR_5,CONSTRUCCION,BULONERIA,B,2556.67,2523.6,3
2026-04-24,2026-04-20,PED0000598,CLI_0041,CORDOBA,ASESOR_5,CONSTRUCCION,PERFILES,B,2565.27,3662.8,6
2026-04-20,2026-04-20,PED0000599,CLI_0039,ROSARIO,ASESOR_6,METALMECANICA,PERFILES,B,1812.73,2579.2,4
2026-04-20,2026-04-20,PED0000600,CLI_0028,CAPITAL,ASESOR_2,METALMECANICA,CH316,C,3144.22,3637.6,3
2026-04-22,2026-04-20,PED0000601,CLI_0033,MENDOZA,ASESOR_5,ENERGIA,BULONERIA,B,2709.96,3661.7,4
2026-04-22,2026-04-20,PED0000601,CLI_0033,MENDOZA,ASESOR_5,ENERGIA,CAÑOS Y TUBOS,B,1652.59,1873.3,2
2026-04-21,2026-04-20,PED0000602,CLI_0018,ROSARIO,ASESOR_5,AUTOPARTES,PERFILES,B,2350.28,2736.5,1
2026-04-21,2026-04-20,PED0000602,CLI_0018,ROSARIO,ASESOR_5,AUTOPARTES,BULONERIA,B,1419.79,2208.1,3
2026-04-21,2026-04-20,PED0000602,CLI_0018,ROSARIO,ASESOR_5,AUTOPARTES,CH304,B,1345.25,1204.0,4
2026-04-24,2026-04-20,PED0000603,CLI_0009,CAPITAL,ASESOR_1,AGRO,CH430,C,812.22,893.1,3
2026-04-20,2026-04-20,PED0000604,CLI_0040,MENDOZA,ASESOR_1,AUTOPARTES,CH430,A,1031.73,1435.9,1
2026-04-20,2026-04-20,PED0000604,CLI_0040,MENDOZA,ASESOR_1,AUTOPARTES,BULONERIA,A,1761.04,1900.0,1
2026-04-20,2026-04-20,PED0000604,CLI_0040,MENDOZA,ASESOR_1,AUTOPARTES,CH316,A,1384.49,1742.3,5
2026-04-21,2026-04-20,PED0000605,CLI_0002,MENDOZA,ASESOR_3,METALMECANICA,CAÑOS Y TUBOS,B,1674.77,2233.8,2
2026-04-23,2026-04-20,PED0000606,CLI_0007,CORDOBA,ASESOR_1,ENERGIA,CAÑOS Y TUBOS,C,1363.62,1140.9,6
2026-04-20,2026-04-20,PED0000607,CLI_0016,MENDOZA,ASESOR_6,AGRO,BULONERIA,C,2237.26,2011.4,5
2026-04-20,2026-04-20,PED0000607,CLI_0016,MENDOZA,ASESOR_6,AGRO,CH430,C,971.7,1519.9,5
2026-04-24,2026-04-20,PED0000608,CLI_0010,CAPITAL,ASESOR_5,ENERGIA,CH304,A,3810.53,3886.6,2
2026-04-24,2026-04-20,PED0000608,CLI_0010,CAPITAL,ASESOR_5,ENERGIA,PERFILES,A,1418.92,1936.1,5
2026-04-24,2026-04-20,PED0000608,CLI_0010,CAPITAL,ASESOR_5,ENERGIA,CH316,A,3093.27,4471.4,5
2026-04-22,2026-04-20,PED0000609,CLI_0038,CORDOBA,ASESOR_4,ENERGIA,CAÑOS Y TUBOS,A,1130.09,1381.3,4
2026-04-21,2026-04-20,PED0000610,CLI_0039,CORDOBA,ASESOR_1,CONSTRUCCION,CH316,C,950.63,828.7,3
2026-04-21,2026-04-20,PED0000611,CLI_0039,MENDOZA,ASESOR_6,AUTOPARTES,CH304,A,2490.26,2188.9,2
2026-04-20,2026-04-20,PED0000612,CLI_0031,MENDOZA,ASESOR_3,AGRO,PERFILES,B,1813.8,2166.4,5
2026-04-24,2026-04-20,PED0000613,CLI_0010,MENDOZA,ASESOR_1,AGRO,CAÑOS Y TUBOS,A,1132.16,1479.5,1
2026-04-24,2026-04-20,PED0000614,CLI_0004,CORDOBA,ASESOR_5,ENERGIA,CH316,C,1119.96,1295.5,6
2026-04-24,2026-04-20,PED0000614,CLI_0004,CORDOBA,ASESOR_5,ENERGIA,CH430,C,1301.28,1856.0,2
2026-04-23,2026-04-20,PED0000615,CLI_0020,CORDOBA,ASESOR_5,AUTOPARTES,PERFILES,C,2157.69,2528.2,5
2026-04-23,2026-04-20,PED0000615,CLI_0020,CORDOBA,ASESOR_5,AUTOPARTES,CAÑOS Y TUBOS,C,1326.73,2093.1,1
2026-04-23,2026-04-20,PED0000615,CLI_0020,CORDOBA,ASESOR_5,AUTOPARTES,CH304,C,1096.8,1686.3,3
2026-05-01,2026-04-27,PED0000616,CLI_0040,CORDOBA,ASESOR_6,METALMECANICA,CH430,C,1080.75,1326.4,1
2026-05-01,2026-04-27,PED0000616,CLI_0040,CORDOBA,ASESOR_6,METALMECANICA,CH304,C,1265.85,1413.0,1
2026-04-28,2026-04-27,PED0000617,CLI_0007,ROSARIO,ASESOR_6,ENERGIA,CH430,C,1298.18,2055.9,6
2026-04-28,2026-04-27,PED0000617,CLI_0007,ROSARIO,ASESOR_6,ENERGIA,BULONERIA,C,1234.12,1230.1,3
2026-04-27,2026-04-27,PED0000618,CLI_0042,CORDOBA,ASESOR_2,METALMECANICA,CH316,C,814.57,657.9,2
2026-04-27,2026-04-27,PED0000618,CLI_0042,CORDOBA,ASESOR_2,METALMECANICA,CH304,C,1344.95,2039.2,6
2026-04-27,2026-04-27,PED0000618,CLI_0042,CORDOBA,ASESOR_2,METALMECANICA,CAÑOS Y TUBOS,C,1474.83,1643.3,1
2026-04-27,2026-04-27,PED0000619,CLI_0020,CAPITAL,ASESOR_5,CONSTRUCCION,CAÑOS Y TUBOS,C,2192.47,2381.8,2
2026-04-30,2026-04-27,PED0000620,CLI_0006,CAPITAL,ASESOR_1,METALMECANICA,BULONERIA,B,1352.61,1386.3,6
2026-04-28,2026-04-27,PED0000621,CLI_0035,CORDOBA,ASESOR_2,CONSTRUCCION,CAÑOS Y TUBOS,C,1829.5,1517.5,4
2026-04-27,2026-04-27,PED0000622,CLI_0033,ROSARIO,ASESOR_1,AUTOPARTES,PERFILES,C,1789.08,1708.6,6
2026-04-27,2026-04-27,PED0000622,CLI_0033,ROSARIO,ASESOR_1,AUTOPARTES,BULONERIA,C,1305.53,1757.1,5
2026-04-27,2026-04-27,PED0000622,CLI_0033,ROSARIO,ASESOR_1,AUTOPARTES,CAÑOS Y TUBOS,C,2010.63,2554.6,6
2026-05-01,2026-04-27,PED0000623,CLI_0012,CAPITAL,ASESOR_2,AGRO,CH430,C,1056.45,864.7,6
2026-05-01,2026-04-27,PED0000623,CLI_0012,CAPITAL,ASESOR_2,AGRO,CH316,C,3464.78,4475.0,6
2026-04-29,2026-04-27,PED0000624,CLI_0016,MENDOZA,ASESOR_1,METALMECANICA,CAÑOS Y TUBOS,C,1313.67,1765.8,4
2026-04-27,2026-04-27,PED0000625,CLI_0023,MENDOZA,ASESOR_3,ENERGIA,CAÑOS Y TUBOS,C,1505.0,1584.8,4
2026-04-28,2026-04-27,PED0000626,CLI_0006,ROSARIO,ASESOR_3,CONSTRUCCION,CAÑOS Y TUBOS,C,2036.25,2165.3,1
2026-04-28,2026-04-27,PED0000626,CLI_0006,ROSARIO,ASESOR_3,CONSTRUCCION,CH304,C,1180.99,1036.2,4
2026-04-28,2026-04-27,PED0000626,CLI_0006,ROSARIO,ASESOR_3,CONSTRUCCION,CH316,C,1385.21,1134.8,6
2026-04-29,2026-04-27,PED0000627,CLI_0027,CORDOBA,ASESOR_3,AUTOPARTES,CH430,A,1492.32,2320.3,5
2026-04-29,2026-04-27,PED0000627,CLI_0027,CORDOBA,ASESOR_3,AUTOPARTES,PERFILES,A,3046.88,4300.0,6
2026-04-27,2026-04-27,PED0000628,CLI_0038,MENDOZA,ASESOR_5,CONSTRUCCION,BULONERIA,A,1698.84,1532.4,4
2026-04-27,2026-04-27,PED0000629,CLI_0032,CAPITAL,ASESOR_3,ENERGIA,PERFILES,C,1459.27,1612.7,1
2026-04-27,2026-04-27,PED0000629,CLI_0032,CAPITAL,ASESOR_3,ENERGIA,CH304,C,3276.52,3698.8,5
2026-05-01,2026-04-27,PED0000630,CLI_0009,CAPITAL,ASESOR_4,METALMECANICA,CH430,B,879.33,934.3,2
2026-05-01,2026-04-27,PED0000630,CLI_0009,CAPITAL,ASESOR_4,METALMECANICA,CH304,B,2488.39,2015.2,6
2026-05-01,2026-04-27,PED0000631,CLI_0036,CAPITAL,ASESOR_5,AUTOPARTES,CAÑOS Y TUBOS,C,1866.48,2420.2,2
2026-05-01,2026-04-27,PED0000632,CLI_0015,ROSARIO,ASESOR_2,CONSTRUCCION,BULONERIA,A,1424.76,1494.5,5
2026-04-29,2026-04-27,PED0000633,CLI_0041,ROSARIO,ASESOR_2,METALMECANICA,CH304,B,1120.82,1486.4,2
2026-04-27,2026-04-27,PED0000634,CLI_0039,CAPITAL,ASESOR_2,ENERGIA,CH316,C,3940.13,5171.2,2
2026-05-01,2026-04-27,PED0000635,CLI_0041,CAPITAL,ASESOR_3,AUTOPARTES,PERFILES,C,2002.47,2589.0,4
2026-05-01,2026-04-27,PED0000635,CLI_0041,CAPITAL,ASESOR_3,AUTOPARTES,BULONERIA,C,1627.47,1438.5,1
2026-04-30,2026-04-27,PED0000636,CLI_0013,MENDOZA,ASESOR_2,CONSTRUCCION,CH316,C,1613.37,2520.2,3
2026-04-30,2026-04-27,PED0000636,CLI_0013,MENDOZA,ASESOR_2,CONSTRUCCION,CAÑOS Y TUBOS,C,1708.53,1880.6,4
2026-04-27,2026-04-27,PED0000637,CLI_0021,ROSARIO,ASESOR_1,AGRO,CH316,A,1391.27,1815.7,3
2026-04-27,2026-04-27,PED0000637,CLI_0021,ROSARIO,ASESOR_1,AGRO,CH430,A,938.69,773.2,2
2026-04-29,2026-04-27,PED0000638,CLI_0014,CORDOBA,ASESOR_2,AUTOPARTES,CH316,C,918.38,864.1,3
2026-04-29,2026-04-27,PED0000638,CLI_0014,CORDOBA,ASESOR_2,AUTOPARTES,BULONERIA,C,2628.81,2147.2,6
2026-04-29,2026-04-27,PED0000639,CLI_0041,ROSARIO,ASESOR_4,CONSTRUCCION,CH430,B,1404.17,1865.8,5
2026-04-28,2026-04-27,PED0000640,CLI_0040,MENDOZA,ASESOR_6,CONSTRUCCION,CAÑOS Y TUBOS,A,1624.92,1713.3,4
2026-04-29,2026-04-27,PED0000641,CLI_0009,ROSARIO,ASESOR_1,ENERGIA,CH430,C,944.38,1356.6,2
2026-04-29,2026-04-27,PED0000641,CLI_0009,ROSARIO,ASESOR_1,ENERGIA,CH316,C,1686.03,2655.0,4
2026-04-28,2026-04-27,PED0000642,CLI_0007,ROSARIO,ASESOR_6,CONSTRUCCION,BULONERIA,C,1422.72,1564.2,5
2026-04-30,2026-04-27,PED0000643,CLI_0022,MENDOZA,ASESOR_2,AGRO,CAÑOS Y TUBOS,C,1309.45,1467.6,5
2026-04-30,2026-04-27,PED0000643,CLI_0022,MENDOZA,ASESOR_2,AGRO,BULONERIA,C,2333.54,2253.6,2
2026-04-30,2026-04-27,PED0000644,CLI_0006,MENDOZA,ASESOR_2,METALMECANICA,CH430,B,1256.99,1140.7,1
2026-04-30,2026-04-27,PED0000644,CLI_0006,MENDOZA,ASESOR_2,METALMECANICA,BULONERIA,B,1948.52,2367.6,2
2026-04-30,2026-04-27,PED0000645,CLI_0037,CAPITAL,ASESOR_4,ENERGIA,CAÑOS Y TUBOS,C,1759.2,2107.6,3
2026-04-27,2026-04-27,PED0000646,CLI_0033,MENDOZA,ASESOR_1,AUTOPARTES,CH304,B,2485.41,2986.0,5
2026-04-29,2026-04-27,PED0000647,CLI_0015,CAPITAL,ASESOR_3,AUTOPARTES,CH316,A,2917.51,3909.7,3
2026-05-01,2026-04-27,PED0000648,CLI_0034,CORDOBA,ASESOR_6,AGRO,CH304,A,1632.58,2328.9,4
2026-05-01,2026-04-27,PED0000648,CLI_0034,CORDOBA,ASESOR_6,AGRO,CH430,A,1591.0,2318.9,6
2026-05-01,2026-04-27,PED0000648,CLI_0034,CORDOBA,ASESOR_6,AGRO,PERFILES,A,2173.34,2875.9,2
2026-04-30,2026-04-27,PED0000649,CLI_0017,MENDOZA,ASESOR_2,AUTOPARTES,PERFILES,C,1987.65,2794.8,6
2026-04-30,2026-04-27,PED0000650,CLI_0020,MENDOZA,ASESOR_3,CONSTRUCCION,BULONERIA,B,1855.75,2152.6,5
2026-04-30,2026-04-27,PED0000650,CLI_0020,MENDOZA,ASESOR_3,CONSTRUCCION,CAÑOS Y TUBOS,B,1133.04,1032.4,2
2026-04-29,2026-04-27,PED0000651,CLI_0043,CORDOBA,ASESOR_6,CONSTRUCCION,CAÑOS Y TUBOS,B,1620.74,1819.6,6
2026-04-28,2026-04-27,PED0000652,CLI_0038,CORDOBA,ASESOR_3,ENERGIA,CH430,A,1345.36,1936.4,5
2026-05-01,2026-04-27,PED0000653,CLI_0015,MENDOZA,ASESOR_4,AUTOPARTES,CAÑOS Y TUBOS,C,1191.2,1495.7,4
2026-04-28,2026-04-27,PED0000654,CLI_0032,CORDOBA,ASESOR_1,AUTOPARTES,BULONERIA,A,2293.72,1884.2,2
2026-05-01,2026-04-27,PED0000655,CLI_0005,CAPITAL,ASESOR_4,AGRO,CH304,B,2891.74,2338.9,3
2026-05-01,2026-04-27,PED0000656,CLI_0016,MENDOZA,ASESOR_4,AUTOPARTES,BULONERIA,C,1702.89,2663.5,2
2026-04-28,2026-04-27,PED0000657,CLI_0010,ROSARIO,ASESOR_2,AGRO,CH430,B,1035.41,1422.0,4
2026-04-28,2026-04-27,PED0000657,CLI_0010,ROSARIO,ASESOR_2,AGRO,PERFILES,B,1901.5,1532.5,2
2026-05-01,2026-04-27,PED0000658,CLI_0019,MENDOZA,ASESOR_1,METALMECANICA,PERFILES,C,2068.75,2416.6,5
2026-04-29,2026-04-27,PED0000659,CLI_0035,CAPITAL,ASESOR_6,CONSTRUCCION,BULONERIA,B,1683.07,2455.2,2
2026-04-29,2026-04-27,PED0000659,CLI_0035,CAPITAL,ASESOR_6,CONSTRUCCION,CH430,B,861.77,813.2,5
2026-05-01,2026-04-27,PED0000660,CLI_0018,MENDOZA,ASESOR_4,METALMECANICA,BULONERIA,C,2654.79,2632.9,2
2026-04-28,2026-04-27,PED0000661,CLI_0018,CORDOBA,ASESOR_6,ENERGIA,CAÑOS Y TUBOS,B,1850.28,1593.5,1
2026-04-28,2026-04-27,PED0000661,CLI_0018,CORDOBA,ASESOR_6,ENERGIA,PERFILES,B,2881.32,4101.9,4
2026-04-28,2026-04-27,PED0000661,CLI_0018,CORDOBA,ASESOR_6,ENERGIA,CH304,B,1371.51,1374.5,5
2026-04-30,2026-04-27,PED0000662,CLI_0040,CAPITAL,ASESOR_4,CONSTRUCCION,CAÑOS Y TUBOS,A,2219.14,2479.5,1
2026-04-30,2026-04-27,PED0000663,CLI_0035,CORDOBA,ASESOR_1,AUTOPARTES,CH304,B,1440.05,1431.2,4
2026-04-27,2026-04-27,PED0000664,CLI_0038,ROSARIO,ASESOR_4,AGRO,CH316,C,1164.52,1622.4,2
2026-04-27,2026-04-27,PED0000664,CLI_0038,ROSARIO,ASESOR_4,AGRO,CH430,C,959.17,1353.3,6
2026-04-27,2026-04-27,PED0000665,CLI_0032,CORDOBA,ASESOR_2,METALMECANICA,PERFILES,B,3157.82,4639.5,5
2026-04-27,2026-04-27,PED0000665,CLI_0032,CORDOBA,ASESOR_2,METALMECANICA,CH316,B,1159.36,1591.9,1
2026-04-27,2026-04-27,PED0000665,CLI_0032,CORDOBA,ASESOR_2,METALMECANICA,CAÑOS Y TUBOS,B,1401.89,1467.3,1
2026-04-29,2026-04-27,PED0000666,CLI_0030,CAPITAL,ASESOR_1,METALMECANICA,CH316,C,3057.4,4865.6,3
2026-04-29,2026-04-27,PED0000666,CLI_0030,CAPITAL,ASESOR_1,METALMECANICA,CH304,C,3591.01,4826.2,1
2026-04-29,2026-04-27,PED0000666,CLI_0030,CAPITAL,ASESOR_1,METALMECANICA,PERFILES,C,1398.82,2106.4,6
2026-04-27,2026-04-27,PED0000667,CLI_0040,ROSARIO,ASESOR_6,AUTOPARTES,CH430,A,1293.09,1680.7,5
2026-04-27,2026-04-27,PED0000667,CLI_0040,ROSARIO,ASESOR_6,AUTOPARTES,PERFILES,A,2029.61,2318.4,2
2026-04-30,2026-04-27,PED0000668,CLI_0003,ROSARIO,ASESOR_1,AGRO,CH304,B,951.44,928.7,6
2026-04-30,2026-04-27,PED0000668,CLI_0003,ROSARIO,ASESOR_1,AGRO,CAÑOS Y TUBOS,B,2778.1,3667.0,3
2026-04-27,2026-04-27,PED0000669,CLI_0016,CAPITAL,ASESOR_1,AUTOPARTES,PERFILES,B,1424.33,1247.4,3
2026-04-27,2026-04-27,PED0000669,CLI_0016,CAPITAL,ASESOR_1,AUTOPARTES,CH316,B,3947.93,5357.6,6
2026-04-30,2026-04-27,PED0000670,CLI_0032,ROSARIO,ASESOR_3,AUTOPARTES,CH304,C,1171.29,1485.2,4
2026-04-28,2026-04-27,PED0000671,CLI_0001,ROSARIO,ASESOR_5,ENERGIA,CH304,C,1004.82,1397.0,2
2026-04-28,2026-04-27,PED0000672,CLI_0013,CAPITAL,ASESOR_1,AUTOPARTES,CH316,B,3407.98,3375.4,6
2026-04-27,2026-04-27,PED0000673,CLI_0008,MENDOZA,ASESOR_6,AGRO,CAÑOS Y TUBOS,A,1590.63,1639.6,1
2026-05-01,2026-04-27,PED0000674,CLI_0006,ROSARIO,ASESOR_6,AGRO,BULONERIA,B,1572.65,2266.4,6
2026-04-30,2026-04-27,PED0000675,CLI_0038,ROSARIO,ASESOR_5,METALMECANICA,CH304,B,872.13,832.0,6
2026-04-30,2026-04-27,PED0000675,CLI_0038,ROSARIO,ASESOR_5,METALMECANICA,CAÑOS Y TUBOS,B,2990.42,4637.0,2
2026-04-28,2026-04-27,PED0000676,CLI_0010,CAPITAL,ASESOR_2,ENERGIA,CAÑOS Y TUBOS,B,2095.94,2199.0,6
2026-04-29,2026-04-27,PED0000677,CLI_0020,ROSARIO,ASESOR_2,METALMECANICA,CAÑOS Y TUBOS,A,2961.27,2846.1,4
2026-04-30,2026-04-27,PED0000678,CLI_0010,CAPITAL,ASESOR_3,METALMECANICA,PERFILES,B,1817.0,2558.8,4
2026-05-01,2026-04-27,PED0000679,CLI_0031,CAPITAL,ASESOR_4,METALMECANICA,PERFILES,C,1810.27,1820.8,4
2026-04-27,2026-04-27,PED0000680,CLI_0018,CORDOBA,ASESOR_4,AGRO,BULONERIA,B,2147.48,1983.8,2
2026-04-30,2026-04-27,PED0000681,CLI_0036,CAPITAL,ASESOR_1,ENERGIA,CAÑOS Y TUBOS,C,2298.75,3623.7,3
2026-04-30,2026-04-27,PED0000682,CLI_0015,MENDOZA,ASESOR_4,AGRO,CH304,C,2346.51,2696.2,3
2026-04-30,2026-04-27,PED0000682,CLI_0015,MENDOZA,ASESOR_4,AGRO,CAÑOS Y TUBOS,C,1681.88,2356.7,3
2026-04-30,2026-04-27,PED0000682,CLI_0015,MENDOZA,ASESOR_4,AGRO,CH316,C,1450.94,1727.9,6
2026-04-28,2026-04-27,PED0000683,CLI_0037,CORDOBA,ASESOR_6,CONSTRUCCION,CH304,C,1702.29,1854.0,6
2026-04-28,2026-04-27,PED0000684,CLI_0016,CAPITAL,ASESOR_6,AUTOPARTES,PERFILES,B,1689.69,2247.4,2
2026-04-30,2026-04-27,PED0000685,CLI_0019,CAPITAL,ASESOR_1,CONSTRUCCION,CH304,C,3729.4,5597.1,2
2026-04-30,2026-04-27,PED0000685,CLI_0019,CAPITAL,ASESOR_1,CONSTRUCCION,PERFILES,C,1894.09,1898.4,3
2026-04-27,2026-04-27,PED0000686,CLI_0015,MENDOZA,ASESOR_5,AGRO,CH430,C,1084.41,1049.3,6
2026-04-27,2026-04-27,PED0000686,CLI_0015,MENDOZA,ASESOR_5,AGRO,CH316,C,1370.33,1434.0,2
2026-05-01,2026-04-27,PED0000687,CLI_0044,MENDOZA,ASESOR_1,CONSTRUCCION,CH430,A,1368.85,1281.9,3
2026-05-01,2026-04-27,PED0000688,CLI_0034,ROSARIO,ASESOR_6,AUTOPARTES,CAÑOS Y TUBOS,A,2022.77,1713.7,2
2026-05-01,2026-04-27,PED0000688,CLI_0034,ROSARIO,ASESOR_6,AUTOPARTES,PERFILES,A,2473.13,2358.1,4
2026-05-01,2026-04-27,PED0000688,CLI_0034,ROSARIO,ASESOR_6,AUTOPARTES,CH316,A,1391.5,2129.5,1
2026-04-29,2026-04-27,PED0000689,CLI_0017,ROSARIO,ASESOR_1,AGRO,CH304,A,1158.58,1369.8,6
2026-05-01,2026-04-27,PED0000690,CLI_0028,CAPITAL,ASESOR_1,CONSTRUCCION,CH304,B,2647.88,3795.5,4
2026-05-01,2026-04-27,PED0000690,CLI_0028,CAPITAL,ASESOR_1,CONSTRUCCION,BULONERIA,B,1871.66,2975.0,3
2026-04-29,2026-04-27,PED0000691,CLI_0019,MENDOZA,ASESOR_4,AGRO,CH430,C,1420.23,2205.3,6
2026-04-29,2026-04-27,PED0000691,CLI_0019,MENDOZA,ASESOR_4,AGRO,BULONERIA,C,2060.79,2655.6,3
2026-04-28,2026-04-27,PED0000692,CLI_0044,CORDOBA,ASESOR_1,CONSTRUCCION,CH304,B,1665.41,1704.7,6
2026-05-01,2026-04-27,PED0000693,CLI_0036,ROSARIO,ASESOR_3,METALMECANICA,CH316,C,1077.74,1412.3,3
2026-04-30,2026-04-27,PED0000694,CLI_0014,CAPITAL,ASESOR_6,AGRO,CAÑOS Y TUBOS,C,1789.96,2309.2,1
2026-04-30,2026-04-27,PED0000695,CLI_0038,CORDOBA,ASESOR_4,METALMECANICA,CH316,C,1197.77,1791.7,5
2026-05-01,2026-04-27,PED0000696,CLI_0031,CAPITAL,ASESOR_2,METALMECANICA,CAÑOS Y TUBOS,C,2312.66,2742.2,5
2026-05-01,2026-04-27,PED0000696,CLI_0031,CAPITAL,ASESOR_2,METALMECANICA,CH316,C,2769.77,2684.8,6
2026-05-01,2026-04-27,PED0000696,CLI_0031,CAPITAL,ASESOR_2,METALMECANICA,BULONERIA,C,1957.92,1731.5,6
2026-04-28,2026-04-27,PED0000697,CLI_0013,CAPITAL,ASESOR_2,AGRO,BULONERIA,C,2181.84,2916.0,6
2026-04-28,2026-04-27,PED0000697,CLI_0013,CAPITAL,ASESOR_2,AGRO,CAÑOS Y TUBOS,C,1540.88,1891.6,6
2026-04-29,2026-04-27,PED0000698,CLI_0015,MENDOZA,ASESOR_1,AGRO,BULONERIA,C,2434.74,3360.0,6
2026-04-27,2026-04-27,PED0000699,CLI_0033,MENDOZA,ASESOR_2,AUTOPARTES,CH430,B,1373.48,2128.6,6
2026-04-30,2026-04-27,PED0000700,CLI_0011,CAPITAL,ASESOR_5,AGRO,CH304,A,2417.02,2969.3,4
2026-04-30,2026-04-27,PED0000700,CLI_0011,CAPITAL,ASESOR_5,AGRO,CH430,A,1115.93,1178.1,3
2026-04-30,2026-04-27,PED0000701,CLI_0002,ROSARIO,ASESOR_5,ENERGIA,CAÑOS Y TUBOS,C,2179.11,3166.1,3
2026-04-28,2026-04-27,PED0000702,CLI_0021,ROSARIO,ASESOR_4,METALMECANICA,BULONERIA,A,1326.49,1389.0,6
2026-04-28,2026-04-27,PED0000702,CLI_0021,ROSARIO,ASESOR_4,METALMECANICA,CH304,A,901.83,1440.7,6
2026-04-27,2026-04-27,PED0000703,CLI_0035,MENDOZA,ASESOR_6,AUTOPARTES,CH430,B,1439.37,2227.5,2
2026-04-27,2026-04-27,PED0000703,CLI_0035,MENDOZA,ASESOR_6,AUTOPARTES,CH316,B,1588.69,1337.8,2
2026-04-27,2026-04-27,PED0000703,CLI_0035,MENDOZA,ASESOR_6,AUTOPARTES,PERFILES,B,2049.22,2831.8,3
2026-04-30,2026-04-27,PED0000704,CLI_0006,ROSARIO,ASESOR_1,ENERGIA,CAÑOS Y TUBOS,B,2433.41,2497.7,6
2026-04-30,2026-04-27,PED0000704,CLI_0006,ROSARIO,ASESOR_1,ENERGIA,BULONERIA,B,1531.38,2084.0,5
2026-04-30,2026-04-27,PED0000704,CLI_0006,ROSARIO,ASESOR_1,ENERGIA,CH304,B,1051.99,951.8,5
2026-05-01,2026-04-27,PED0000705,CLI_0003,CAPITAL,ASESOR_6,AGRO,BULONERIA,B,1764.37,2677.9,2
2026-04-29,2026-04-27,PED0000706,CLI_0027,ROSARIO,ASESOR_6,AUTOPARTES,PERFILES,C,2332.98,3711.3,2
2026-04-29,2026-04-27,PED0000706,CLI_0027,ROSARIO,ASESOR_6,AUTOPARTES,CH304,C,1042.43,1653.5,6
2026-04-28,2026-04-27,PED0000707,CLI_0045,ROSARIO,ASESOR_1,CONSTRUCCION,CH304,B,1162.88,1832.4,6
2026-04-28,2026-04-27,PED0000707,CLI_0045,ROSARIO,ASESOR_1,CONSTRUCCION,PERFILES,B,2380.35,2370.8,1
2026-04-28,2026-04-27,PED0000707,CLI_0045,ROSARIO,ASESOR_1,CONSTRUCCION,CH430,B,1058.44,1260.5,6
2026-04-30,2026-04-27,PED0000708,CLI_0030,ROSARIO,ASESOR_6,METALMECANICA,BULONERIA,C,1347.63,1558.0,1
2026-04-30,2026-04-27,PED0000708,CLI_0030,ROSARIO,ASESOR_6,METALMECANICA,CAÑOS Y TUBOS,C,1944.0,1683.7,4
2026-04-30,2026-04-27,PED0000708,CLI_0030,ROSARIO,ASESOR_6,METALMECANICA,CH430,C,1301.98,1987.8,2
2026-04-29,2026-04-27,PED0000709,CLI_0038,CAPITAL,ASESOR_5,ENERGIA,CH304,C,2601.5,3088.9,6
2026-04-29,2026-04-27,PED0000709,CLI_0038,CAPITAL,ASESOR_5,ENERGIA,PERFILES,C,1790.83,1860.1,2
2026-04-28,2026-04-27,PED0000710,CLI_0021,CAPITAL,ASESOR_3,CONSTRUCCION,BULONERIA,C,1352.57,1683.7,5
2026-04-27,2026-04-27,PED0000711,CLI_0028,MENDOZA,ASESOR_1,ENERGIA,CH316,C,1213.44,1552.3,2
2026-04-27,2026-04-27,PED0000711,CLI_0028,MENDOZA,ASESOR_1,ENERGIA,CH304,C,2084.87,2413.8,3
2026-04-27,2026-04-27,PED0000712,CLI_0036,CAPITAL,ASESOR_1,AUTOPARTES,CH304,C,3837.69,4624.1,3
2026-04-27,2026-04-27,PED0000712,CLI_0036,CAPITAL,ASESOR_1,AUTOPARTES,BULONERIA,C,2194.99,2057.3,6
2026-04-29,2026-04-27,PED0000713,CLI_0014,CAPITAL,ASESOR_2,AGRO,CAÑOS Y TUBOS,A,1956.6,2653.3,5
2026-04-29,2026-04-27,PED0000713,CLI_0014,CAPITAL,ASESOR_2,AGRO,CH316,A,3835.56,6127.1,5
2026-04-28,2026-04-27,PED0000714,CLI_0006,ROSARIO,ASESOR_6,CONSTRUCCION,CH316,C,1290.39,1891.8,2
2026-04-27,2026-04-27,PED0000715,CLI_0009,ROSARIO,ASESOR_5,AGRO,CH430,B,1144.12,1742.4,4
2026-05-01,2026-04-27,PED0000716,CLI_0016,MENDOZA,ASESOR_1,AGRO,BULONERIA,C,2423.57,3868.7,6
2026-05-01,2026-04-27,PED0000717,CLI_0044,ROSARIO,ASESOR_6,AGRO,CH316,C,1302.33,1862.6,4
2026-05-01,2026-04-27,PED0000718,CLI_0015,CAPITAL,ASESOR_5,AUTOPARTES,PERFILES,A,1550.21,1648.6,1
2026-04-29,2026-04-27,PED0000719,CLI_0035,CORDOBA,ASESOR_3,AGRO,CAÑOS Y TUBOS,A,1838.54,1797.7,1
2026-05-01,2026-04-27,PED0000720,CLI_0035,CAPITAL,ASESOR_2,ENERGIA,CAÑOS Y TUBOS,C,1911.28,2600.0,3
2026-05-01,2026-04-27,PED0000720,CLI_0035,CAPITAL,ASESOR_2,ENERGIA,CH304,C,3174.76,4082.7,1
2026-05-01,2026-04-27,PED0000721,CLI_0025,ROSARIO,ASESOR_3,METALMECANICA,CAÑOS Y TUBOS,A,2510.77,2529.0,6
2026-05-01,2026-04-27,PED0000721,CLI_0025,ROSARIO,ASESOR_3,METALMECANICA,BULONERIA,A,1272.57,1176.4,2
2026-04-29,2026-04-27,PED0000722,CLI_0001,ROSARIO,ASESOR_4,ENERGIA,CH316,C,1375.38,1604.0,4
2026-04-29,2026-04-27,PED0000722,CLI_0001,ROSARIO,ASESOR_4,ENERGIA,PERFILES,C,2662.77,3831.1,5
2026-04-29,2026-04-27,PED0000723,CLI_0032,CORDOBA,ASESOR_3,METALMECANICA,CH304,B,1340.28,1407.5,1
2026-04-29,2026-04-27,PED0000723,CLI_0032,CORDOBA,ASESOR_3,METALMECANICA,CH430,B,1388.61,1196.1,2
2026-05-01,2026-04-27,PED0000724,CLI_0007,CAPITAL,ASESOR_2,ENERGIA,CH304,A,3063.52,3713.0,6
2026-05-01,2026-04-27,PED0000724,CLI_0007,CAPITAL,ASESOR_2,ENERGIA,CAÑOS Y TUBOS,A,2249.57,3055.6,4
2026-05-01,2026-04-27,PED0000724,CLI_0007,CAPITAL,ASESOR_2,ENERGIA,CH316,A,2408.62,2293.4,6
2026-04-28,2026-04-27,PED0000725,CLI_0032,CAPITAL,ASESOR_6,METALMECANICA,BULONERIA,C,1875.56,2947.9,6
2026-04-28,2026-04-27,PED0000725,CLI_0032,CAPITAL,ASESOR_6,METALMECANICA,PERFILES,C,1975.74,2787.7,2
2026-04-28,2026-04-27,PED0000725,CLI_0032,CAPITAL,ASESOR_6,METALMECANICA,CH304,C,2591.77,2834.5,2
2026-04-29,2026-04-27,PED0000726,CLI_0031,CORDOBA,ASESOR_1,METALMECANICA,CH430,B,1164.44,1381.6,3
2026-04-29,2026-04-27,PED0000726,CLI_0031,CORDOBA,ASESOR_1,METALMECANICA,CH316,B,927.63,1289.8,5
2026-04-29,2026-04-27,PED0000726,CLI_0031,CORDOBA,ASESOR_1,METALMECANICA,CH304,B,1331.22,2048.0,6
2026-04-29,2026-04-27,PED0000727,CLI_0031,CAPITAL,ASESOR_4,ENERGIA,CAÑOS Y TUBOS,C,1722.5,1865.7,1
2026-04-27,2026-04-27,PED0000728,CLI_0028,CORDOBA,ASESOR_6,AUTOPARTES,CH316,B,858.14,1039.6,2
2026-04-28,2026-04-27,PED0000729,CLI_0040,MENDOZA,ASESOR_1,METALMECANICA,CH430,A,1102.96,1260.3,2
2026-04-28,2026-04-27,PED0000730,CLI_0044,CORDOBA,ASESOR_1,METALMECANICA,BULONERIA,C,2108.98,2293.3,6
2026-04-30,2026-04-27,PED0000731,CLI_0013,ROSARIO,ASESOR_1,AUTOPARTES,CH430,B,1459.81,1355.1,2
2026-05-01,2026-04-27,PED0000732,CLI_0010,MENDOZA,ASESOR_6,AGRO,BULONERIA,A,2403.65,2547.6,4
2026-04-28,2026-04-27,PED0000733,CLI_0010,MENDOZA,ASESOR_2,CONSTRUCCION,PERFILES,C,1316.12,1773.5,1
2026-04-30,2026-04-27,PED0000734,CLI_0007,CORDOBA,ASESOR_4,ENERGIA,CAÑOS Y TUBOS,C,1173.51,1341.5,5
2026-04-27,2026-04-27,PED0000735,CLI_0025,ROSARIO,ASESOR_6,ENERGIA,BULONERIA,A,1073.4,1465.4,1
2026-04-27,2026-04-27,PED0000735,CLI_0025,ROSARIO,ASESOR_6,ENERGIA,CH316,A,1578.22,1896.8,2
2026-04-27,2026-04-27,PED0000735,CLI_0025,ROSARIO,ASESOR_6,ENERGIA,CAÑOS Y TUBOS,A,2026.4,3007.0,6
2026-04-29,2026-04-27,PED0000736,CLI_0011,ROSARIO,ASESOR_2,CONSTRUCCION,CH316,A,1517.51,1324.4,1
2026-04-29,2026-04-27,PED0000736,CLI_0011,ROSARIO,ASESOR_2,CONSTRUCCION,CAÑOS Y TUBOS,A,2256.42,2752.8,6
2026-04-29,2026-04-27,PED0000736,CLI_0011,ROSARIO,ASESOR_2,CONSTRUCCION,CH304,A,1185.05,1167.4,3
2026-04-29,2026-04-27,PED0000737,CLI_0017,MENDOZA,ASESOR_4,CONSTRUCCION,CH430,B,1091.48,1179.7,4
2026-04-27,2026-04-27,PED0000738,CLI_0011,ROSARIO,ASESOR_3,CONSTRUCCION,CH430,A,1085.47,1111.7,5
2026-04-27,2026-04-27,PED0000738,CLI_0011,ROSARIO,ASESOR_3,CONSTRUCCION,CH316,A,1147.75,1087.9,4
2026-05-01,2026-04-27,PED0000739,CLI_0032,CORDOBA,ASESOR_3,AGRO,CH316,A,1007.5,1458.9,6
2026-05-01,2026-04-27,PED0000739,CLI_0032,CORDOBA,ASESOR_3,AGRO,CH430,A,1482.36,1813.1,3
2026-04-27,2026-04-27,PED0000740,CLI_0009,ROSARIO,ASESOR_6,AGRO,CH316,B,1104.92,1739.9,6
2026-04-27,2026-04-27,PED0000740,CLI_0009,ROSARIO,ASESOR_6,AGRO,PERFILES,B,2481.95,2368.6,4
2026-04-27,2026-04-27,PED0000740,CLI_0009,ROSARIO,ASESOR_6,AGRO,CH304,B,1347.37,1158.6,5
2026-05-01,2026-04-27,PED0000741,CLI_0040,CORDOBA,ASESOR_3,METALMECANICA,CH304,C,1189.27,1475.2,3
2026-05-01,2026-04-27,PED0000741,CLI_0040,CORDOBA,ASESOR_3,METALMECANICA,CH316,C,1295.04,1822.8,5
2026-04-30,2026-04-27,PED0000742,CLI_0038,CORDOBA,ASESOR_3,METALMECANICA,CAÑOS Y TUBOS,C,1500.62,2343.9,1
2026-04-29,2026-04-27,PED0000743,CLI_0038,ROSARIO,ASESOR_5,AGRO,PERFILES,C,1671.61,2637.8,2
2026-04-28,2026-04-27,PED0000744,CLI_0021,MENDOZA,ASESOR_4,ENERGIA,PERFILES,C,1638.27,2332.1,4
2026-05-01,2026-04-27,PED0000745,CLI_0027,CORDOBA,ASESOR_2,AUTOPARTES,PERFILES,A,2880.49,3964.9,3
2026-05-01,2026-04-27,PED0000745,CLI_0027,CORDOBA,ASESOR_2,AUTOPARTES,CAÑOS Y TUBOS,A,1337.23,1305.5,6
2026-05-01,2026-04-27,PED0000746,CLI_0003,CORDOBA,ASESOR_5,CONSTRUCCION,CH304,A,1504.15,2336.9,3
2026-04-28,2026-04-27,PED0000747,CLI_0009,ROSARIO,ASESOR_3,CONSTRUCCION,CH304,C,1193.57,1559.0,3
2026-04-30,2026-04-27,PED0000748,CLI_0019,CORDOBA,ASESOR_1,ENERGIA,CH430,B,1382.93,1117.9,3
2026-04-30,2026-04-27,PED0000748,CLI_0019,CORDOBA,ASESOR_1,ENERGIA,BULONERIA,B,1874.87,2947.6,2
2026-04-30,2026-04-27,PED0000748,CLI_0019,CORDOBA,ASESOR_1,ENERGIA,CH304,B,1234.46,1003.0,6
2026-05-01,2026-04-27,PED0000749,CLI_0031,CAPITAL,ASESOR_6,METALMECANICA,CAÑOS Y TUBOS,C,1718.46,1655.1,6
2026-05-01,2026-04-27,PED0000749,CLI_0031,CAPITAL,ASESOR_6,METALMECANICA,CH316,C,3671.6,5148.8,2
2026-04-27,2026-04-27,PED0000750,CLI_0007,MENDOZA,ASESOR_2,METALMECANICA,CAÑOS Y TUBOS,B,1247.76,1859.0,2
2026-04-29,2026-04-27,PED0000751,CLI_0014,MENDOZA,ASESOR_6,AUTOPARTES,CH316,C,1673.23,2258.7,2
2026-04-30,2026-04-27,PED0000752,CLI_0035,CAPITAL,ASESOR_2,CONSTRUCCION,PERFILES,B,1331.12,1864.0,1
2026-04-27,2026-04-27,PED0000753,CLI_0024,CAPITAL,ASESOR_4,METALMECANICA,CH304,A,2735.45,4242.3,5
2026-04-27,2026-04-27,PED0000754,CLI_0033,CAPITAL,ASESOR_1,CONSTRUCCION,CAÑOS Y TUBOS,B,2128.61,3222.5,2
2026-05-01,2026-04-27,PED0000755,CLI_0026,CORDOBA,ASESOR_3,METALMECANICA,BULONERIA,A,1769.96,2584.0,1
2026-05-01,2026-04-27,PED0000755,CLI_0026,CORDOBA,ASESOR_3,METALMECANICA,PERFILES,A,2939.17,2592.5,4
2026-04-30,2026-04-27,PED0000756,CLI_0038,ROSARIO,ASESOR_1,AUTOPARTES,BULONERIA,A,1129.29,1736.1,6
2026-04-28,2026-04-27,PED0000757,CLI_0018,MENDOZA,ASESOR_6,CONSTRUCCION,CH430,B,1138.53,1471.6,1
2026-04-30,2026-04-27,PED0000758,CLI_0033,CORDOBA,ASESOR_1,CONSTRUCCION,PERFILES,C,2416.96,2755.8,6
2026-04-29,2026-04-27,PED0000759,CLI_0012,CORDOBA,ASESOR_5,AGRO,BULONERIA,B,2519.84,3449.8,1
2026-04-29,2026-04-27,PED0000759,CLI_0012,CORDOBA,ASESOR_5,AGRO,CH430,B,1488.9,2217.5,2
2026-04-29,2026-04-27,PED0000759,CLI_0012,CORDOBA,ASESOR_5,AGRO,PERFILES,B,3274.31,3003.4,2
2026-05-01,2026-04-27,PED0000760,CLI_0017,MENDOZA,ASESOR_4,METALMECANICA,BULONERIA,C,1930.54,1684.1,2
2026-04-30,2026-04-27,PED0000761,CLI_0009,ROSARIO,ASESOR_4,AGRO,CAÑOS Y TUBOS,B,2752.2,2936.0,6
2026-04-30,2026-04-27,PED0000761,CLI_0009,ROSARIO,ASESOR_4,AGRO,PERFILES,B,2593.54,2869.9,5
2026-04-28,2026-04-27,PED0000762,CLI_0035,MENDOZA,ASESOR_5,ENERGIA,PERFILES,B,1925.87,2352.6,6
2026-04-28,2026-04-27,PED0000763,CLI_0038,ROSARIO,ASESOR_6,CONSTRUCCION,CH304,B,1365.21,2097.9,1
2026-04-28,2026-04-27,PED0000763,CLI_0038,ROSARIO,ASESOR_6,CONSTRUCCION,CH430,B,1466.11,1596.1,2
2026-04-28,2026-04-27,PED0000763,CLI_0038,ROSARIO,ASESOR_6,CONSTRUCCION,CAÑOS Y TUBOS,B,2153.64,1971.2,5
2026-04-28,2026-04-27,PED0000764,CLI_0014,MENDOZA,ASESOR_2,AUTOPARTES,BULONERIA,C,2392.4,2636.4,1
2026-04-30,2026-04-27,PED0000765,CLI_0011,MENDOZA,ASESOR_3,CONSTRUCCION,CH316,C,1189.05,1085.6,2
2026-04-30,2026-04-27,PED0000765,CLI_0011,MENDOZA,ASESOR_3,CONSTRUCCION,CH304,C,2184.24,2742.0,4
2026-04-29,2026-04-27,PED0000766,CLI_0037,ROSARIO,ASESOR_2,METALMECANICA,BULONERIA,C,1161.2,1654.8,6
2026-05-01,2026-04-27,PED0000767,CLI_0033,CAPITAL,ASESOR_3,CONSTRUCCION,PERFILES,A,1228.34,1800.9,6
2026-05-01,2026-04-27,PED0000767,CLI_0033,CAPITAL,ASESOR_3,CONSTRUCCION,CH316,A,3895.15,4531.8,6
2026-04-30,2026-04-27,PED0000768,CLI_0020,CORDOBA,ASESOR_5,ENERGIA,CH430,B,1611.89,1450.9,2
2026-04-30,2026-04-27,PED0000768,CLI_0020,CORDOBA,ASESOR_5,ENERGIA,CH304,B,1335.98,1128.6,4
2026-04-30,2026-04-27,PED0000768,CLI_0020,CORDOBA,ASESOR_5,ENERGIA,CAÑOS Y TUBOS,B,1248.46,1743.8,5
2026-04-30,2026-04-27,PED0000769,CLI_0009,CAPITAL,ASESOR_6,METALMECANICA,CH430,B,965.99,923.3,1
2026-04-27,2026-04-27,PED0000770,CLI_0014,CAPITAL,ASESOR_1,AGRO,CH316,C,3248.13,2768.2,5
2026-04-28,2026-04-27,PED0000771,CLI_0034,CAPITAL,ASESOR_3,AUTOPARTES,PERFILES,C,1678.68,2100.0,4
2026-04-27,2026-04-27,PED0000772,CLI_0010,CAPITAL,ASESOR_1,AGRO,CH430,A,816.51,908.4,3
2026-04-27,2026-04-27,PED0000772,CLI_0010,CAPITAL,ASESOR_1,AGRO,CAÑOS Y TUBOS,A,2330.37,3174.3,1
2026-04-27,2026-04-27,PED0000772,CLI_0010,CAPITAL,ASESOR_1,AGRO,CH316,A,2913.63,4420.6,5
2026-04-30,2026-04-27,PED0000773,CLI_0020,CAPITAL,ASESOR_5,AUTOPARTES,CH304,A,2570.74,3460.0,1
2026-04-30,2026-04-27,PED0000773,CLI_0020,CAPITAL,ASESOR_5,AUTOPARTES,CH430,A,1073.34,938.8,6
2026-05-01,2026-04-27,PED0000774,CLI_0029,ROSARIO,ASESOR_2,AUTOPARTES,BULONERIA,C,1332.72,1624.1,3
2026-04-27,2026-04-27,PED0000775,CLI_0036,MENDOZA,ASESOR_2,AGRO,BULONERIA,B,1854.92,2389.7,1
2026-04-27,2026-04-27,PED0000775,CLI_0036,MENDOZA,ASESOR_2,AGRO,CAÑOS Y TUBOS,B,1820.16,2281.6,4
2026-04-27,2026-04-27,PED0000775,CLI_0036,MENDOZA,ASESOR_2,AGRO,CH316,B,1153.33,936.4,3
2026-04-29,2026-04-27,PED0000776,CLI_0030,CAPITAL,ASESOR_4,CONSTRUCCION,CH430,B,934.43,1011.7,1
2026-04-29,2026-04-27,PED0000777,CLI_0043,ROSARIO,ASESOR_6,METALMECANICA,CAÑOS Y TUBOS,B,2927.8,4618.1,4
2026-04-29,2026-04-27,PED0000777,CLI_0043,ROSARIO,ASESOR_6,METALMECANICA,CH316,B,1103.89,1641.7,4
2026-05-01,2026-04-27,PED0000778,CLI_0037,MENDOZA,ASESOR_5,AUTOPARTES,CH430,B,1229.64,1242.3,6
2026-05-01,2026-04-27,PED0000778,CLI_0037,MENDOZA,ASESOR_5,AUTOPARTES,CH304,B,2136.61,3380.0,1
2026-05-01,2026-04-27,PED0000778,CLI_0037,MENDOZA,ASESOR_5,AUTOPARTES,CAÑOS Y TUBOS,B,1659.49,1652.6,5
2026-05-01,2026-04-27,PED0000779,CLI_0030,CAPITAL,ASESOR_2,CONSTRUCCION,CH304,B,2666.42,3997.8,6
2026-04-30,2026-04-27,PED0000780,CLI_0011,CAPITAL,ASESOR_3,METALMECANICA,CH316,B,3550.76,5446.8,4
2026-04-29,2026-04-27,PED0000781,CLI_0005,MENDOZA,ASESOR_2,METALMECANICA,CAÑOS Y TUBOS,B,1195.41,1391.1,5
2026-04-29,2026-04-27,PED0000781,CLI_0005,MENDOZA,ASESOR_2,METALMECANICA,CH316,B,1195.45,1405.8,6
2026-04-29,2026-04-27,PED0000781,CLI_0005,MENDOZA,ASESOR_2,METALMECANICA,BULONERIA,B,1859.97,2333.5,5
2026-04-28,2026-04-27,PED0000782,CLI_0021,MENDOZA,ASESOR_1,AGRO,CH304,C,3396.91,4575.4,3
2026-04-29,2026-04-27,PED0000783,CLI_0025,CORDOBA,ASESOR_6,AUTOPARTES,CH430,A,1544.14,1793.0,4
2026-04-27,2026-04-27,PED0000784,CLI_0016,ROSARIO,ASESOR_6,AGRO,CAÑOS Y TUBOS,A,1997.44,2156.1,4
2026-04-27,2026-04-27,PED0000784,CLI_0016,ROSARIO,ASESOR_6,AGRO,CH430,A,1204.83,1480.0,2
2026-04-27,2026-04-27,PED0000784,CLI_0016,ROSARIO,ASESOR_6,AGRO,PERFILES,A,2640.65,3035.2,6
2026-04-27,2026-04-27,PED0000785,CLI_0023,MENDOZA,ASESOR_1,ENERGIA,PERFILES,C,1429.99,1903.7,6
2026-04-27,2026-04-27,PED0000785,CLI_0023,MENDOZA,ASESOR_1,ENERGIA,BULONERIA,C,2434.6,3382.6,3
2026-04-29,2026-04-27,PED0000786,CLI_0034,CAPITAL,ASESOR_2,METALMECANICA,BULONERIA,C,1696.68,2064.1,1
2026-04-27,2026-04-27,PED0000787,CLI_0017,MENDOZA,ASESOR_2,METALMECANICA,CH316,C,1386.37,1714.8,2
2026-05-01,2026-04-27,PED0000788,CLI_0033,MENDOZA,ASESOR_2,AGRO,CH430,B,1104.59,1154.9,1
2026-05-01,2026-04-27,PED0000788,CLI_0033,MENDOZA,ASESOR_2,AGRO,BULONERIA,B,2387.36,3149.2,4
2026-05-01,2026-04-27,PED0000788,CLI_0033,MENDOZA,ASESOR_2,AGRO,CH304,B,2650.96,2866.7,5
2026-04-30,2026-04-27,PED0000789,CLI_0005,MENDOZA,ASESOR_5,AGRO,CH316,A,1482.09,1378.5,4
2026-04-27,2026-04-27,PED0000790,CLI_0017,MENDOZA,ASESOR_3,METALMECANICA,CH304,C,2977.23,3849.6,4
2026-04-27,2026-04-27,PED0000790,CLI_0017,MENDOZA,ASESOR_3,METALMECANICA,BULONERIA,C,1740.79,2437.0,5
2026-04-29,2026-04-27,PED0000791,CLI_0003,CAPITAL,ASESOR_6,METALMECANICA,CH316,B,3264.08,2910.3,4
2026-04-29,2026-04-27,PED0000791,CLI_0003,CAPITAL,ASESOR_6,METALMECANICA,BULONERIA,B,2180.99,2356.5,4
2026-04-29,2026-04-27,PED0000791,CLI_0003,CAPITAL,ASESOR_6,METALMECANICA,CAÑOS Y TUBOS,B,1801.98,2624.3,6
2026-04-29,2026-04-27,PED0000792,CLI_0022,MENDOZA,ASESOR_1,AGRO,BULONERIA,C,1915.36,2817.1,4
2026-04-28,2026-04-27,PED0000793,CLI_0017,ROSARIO,ASESOR_1,METALMECANICA,PERFILES,A,1946.51,1822.6,5
2026-04-28,2026-04-27,PED0000793,CLI_0017,ROSARIO,ASESOR_1,METALMECANICA,BULONERIA,A,1575.47,1565.2,4
2026-04-28,2026-04-27,PED0000794,CLI_0035,ROSARIO,ASESOR_5,METALMECANICA,CAÑOS Y TUBOS,C,2885.01,3501.9,4
2026-04-28,2026-04-27,PED0000794,CLI_0035,ROSARIO,ASESOR_5,METALMECANICA,CH316,C,1241.11,1697.9,2
2026-04-28,2026-04-27,PED0000794,CLI_0035,ROSARIO,ASESOR_5,METALMECANICA,BULONERIA,C,1266.69,1653.2,4
2026-04-27,2026-04-27,PED0000795,CLI_0015,CORDOBA,ASESOR_5,AUTOPARTES,CAÑOS Y TUBOS,C,1120.81,1587.1,2
2026-05-01,2026-04-27,PED0000796,CLI_0032,CAPITAL,ASESOR_5,ENERGIA,BULONERIA,C,1988.41,3155.1,6
2026-04-29,2026-04-27,PED0000797,CLI_0015,CORDOBA,ASESOR_2,AUTOPARTES,CH316,C,1205.55,1742.8,4
2026-04-27,2026-04-27,PED0000798,CLI_0040,CORDOBA,ASESOR_6,CONSTRUCCION,PERFILES,B,2315.71,3570.3,1
2026-04-27,2026-04-27,PED0000798,CLI_0040,CORDOBA,ASESOR_6,CONSTRUCCION,CH304,B,1129.77,1159.1,2
2026-04-30,2026-04-27,PED0000799,CLI_0030,CAPITAL,ASESOR_1,METALMECANICA,CH304,C,2961.52,3521.9,6
2026-04-30,2026-04-27,PED0000800,CLI_0008,CAPITAL,ASESOR_2,METALMECANICA,CH316,B,2402.63,2265.5,5
2026-04-30,2026-04-27,PED0000800,CLI_0008,CAPITAL,ASESOR_2,METALMECANICA,CH430,B,959.05,1423.1,1
2026-04-27,2026-04-27,PED0000801,CLI_0045,CORDOBA,ASESOR_3,METALMECANICA,BULONERIA,C,1913.28,1716.7,5
2026-04-28,2026-04-27,PED0000802,CLI_0030,CAPITAL,ASESOR_5,CONSTRUCCION,CH304,B,2828.12,2759.7,6
2026-04-28,2026-04-27,PED0000802,CLI_0030,CAPITAL,ASESOR_5,CONSTRUCCION,CH316,B,3486.84,3142.6,3
2026-04-28,2026-04-27,PED0000802,CLI_0030,CAPITAL,ASESOR_5,CONSTRUCCION,BULONERIA,B,1763.6,2755.8,3
2026-04-28,2026-04-27,PED0000803,CLI_0035,CORDOBA,ASESOR_4,METALMECANICA,CH316,B,1184.29,1788.1,3
2026-04-28,2026-04-27,PED0000804,CLI_0024,MENDOZA,ASESOR_1,ENERGIA,BULONERIA,C,2098.78,2428.1,5
2026-04-28,2026-04-27,PED0000804,CLI_0024,MENDOZA,ASESOR_1,ENERGIA,CAÑOS Y TUBOS,C,1663.96,2417.3,5
2026-04-29,2026-04-27,PED0000805,CLI_0008,CAPITAL,ASESOR_5,METALMECANICA,CH304,B,3697.67,5792.3,3
2026-04-29,2026-04-27,PED0000805,CLI_0008,CAPITAL,ASESOR_5,METALMECANICA,CAÑOS Y TUBOS,B,1965.83,2034.2,6
2026-04-29,2026-04-27,PED0000805,CLI_0008,CAPITAL,ASESOR_5,METALMECANICA,CH316,B,3898.55,4773.4,4
2026-04-28,2026-04-27,PED0000806,CLI_0040,CAPITAL,ASESOR_1,AUTOPARTES,CH304,C,2654.25,2912.6,2
2026-04-29,2026-04-27,PED0000807,CLI_0038,CORDOBA,ASESOR_1,CONSTRUCCION,PERFILES,B,3299.41,5011.8,5
2026-04-28,2026-04-27,PED0000808,CLI_0017,CAPITAL,ASESOR_4,AGRO,CH430,C,997.32,1552.8,6
2026-04-29,2026-04-27,PED0000809,CLI_0033,CAPITAL,ASESOR_5,METALMECANICA,CH316,C,2465.51,2946.6,1
2026-04-29,2026-04-27,PED0000809,CLI_0033,CAPITAL,ASESOR_5,METALMECANICA,BULONERIA,C,2216.33,2519.9,1
2026-04-28,2026-04-27,PED0000810,CLI_0033,MENDOZA,ASESOR_2,ENERGIA,CH430,B,1314.07,1951.2,1
2026-04-28,2026-04-27,PED0000810,CLI_0033,MENDOZA,ASESOR_2,ENERGIA,CH304,B,3340.13,3432.0,4
2026-04-27,2026-04-27,PED0000811,CLI_0003,CAPITAL,ASESOR_5,ENERGIA,CAÑOS Y TUBOS,A,2094.3,2135.6,3
2026-05-01,2026-04-27,PED0000812,CLI_0027,MENDOZA,ASESOR_1,ENERGIA,CH430,C,1346.43,1566.8,6
2026-04-27,2026-04-27,PED0000813,CLI_0006,CAPITAL,ASESOR_3,ENERGIA,CH316,A,3967.22,5907.6,6
2026-04-27,2026-04-27,PED0000813,CLI_0006,CAPITAL,ASESOR_3,ENERGIA,CH304,A,2995.47,2804.2,2
2026-04-29,2026-04-27,PED0000814,CLI_0031,CORDOBA,ASESOR_5,CONSTRUCCION,CH304,C,1720.34,1479.6,3
2026-04-29,2026-04-27,PED0000814,CLI_0031,CORDOBA,ASESOR_5,CONSTRUCCION,BULONERIA,C,2385.93,3419.8,4
2026-04-29,2026-04-27,PED0000814,CLI_0031,CORDOBA,ASESOR_5,CONSTRUCCION,PERFILES,C,2544.25,2382.1,2
2026-05-01,2026-04-27,PED0000815,CLI_0031,MENDOZA,ASESOR_1,AUTOPARTES,CAÑOS Y TUBOS,B,1497.12,1485.8,4
2026-05-01,2026-04-27,PED0000815,CLI_0031,MENDOZA,ASESOR_1,AUTOPARTES,BULONERIA,B,2346.06,3709.3,3
2026-05-01,2026-04-27,PED0000815,CLI_0031,MENDOZA,ASESOR_1,AUTOPARTES,CH304,B,3147.61,3733.6,1
2026-04-28,2026-04-27,PED0000816,CLI_0041,CORDOBA,ASESOR_3,CONSTRUCCION,CH304,B,1096.87,889.0,2
2026-04-28,2026-04-27,PED0000816,CLI_0041,CORDOBA,ASESOR_3,CONSTRUCCION,CAÑOS Y TUBOS,B,1459.38,1617.1,4
2026-05-01,2026-04-27,PED0000817,CLI_0042,CAPITAL,ASESOR_3,AUTOPARTES,CH430,C,1056.51,934.5,2
2026-05-01,2026-04-27,PED0000817,CLI_0042,CAPITAL,ASESOR_3,AUTOPARTES,CAÑOS Y TUBOS,C,1619.1,1766.3,4
2026-05-01,2026-04-27,PED0000817,CLI_0042,CAPITAL,ASESOR_3,AUTOPARTES,CH316,C,3767.26,4561.3,4
2026-05-01,2026-04-27,PED0000818,CLI_0007,ROSARIO,ASESOR_1,AGRO,CH316,B,1703.73,2378.4,2
2026-05-01,2026-04-27,PED0000818,CLI_0007,ROSARIO,ASESOR_1,AGRO,CAÑOS Y TUBOS,B,1819.91,2126.9,3
2026-04-27,2026-04-27,PED0000819,CLI_0011,CAPITAL,ASESOR_4,ENERGIA,CH304,B,2649.42,2960.8,4
2026-04-27,2026-04-27,PED0000819,CLI_0011,CAPITAL,ASESOR_4,ENERGIA,CH430,B,903.57,761.3,3
2026-04-27,2026-04-27,PED0000819,CLI_0011,CAPITAL,ASESOR_4,ENERGIA,CAÑOS Y TUBOS,B,1761.33,1478.3,4
2026-05-01,2026-04-27,PED0000820,CLI_0005,MENDOZA,ASESOR_2,AGRO,PERFILES,A,1733.45,1988.0,6
2026-04-27,2026-04-27,PED0000821,CLI_0037,CAPITAL,ASESOR_6,AUTOPARTES,CH304,C,3211.42,3182.6,5
2026-04-30,2026-04-27,PED0000822,CLI_0040,CAPITAL,ASESOR_3,AUTOPARTES,CH316,C,3554.17,5344.1,3
2026-04-29,2026-04-27,PED0000823,CLI_0019,MENDOZA,ASESOR_2,AUTOPARTES,CH430,C,977.27,1175.3,6
2026-04-29,2026-04-27,PED0000823,CLI_0019,MENDOZA,ASESOR_2,AUTOPARTES,CH304,C,2939.13,4089.1,6
2026-05-07,2026-05-04,PED0000824,CLI_0016,ROSARIO,ASESOR_3,CONSTRUCCION,CH304,A,1203.23,1374.5,1
2026-05-08,2026-05-04,PED0000825,CLI_0011,ROSARIO,ASESOR_3,CONSTRUCCION,CAÑOS Y TUBOS,A,2499.79,2976.4,2
2026-05-05,2026-05-04,PED0000826,CLI_0014,MENDOZA,ASESOR_1,CONSTRUCCION,CH316,C,1628.1,2312.2,1
2026-05-08,2026-05-04,PED0000827,CLI_0016,CORDOBA,ASESOR_6,AGRO,CAÑOS Y TUBOS,B,1300.25,1517.4,3
2026-05-04,2026-05-04,PED0000828,CLI_0011,CORDOBA,ASESOR_6,AGRO,PERFILES,C,3203.06,2615.6,4
2026-05-05,2026-05-04,PED0000829,CLI_0011,ROSARIO,ASESOR_6,AUTOPARTES,BULONERIA,B,1175.15,1639.9,2
2026-05-05,2026-05-04,PED0000829,CLI_0011,ROSARIO,ASESOR_6,AUTOPARTES,CAÑOS Y TUBOS,B,2904.78,3201.7,1
2026-05-08,2026-05-04,PED0000830,CLI_0008,CORDOBA,ASESOR_6,ENERGIA,BULONERIA,C,2016.17,2147.1,5
2026-05-06,2026-05-04,PED0000831,CLI_0011,MENDOZA,ASESOR_3,AGRO,CH304,A,3179.04,3984.4,3
2026-05-06,2026-05-04,PED0000831,CLI_0011,MENDOZA,ASESOR_3,AGRO,CAÑOS Y TUBOS,A,1324.32,2086.6,4
2026-05-08,2026-05-04,PED0000832,CLI_0015,ROSARIO,ASESOR_4,AUTOPARTES,CH316,B,1424.55,1213.3,3
2026-05-08,2026-05-04,PED0000832,CLI_0015,ROSARIO,ASESOR_4,AUTOPARTES,CH430,B,921.48,767.4,3
2026-05-06,2026-05-04,PED0000833,CLI_0009,CAPITAL,ASESOR_1,METALMECANICA,CH304,B,2710.34,2927.6,3
2026-05-06,2026-05-04,PED0000833,CLI_0009,CAPITAL,ASESOR_1,METALMECANICA,BULONERIA,B,2033.88,2443.9,5
2026-05-07,2026-05-04,PED0000834,CLI_0019,ROSARIO,ASESOR_1,AGRO,CH304,A,954.83,1125.3,3
2026-05-07,2026-05-04,PED0000834,CLI_0019,ROSARIO,ASESOR_1,AGRO,CH430,A,1063.23,1427.7,4
2026-05-08,2026-05-04,PED0000835,CLI_0014,MENDOZA,ASESOR_4,CONSTRUCCION,PERFILES,C,1683.19,2526.0,5
2026-05-08,2026-05-04,PED0000836,CLI_0017,ROSARIO,ASESOR_6,AUTOPARTES,CH430,B,964.04,1208.3,6
2026-05-04,2026-05-04,PED0000837,CLI_0035,MENDOZA,ASESOR_5,AUTOPARTES,CAÑOS Y TUBOS,B,1624.76,1954.7,6
2026-05-07,2026-05-04,PED0000838,CLI_0017,CORDOBA,ASESOR_4,AGRO,PERFILES,B,2194.23,3101.4,1
2026-05-06,2026-05-04,PED0000839,CLI_0044,ROSARIO,ASESOR_5,AGRO,PERFILES,C,2570.31,3861.2,1
2026-05-08,2026-05-04,PED0000840,CLI_0023,MENDOZA,ASESOR_2,METALMECANICA,CH304,C,2194.75,2230.2,6
2026-05-08,2026-05-04,PED0000841,CLI_0007,CAPITAL,ASESOR_3,ENERGIA,CH430,A,1063.94,954.5,5
2026-05-07,2026-05-04,PED0000842,CLI_0017,CAPITAL,ASESOR_6,AUTOPARTES,BULONERIA,B,1904.3,1759.2,6
2026-05-04,2026-05-04,PED0000843,CLI_0034,CORDOBA,ASESOR_6,CONSTRUCCION,CH316,C,1139.2,1021.7,1
2026-05-07,2026-05-04,PED0000844,CLI_0046,ROSARIO,ASESOR_2,CONSTRUCCION,CH304,B,999.86,1186.8,2
2026-05-08,2026-05-04,PED0000845,CLI_0043,ROSARIO,ASESOR_5,AGRO,CH316,C,1531.65,1451.8,6
2026-05-05,2026-05-04,PED0000846,CLI_0009,ROSARIO,ASESOR_2,ENERGIA,CH430,C,1087.99,957.4,5
2026-05-07,2026-05-04,PED0000847,CLI_0031,MENDOZA,ASESOR_3,AGRO,CAÑOS Y TUBOS,B,1220.47,1253.1,1
2026-05-04,2026-05-04,PED0000848,CLI_0034,MENDOZA,ASESOR_1,ENERGIA,CH430,B,1460.43,1703.9,1
2026-05-04,2026-05-04,PED0000848,CLI_0034,MENDOZA,ASESOR_1,ENERGIA,CH316,B,1791.83,1946.3,5
2026-05-04,2026-05-04,PED0000848,CLI_0034,MENDOZA,ASESOR_1,ENERGIA,CAÑOS Y TUBOS,B,1266.83,1928.2,5
2026-05-06,2026-05-04,PED0000849,CLI_0040,MENDOZA,ASESOR_5,CONSTRUCCION,PERFILES,A,1703.77,2533.4,2
2026-05-06,2026-05-04,PED0000849,CLI_0040,MENDOZA,ASESOR_5,CONSTRUCCION,CH430,A,1090.12,1537.2,3
2026-05-08,2026-05-04,PED0000850,CLI_0007,MENDOZA,ASESOR_1,METALMECANICA,PERFILES,B,1978.46,2414.4,2
2026-05-08,2026-05-04,PED0000850,CLI_0007,MENDOZA,ASESOR_1,METALMECANICA,BULONERIA,B,2385.68,3032.4,5
2026-05-04,2026-05-04,PED0000851,CLI_0002,CORDOBA,ASESOR_5,ENERGIA,BULONERIA,C,1809.34,1587.2,1
2026-05-05,2026-05-04,PED0000852,CLI_0003,MENDOZA,ASESOR_6,METALMECANICA,CH316,B,1608.73,1781.3,4
2026-05-04,2026-05-04,PED0000853,CLI_0007,CAPITAL,ASESOR_1,ENERGIA,CH430,B,947.94,1395.9,2
2026-05-05,2026-05-04,PED0000854,CLI_0037,CORDOBA,ASESOR_1,METALMECANICA,CAÑOS Y TUBOS,B,1436.67,1478.1,2
2026-05-04,2026-05-04,PED0000855,CLI_0004,ROSARIO,ASESOR_4,ENERGIA,BULONERIA,C,1076.64,1559.0,1
2026-05-04,2026-05-04,PED0000855,CLI_0004,ROSARIO,ASESOR_4,ENERGIA,CH304,C,1032.99,1163.6,5
2026-05-07,2026-05-04,PED0000856,CLI_0042,CAPITAL,ASESOR_3,AUTOPARTES,CH316,C,3293.96,3883.5,3
2026-05-07,2026-05-04,PED0000857,CLI_0002,CORDOBA,ASESOR_5,ENERGIA,CAÑOS Y TUBOS,C,1760.3,2209.7,2
2026-05-08,2026-05-04,PED0000858,CLI_0038,CORDOBA,ASESOR_1,CONSTRUCCION,CH304,B,1211.99,1881.6,3
2026-05-06,2026-05-04,PED0000859,CLI_0005,MENDOZA,ASESOR_6,AGRO,PERFILES,A,1514.15,1838.5,5
2026-05-08,2026-05-04,PED0000860,CLI_0039,CORDOBA,ASESOR_4,ENERGIA,CH430,A,1400.68,1156.7,4
2026-05-05,2026-05-04,PED0000861,CLI_0004,CORDOBA,ASESOR_2,AGRO,BULONERIA,C,1995.19,2805.0,1
2026-05-06,2026-05-04,PED0000862,CLI_0006,ROSARIO,ASESOR_4,CONSTRUCCION,CAÑOS Y TUBOS,C,2865.02,3389.4,2
2026-05-06,2026-05-04,PED0000862,CLI_0006,ROSARIO,ASESOR_4,CONSTRUCCION,PERFILES,C,1896.21,1580.3,1
2026-05-06,2026-05-04,PED0000862,CLI_0006,ROSARIO,ASESOR_4,CONSTRUCCION,CH304,C,1109.11,1087.1,3
2026-05-04,2026-05-04,PED0000863,CLI_0017,MENDOZA,ASESOR_4,AGRO,CH304,C,3021.99,4201.6,5
2026-05-04,2026-05-04,PED0000863,CLI_0017,MENDOZA,ASESOR_4,AGRO,CH316,C,1431.13,1588.1,4
2026-05-04,2026-05-04,PED0000863,CLI_0017,MENDOZA,ASESOR_4,AGRO,CAÑOS Y TUBOS,C,1625.72,1859.5,4
2026-05-06,2026-05-04,PED0000864,CLI_0022,ROSARIO,ASESOR_1,METALMECANICA,CAÑOS Y TUBOS,A,2901.68,2874.2,1
2026-05-08,2026-05-04,PED0000865,CLI_0035,CAPITAL,ASESOR_2,METALMECANICA,CH304,C,3672.61,3672.4,1
2026-05-04,2026-05-04,PED0000866,CLI_0013,CAPITAL,ASESOR_1,AUTOPARTES,PERFILES,B,1752.18,1744.1,3
2026-05-04,2026-05-04,PED0000867,CLI_0037,ROSARIO,ASESOR_5,METALMECANICA,PERFILES,B,1826.98,2492.4,3
2026-05-06,2026-05-04,PED0000868,CLI_0044,ROSARIO,ASESOR_4,AGRO,CH316,C,1304.12,1608.2,1
2026-05-06,2026-05-04,PED0000868,CLI_0044,ROSARIO,ASESOR_4,AGRO,PERFILES,C,1664.33,2530.4,6
2026-05-06,2026-05-04,PED0000868,CLI_0044,ROSARIO,ASESOR_4,AGRO,CH430,C,1489.94,1771.5,1
2026-05-05,2026-05-04,PED0000869,CLI_0008,ROSARIO,ASESOR_2,ENERGIA,BULONERIA,B,1463.95,1337.4,2
2026-05-07,2026-05-04,PED0000870,CLI_0016,MENDOZA,ASESOR_6,METALMECANICA,CH430,C,1280.09,1331.7,1
2026-05-07,2026-05-04,PED0000870,CLI_0016,MENDOZA,ASESOR_6,METALMECANICA,BULONERIA,C,1693.08,2511.9,4
2026-05-05,2026-05-04,PED0000871,CLI_0000,MENDOZA,ASESOR_1,METALMECANICA,CH316,B,1559.47,1911.9,6
2026-05-08,2026-05-04,PED0000872,CLI_0001,CORDOBA,ASESOR_1,ENERGIA,CH430,C,1502.81,1912.7,1
2026-05-08,2026-05-04,PED0000872,CLI_0001,CORDOBA,ASESOR_1,ENERGIA,BULONERIA,C,2007.55,2937.8,4
2026-05-07,2026-05-04,PED0000873,CLI_0018,MENDOZA,ASESOR_6,CONSTRUCCION,BULONERIA,C,2088.32,2872.2,5
2026-05-07,2026-05-04,PED0000873,CLI_0018,MENDOZA,ASESOR_6,CONSTRUCCION,CH430,C,1078.94,1692.0,4
2026-05-07,2026-05-04,PED0000873,CLI_0018,MENDOZA,ASESOR_6,CONSTRUCCION,CAÑOS Y TUBOS,C,1662.89,2560.4,2
2026-05-08,2026-05-04,PED0000874,CLI_0009,CAPITAL,ASESOR_3,AGRO,PERFILES,A,1540.31,1990.8,3
2026-05-04,2026-05-04,PED0000875,CLI_0004,CORDOBA,ASESOR_6,AGRO,BULONERIA,C,1985.79,2008.9,2
2026-05-04,2026-05-04,PED0000876,CLI_0024,MENDOZA,ASESOR_4,CONSTRUCCION,CAÑOS Y TUBOS,B,1413.33,1786.0,1
2026-05-04,2026-05-04,PED0000876,CLI_0024,MENDOZA,ASESOR_4,CONSTRUCCION,PERFILES,B,1544.62,1989.9,3
2026-05-04,2026-05-04,PED0000876,CLI_0024,MENDOZA,ASESOR_4,CONSTRUCCION,CH316,B,1771.28,2041.1,3
2026-05-05,2026-05-04,PED0000877,CLI_0028,CORDOBA,ASESOR_3,METALMECANICA,BULONERIA,A,1760.55,1462.7,6
2026-05-05,2026-05-04,PED0000877,CLI_0028,CORDOBA,ASESOR_3,METALMECANICA,CH304,A,1410.72,1625.5,3
2026-05-05,2026-05-04,PED0000877,CLI_0028,CORDOBA,ASESOR_3,METALMECANICA,CH316,A,834.97,1147.2,1
2026-05-08,2026-05-04,PED0000878,CLI_0036,CORDOBA,ASESOR_3,CONSTRUCCION,PERFILES,C,2658.99,2292.0,4
2026-05-08,2026-05-04,PED0000878,CLI_0036,CORDOBA,ASESOR_3,CONSTRUCCION,CH316,C,873.54,753.0,2
2026-05-04,2026-05-04,PED0000879,CLI_0010,CORDOBA,ASESOR_5,AGRO,CH430,C,991.81,1275.0,3
2026-05-04,2026-05-04,PED0000879,CLI_0010,CORDOBA,ASESOR_5,AGRO,CH316,C,993.64,1119.4,6
2026-05-06,2026-05-04,PED0000880,CLI_0006,CORDOBA,ASESOR_4,AGRO,CH316,C,1306.03,1071.5,5
2026-05-08,2026-05-04,PED0000881,CLI_0009,ROSARIO,ASESOR_3,ENERGIA,CH316,C,1671.13,1380.5,6
2026-05-08,2026-05-04,PED0000881,CLI_0009,ROSARIO,ASESOR_3,ENERGIA,CAÑOS Y TUBOS,C,1980.09,2792.1,6
2026-05-07,2026-05-04,PED0000882,CLI_0042,CAPITAL,ASESOR_1,AUTOPARTES,CH304,C,3632.9,4440.2,1
2026-05-06,2026-05-04,PED0000883,CLI_0032,MENDOZA,ASESOR_6,ENERGIA,PERFILES,B,1559.07,1551.6,2
2026-05-05,2026-05-04,PED0000884,CLI_0030,CORDOBA,ASESOR_2,METALMECANICA,CAÑOS Y TUBOS,B,1380.58,1493.2,5
2026-05-07,2026-05-04,PED0000885,CLI_0034,CAPITAL,ASESOR_3,METALMECANICA,CH316,C,3859.32,3843.7,4
2026-05-06,2026-05-04,PED0000886,CLI_0041,ROSARIO,ASESOR_5,AGRO,CAÑOS Y TUBOS,C,2305.23,3657.5,5
2026-05-04,2026-05-04,PED0000887,CLI_0021,MENDOZA,ASESOR_6,AUTOPARTES,CAÑOS Y TUBOS,C,1305.78,1624.0,4
2026-05-05,2026-05-04,PED0000888,CLI_0013,CAPITAL,ASESOR_2,CONSTRUCCION,CH316,C,3825.18,4144.6,4
2026-05-05,2026-05-04,PED0000888,CLI_0013,CAPITAL,ASESOR_2,CONSTRUCCION,PERFILES,C,1786.1,1773.9,3
2026-05-05,2026-05-04,PED0000888,CLI_0013,CAPITAL,ASESOR_2,CONSTRUCCION,CAÑOS Y TUBOS,C,1525.13,2315.1,3
2026-05-07,2026-05-04,PED0000889,CLI_0038,CAPITAL,ASESOR_6,CONSTRUCCION,BULONERIA,A,1592.47,1881.8,2
2026-05-07,2026-05-04,PED0000889,CLI_0038,CAPITAL,ASESOR_6,CONSTRUCCION,CAÑOS Y TUBOS,A,2103.9,2901.2,5
2026-05-07,2026-05-04,PED0000889,CLI_0038,CAPITAL,ASESOR_6,CONSTRUCCION,PERFILES,A,1964.49,3043.6,1
2026-05-07,2026-05-04,PED0000890,CLI_0008,ROSARIO,ASESOR_1,ENERGIA,CH316,C,1440.21,1829.7,1
2026-05-08,2026-05-04,PED0000891,CLI_0044,ROSARIO,ASESOR_3,METALMECANICA,CAÑOS Y TUBOS,B,2187.36,2307.4,2
2026-05-08,2026-05-04,PED0000891,CLI_0044,ROSARIO,ASESOR_3,METALMECANICA,CH430,B,1491.74,1243.4,6
2026-05-04,2026-05-04,PED0000892,CLI_0005,ROSARIO,ASESOR_4,ENERGIA,CH316,B,1160.5,1182.6,4
2026-05-08,2026-05-04,PED0000893,CLI_0040,ROSARIO,ASESOR_2,AGRO,CH316,C,1176.6,1136.0,5
2026-05-08,2026-05-04,PED0000893,CLI_0040,ROSARIO,ASESOR_2,AGRO,CH430,C,1370.96,1126.8,1
2026-05-06,2026-05-04,PED0000894,CLI_0029,ROSARIO,ASESOR_1,METALMECANICA,PERFILES,C,2063.28,2384.9,2
2026-05-07,2026-05-04,PED0000895,CLI_0011,MENDOZA,ASESOR_3,CONSTRUCCION,CAÑOS Y TUBOS,C,1750.91,2791.8,6
2026-05-07,2026-05-04,PED0000895,CLI_0011,MENDOZA,ASESOR_3,CONSTRUCCION,CH430,C,1329.42,2093.5,1
2026-05-07,2026-05-04,PED0000895,CLI_0011,MENDOZA,ASESOR_3,CONSTRUCCION,CH304,C,3108.32,3039.8,1
2026-05-08,2026-05-04,PED0000896,CLI_0024,CORDOBA,ASESOR_2,ENERGIA,CH304,B,1681.77,1397.0,1
2026-05-08,2026-05-04,PED0000896,CLI_0024,CORDOBA,ASESOR_2,ENERGIA,CH430,B,1582.26,2271.1,3
2026-05-05,2026-05-04,PED0000897,CLI_0006,ROSARIO,ASESOR_5,CONSTRUCCION,CAÑOS Y TUBOS,C,2846.54,2778.7,2
2026-05-07,2026-05-04,PED0000898,CLI_0030,CORDOBA,ASESOR_4,AUTOPARTES,CH316,B,1155.98,1006.8,5
2026-05-08,2026-05-04,PED0000899,CLI_0025,ROSARIO,ASESOR_1,METALMECANICA,CH316,A,1103.33,1489.9,5
2026-05-07,2026-05-04,PED0000900,CLI_0032,MENDOZA,ASESOR_6,ENERGIA,CH316,B,1716.84,2528.1,3
2026-05-07,2026-05-04,PED0000901,CLI_0024,MENDOZA,ASESOR_4,METALMECANICA,CH316,C,1164.13,1751.7,3
2026-05-04,2026-05-04,PED0000902,CLI_0036,MENDOZA,ASESOR_4,AGRO,CH430,B,1324.46,1427.8,4
2026-05-04,2026-05-04,PED0000903,CLI_0032,ROSARIO,ASESOR_4,METALMECANICA,PERFILES,C,1836.88,2720.0,4
2026-05-07,2026-05-04,PED0000904,CLI_0006,CAPITAL,ASESOR_5,AGRO,CAÑOS Y TUBOS,B,1813.54,1829.1,1
2026-05-06,2026-05-04,PED0000905,CLI_0028,CORDOBA,ASESOR_4,AUTOPARTES,CH316,B,1122.26,1047.3,2
2026-05-04,2026-05-04,PED0000906,CLI_0015,CAPITAL,ASESOR_5,ENERGIA,CH304,B,3528.97,3764.1,3
2026-05-04,2026-05-04,PED0000906,CLI_0015,CAPITAL,ASESOR_5,ENERGIA,CAÑOS Y TUBOS,B,2135.37,2652.8,6
2026-05-04,2026-05-04,PED0000906,CLI_0015,CAPITAL,ASESOR_5,ENERGIA,BULONERIA,B,1378.8,1335.2,5
2026-05-06,2026-05-04,PED0000907,CLI_0003,ROSARIO,ASESOR_2,ENERGIA,CH430,B,1163.34,1445.3,2
2026-05-06,2026-05-04,PED0000907,CLI_0003,ROSARIO,ASESOR_2,ENERGIA,BULONERIA,B,1542.09,1278.2,1
2026-05-05,2026-05-04,PED0000908,CLI_0027,CAPITAL,ASESOR_5,METALMECANICA,CH304,C,2677.18,3796.1,2
2026-05-07,2026-05-04,PED0000909,CLI_0019,CAPITAL,ASESOR_3,CONSTRUCCION,BULONERIA,C,2115.19,3150.8,1
2026-05-08,2026-05-04,PED0000910,CLI_0032,CAPITAL,ASESOR_5,METALMECANICA,CH304,A,2621.9,3368.0,3
2026-05-08,2026-05-04,PED0000910,CLI_0032,CAPITAL,ASESOR_5,METALMECANICA,PERFILES,A,1857.52,2117.8,6
2026-05-08,2026-05-04,PED0000910,CLI_0032,CAPITAL,ASESOR_5,METALMECANICA,CAÑOS Y TUBOS,A,1435.07,1462.7,2
2026-05-07,2026-05-04,PED0000911,CLI_0011,CAPITAL,ASESOR_3,ENERGIA,CAÑOS Y TUBOS,B,1941.46,2303.9,6
2026-05-06,2026-05-04,PED0000912,CLI_0012,ROSARIO,ASESOR_4,CONSTRUCCION,BULONERIA,C,1233.83,1557.5,1
2026-05-06,2026-05-04,PED0000912,CLI_0012,ROSARIO,ASESOR_4,CONSTRUCCION,CH304,C,1053.98,1038.9,3
2026-05-05,2026-05-04,PED0000913,CLI_0015,MENDOZA,ASESOR_5,CONSTRUCCION,CH304,C,2854.33,2757.7,4
2026-05-05,2026-05-04,PED0000913,CLI_0015,MENDOZA,ASESOR_5,CONSTRUCCION,BULONERIA,C,2272.4,1970.4,4
2026-05-07,2026-05-04,PED0000914,CLI_0020,MENDOZA,ASESOR_5,ENERGIA,CH430,C,1373.43,2015.5,1
2026-05-06,2026-05-04,PED0000915,CLI_0001,CORDOBA,ASESOR_6,ENERGIA,PERFILES,C,2940.53,3088.8,6
2026-05-06,2026-05-04,PED0000915,CLI_0001,CORDOBA,ASESOR_6,ENERGIA,CAÑOS Y TUBOS,C,1287.05,1504.7,4
2026-05-05,2026-05-04,PED0000916,CLI_0033,CAPITAL,ASESOR_1,METALMECANICA,CH316,C,3576.8,3337.0,4
2026-05-05,2026-05-04,PED0000916,CLI_0033,CAPITAL,ASESOR_1,METALMECANICA,PERFILES,C,1926.61,1716.5,4
2026-05-07,2026-05-04,PED0000917,CLI_0035,MENDOZA,ASESOR_2,ENERGIA,CH430,B,991.58,1583.1,6
2026-05-08,2026-05-04,PED0000918,CLI_0009,CORDOBA,ASESOR_5,AGRO,CH316,C,1095.59,1055.7,5
2026-05-08,2026-05-04,PED0000918,CLI_0009,CORDOBA,ASESOR_5,AGRO,CH430,C,1595.02,1749.7,5
2026-05-05,2026-05-04,PED0000919,CLI_0034,CORDOBA,ASESOR_4,METALMECANICA,BULONERIA,B,2540.22,2052.1,4
2026-05-06,2026-05-04,PED0000920,CLI_0017,ROSARIO,ASESOR_2,METALMECANICA,CH316,A,1461.05,1555.8,1
2026-05-06,2026-05-04,PED0000920,CLI_0017,ROSARIO,ASESOR_2,METALMECANICA,CH304,A,1180.42,1505.7,1
2026-05-04,2026-05-04,PED0000921,CLI_0006,CORDOBA,ASESOR_6,ENERGIA,CH430,C,1355.95,1416.4,5
2026-05-04,2026-05-04,PED0000921,CLI_0006,CORDOBA,ASESOR_6,ENERGIA,BULONERIA,C,2472.15,3825.5,5
2026-05-04,2026-05-04,PED0000921,CLI_0006,CORDOBA,ASESOR_6,ENERGIA,CAÑOS Y TUBOS,C,1513.41,2009.0,1
2026-05-08,2026-05-04,PED0000922,CLI_0015,ROSARIO,ASESOR_1,AUTOPARTES,PERFILES,B,2235.52,3158.4,3
2026-05-05,2026-05-04,PED0000923,CLI_0008,CORDOBA,ASESOR_6,ENERGIA,CH316,C,1347.84,1176.8,5
2026-05-06,2026-05-04,PED0000924,CLI_0011,ROSARIO,ASESOR_2,AUTOPARTES,CH304,B,909.34,1314.7,4
2026-05-05,2026-05-04,PED0000925,CLI_0031,MENDOZA,ASESOR_3,AGRO,CAÑOS Y TUBOS,B,1633.72,1770.9,5
2026-05-05,2026-05-04,PED0000925,CLI_0031,MENDOZA,ASESOR_3,AGRO,BULONERIA,B,1972.32,1701.2,5
2026-05-08,2026-05-04,PED0000926,CLI_0042,ROSARIO,ASESOR_2,AGRO,BULONERIA,C,1446.63,1950.5,5
2026-05-07,2026-05-04,PED0000927,CLI_0008,MENDOZA,ASESOR_6,AGRO,CH430,A,1050.55,1310.9,2
2026-05-07,2026-05-04,PED0000927,CLI_0008,MENDOZA,ASESOR_6,AGRO,CAÑOS Y TUBOS,A,1393.96,1314.8,6
2026-05-04,2026-05-04,PED0000928,CLI_0006,CAPITAL,ASESOR_2,METALMECANICA,CH430,B,1084.97,1662.9,5
2026-05-04,2026-05-04,PED0000928,CLI_0006,CAPITAL,ASESOR_2,METALMECANICA,CH304,B,3747.37,4816.9,1
2026-05-06,2026-05-04,PED0000929,CLI_0033,CORDOBA,ASESOR_6,METALMECANICA,PERFILES,B,3397.08,5238.5,5
2026-05-06,2026-05-04,PED0000929,CLI_0033,CORDOBA,ASESOR_6,METALMECANICA,CH304,B,1498.96,1787.1,4
2026-05-05,2026-05-04,PED0000930,CLI_0008,CAPITAL,ASESOR_1,AGRO,CH316,A,3713.5,3325.6,4
2026-05-05,2026-05-04,PED0000930,CLI_0008,CAPITAL,ASESOR_1,AGRO,CH304,A,3307.75,2811.1,1
2026-05-05,2026-05-04,PED0000930,CLI_0008,CAPITAL,ASESOR_1,AGRO,CAÑOS Y TUBOS,A,2221.13,2270.0,2
2026-05-08,2026-05-04,PED0000931,CLI_0011,CAPITAL,ASESOR_3,AGRO,CH430,C,681.38,907.3,4
2026-05-08,2026-05-04,PED0000931,CLI_0011,CAPITAL,ASESOR_3,AGRO,PERFILES,C,1900.56,2538.6,1
2026-05-05,2026-05-04,PED0000932,CLI_0028,ROSARIO,ASESOR_5,AUTOPARTES,CH430,C,1281.99,1731.9,4
2026-05-06,2026-05-04,PED0000933,CLI_0046,ROSARIO,ASESOR_6,CONSTRUCCION,CAÑOS Y TUBOS,B,2481.81,3367.9,5
2026-05-04,2026-05-04,PED0000934,CLI_0012,MENDOZA,ASESOR_1,CONSTRUCCION,PERFILES,C,1849.1,1509.0,2
2026-05-06,2026-05-04,PED0000935,CLI_0004,CAPITAL,ASESOR_2,AGRO,BULONERIA,B,2000.19,2781.2,3
2026-05-06,2026-05-04,PED0000935,CLI_0004,CAPITAL,ASESOR_2,AGRO,CH316,B,2471.36,3372.7,2
2026-05-05,2026-05-04,PED0000936,CLI_0020,CORDOBA,ASESOR_2,ENERGIA,CH316,B,908.16,940.8,6
2026-05-06,2026-05-04,PED0000937,CLI_0022,MENDOZA,ASESOR_3,CONSTRUCCION,PERFILES,B,2025.5,2733.7,2
2026-05-06,2026-05-04,PED0000937,CLI_0022,MENDOZA,ASESOR_3,CONSTRUCCION,CAÑOS Y TUBOS,B,1137.95,1670.3,4
2026-05-06,2026-05-04,PED0000938,CLI_0006,ROSARIO,ASESOR_5,ENERGIA,BULONERIA,B,1079.11,1467.3,5
2026-05-06,2026-05-04,PED0000938,CLI_0006,ROSARIO,ASESOR_5,ENERGIA,CH430,B,1247.38,1739.5,3
2026-05-06,2026-05-04,PED0000939,CLI_0016,CAPITAL,ASESOR_5,AUTOPARTES,CH304,B,3121.35,4073.0,4
2026-05-08,2026-05-04,PED0000940,CLI_0006,ROSARIO,ASESOR_4,ENERGIA,CH430,B,1440.55,1161.5,4
2026-05-08,2026-05-04,PED0000940,CLI_0006,ROSARIO,ASESOR_4,ENERGIA,CH304,B,1097.39,1173.5,1
2026-05-08,2026-05-04,PED0000940,CLI_0006,ROSARIO,ASESOR_4,ENERGIA,BULONERIA,B,1066.25,1158.4,2
2026-05-08,2026-05-04,PED0000941,CLI_0021,MENDOZA,ASESOR_5,AUTOPARTES,PERFILES,C,1908.12,2642.3,4
2026-05-07,2026-05-04,PED0000942,CLI_0043,ROSARIO,ASESOR_3,AGRO,CH316,C,1622.7,2467.6,5
2026-05-08,2026-05-04,PED0000943,CLI_0033,CAPITAL,ASESOR_4,METALMECANICA,PERFILES,C,1354.77,1409.6,5
2026-05-04,2026-05-04,PED0000944,CLI_0037,ROSARIO,ASESOR_5,AUTOPARTES,CH430,A,1190.9,1110.2,1
2026-05-04,2026-05-04,PED0000944,CLI_0037,ROSARIO,ASESOR_5,AUTOPARTES,CH316,A,1547.72,1486.3,2
2026-05-04,2026-05-04,PED0000944,CLI_0037,ROSARIO,ASESOR_5,AUTOPARTES,BULONERIA,A,1138.41,983.9,2
2026-05-08,2026-05-04,PED0000945,CLI_0008,ROSARIO,ASESOR_4,CONSTRUCCION,CH430,C,1202.23,1293.3,4
2026-05-08,2026-05-04,PED0000945,CLI_0008,ROSARIO,ASESOR_4,CONSTRUCCION,CH304,C,1138.68,1269.9,2
2026-05-04,2026-05-04,PED0000946,CLI_0019,MENDOZA,ASESOR_6,METALMECANICA,CH430,C,1387.25,1258.0,3
2026-05-04,2026-05-04,PED0000947,CLI_0045,CORDOBA,ASESOR_6,METALMECANICA,BULONERIA,C,2443.19,3100.8,2
2026-05-04,2026-05-04,PED0000948,CLI_0011,ROSARIO,ASESOR_2,AGRO,CAÑOS Y TUBOS,B,2574.69,2344.2,2
2026-05-04,2026-05-04,PED0000948,CLI_0011,ROSARIO,ASESOR_2,AGRO,CH304,B,857.83,893.5,1
2026-05-06,2026-05-04,PED0000949,CLI_0032,CORDOBA,ASESOR_4,AUTOPARTES,CAÑOS Y TUBOS,B,1138.07,1783.1,4
2026-05-07,2026-05-04,PED0000950,CLI_0030,ROSARIO,ASESOR_2,METALMECANICA,CH430,C,1310.77,1472.8,1
2026-05-07,2026-05-04,PED0000950,CLI_0030,ROSARIO,ASESOR_2,METALMECANICA,CH304,C,922.62,833.1,5
2026-05-07,2026-05-04,PED0000951,CLI_0042,MENDOZA,ASESOR_6,METALMECANICA,CH430,A,1078.05,1409.3,5
2026-05-07,2026-05-04,PED0000951,CLI_0042,MENDOZA,ASESOR_6,METALMECANICA,CAÑOS Y TUBOS,A,1708.43,2608.0,5
2026-05-04,2026-05-04,PED0000952,CLI_0009,CORDOBA,ASESOR_4,AGRO,CAÑOS Y TUBOS,C,1675.5,2507.0,1
2026-05-04,2026-05-04,PED0000952,CLI_0009,CORDOBA,ASESOR_4,AGRO,PERFILES,C,2372.43,2537.8,6
2026-05-07,2026-05-04,PED0000953,CLI_0008,CORDOBA,ASESOR_2,ENERGIA,CH430,C,1001.67,1496.8,4
2026-05-07,2026-05-04,PED0000954,CLI_0005,CORDOBA,ASESOR_1,ENERGIA,CH430,C,1474.58,1207.4,3
2026-05-06,2026-05-04,PED0000955,CLI_0010,ROSARIO,ASESOR_3,AGRO,CH304,B,1164.21,1264.1,1
2026-05-05,2026-05-04,PED0000956,CLI_0035,MENDOZA,ASESOR_2,AUTOPARTES,BULONERIA,A,2096.21,2137.6,4
2026-05-05,2026-05-04,PED0000956,CLI_0035,MENDOZA,ASESOR_2,AUTOPARTES,CAÑOS Y TUBOS,A,1620.95,1613.3,6
2026-05-05,2026-05-04,PED0000957,CLI_0017,MENDOZA,ASESOR_1,CONSTRUCCION,BULONERIA,B,2042.82,3236.3,1
2026-05-05,2026-05-04,PED0000957,CLI_0017,MENDOZA,ASESOR_1,CONSTRUCCION,CH304,B,2545.32,3332.8,3
2026-05-04,2026-05-04,PED0000958,CLI_0042,MENDOZA,ASESOR_4,CONSTRUCCION,CAÑOS Y TUBOS,A,1698.44,2134.5,3
2026-05-04,2026-05-04,PED0000958,CLI_0042,MENDOZA,ASESOR_4,CONSTRUCCION,CH304,A,2930.08,3607.9,2
2026-05-06,2026-05-04,PED0000959,CLI_0013,CAPITAL,ASESOR_3,ENERGIA,CH316,B,3184.49,2664.1,4
2026-05-06,2026-05-04,PED0000959,CLI_0013,CAPITAL,ASESOR_3,ENERGIA,CH430,B,1084.39,1455.9,3
2026-05-05,2026-05-04,PED0000960,CLI_0020,CAPITAL,ASESOR_4,AUTOPARTES,CAÑOS Y TUBOS,A,1977.33,3125.6,3
2026-05-05,2026-05-04,PED0000961,CLI_0019,CAPITAL,ASESOR_2,AUTOPARTES,CH430,A,1002.67,1290.9,4
2026-05-07,2026-05-04,PED0000962,CLI_0033,MENDOZA,ASESOR_6,ENERGIA,CH304,B,2520.21,3674.7,2
2026-05-07,2026-05-04,PED0000962,CLI_0033,MENDOZA,ASESOR_6,ENERGIA,CH430,B,1202.67,1676.6,2
2026-05-07,2026-05-04,PED0000962,CLI_0033,MENDOZA,ASESOR_6,ENERGIA,PERFILES,B,1767.03,1654.0,4
2026-05-07,2026-05-04,PED0000963,CLI_0032,CORDOBA,ASESOR_4,CONSTRUCCION,CH430,C,1110.76,1763.8,3
2026-05-07,2026-05-04,PED0000963,CLI_0032,CORDOBA,ASESOR_4,CONSTRUCCION,CH304,C,1268.24,1776.4,4
2026-05-08,2026-05-04,PED0000964,CLI_0016,MENDOZA,ASESOR_1,AUTOPARTES,CAÑOS Y TUBOS,C,1418.35,2002.6,3
2026-05-07,2026-05-04,PED0000965,CLI_0018,MENDOZA,ASESOR_2,METALMECANICA,CH304,C,2625.61,2544.3,1
2026-05-07,2026-05-04,PED0000965,CLI_0018,MENDOZA,ASESOR_2,METALMECANICA,BULONERIA,C,2247.79,2119.4,2
2026-05-07,2026-05-04,PED0000966,CLI_0003,MENDOZA,ASESOR_5,METALMECANICA,CH430,B,1305.86,1738.6,6
2026-05-07,2026-05-04,PED0000966,CLI_0003,MENDOZA,ASESOR_5,METALMECANICA,BULONERIA,B,2670.59,3763.9,3
2026-05-07,2026-05-04,PED0000966,CLI_0003,MENDOZA,ASESOR_5,METALMECANICA,PERFILES,B,1741.0,2134.5,2
2026-05-05,2026-05-04,PED0000967,CLI_0007,MENDOZA,ASESOR_4,METALMECANICA,CH316,B,1085.41,1588.9,4
2026-05-05,2026-05-04,PED0000967,CLI_0007,MENDOZA,ASESOR_4,METALMECANICA,CAÑOS Y TUBOS,B,1596.66,2150.2,1
2026-05-05,2026-05-04,PED0000967,CLI_0007,MENDOZA,ASESOR_4,METALMECANICA,CH430,B,1154.5,1526.8,4
2026-05-08,2026-05-04,PED0000968,CLI_0012,MENDOZA,ASESOR_2,CONSTRUCCION,CH304,C,2867.76,3232.0,1
2026-05-08,2026-05-04,PED0000968,CLI_0012,MENDOZA,ASESOR_2,CONSTRUCCION,PERFILES,C,1586.86,1586.8,5
2026-05-08,2026-05-04,PED0000969,CLI_0010,MENDOZA,ASESOR_6,CONSTRUCCION,BULONERIA,C,2551.26,2370.4,3
2026-05-08,2026-05-04,PED0000969,CLI_0010,MENDOZA,ASESOR_6,CONSTRUCCION,CAÑOS Y TUBOS,C,1646.18,1632.1,4
2026-05-08,2026-05-04,PED0000969,CLI_0010,MENDOZA,ASESOR_6,CONSTRUCCION,CH316,C,1759.62,2704.7,3
2026-05-08,2026-05-04,PED0000970,CLI_0009,ROSARIO,ASESOR_3,CONSTRUCCION,CH316,C,1565.69,1808.3,2
2026-05-05,2026-05-04,PED0000971,CLI_0006,ROSARIO,ASESOR_4,ENERGIA,BULONERIA,C,1556.28,1253.6,1
2026-05-07,2026-05-04,PED0000972,CLI_0017,MENDOZA,ASESOR_5,METALMECANICA,BULONERIA,C,2405.25,3092.1,5
2026-05-07,2026-05-04,PED0000972,CLI_0017,MENDOZA,ASESOR_5,METALMECANICA,PERFILES,C,1925.74,2216.2,6
2026-05-07,2026-05-04,PED0000972,CLI_0017,MENDOZA,ASESOR_5,METALMECANICA,CH304,C,2160.3,3131.0,6
2026-05-07,2026-05-04,PED0000973,CLI_0035,CAPITAL,ASESOR_3,METALMECANICA,CH304,C,2481.61,3667.0,5
2026-05-05,2026-05-04,PED0000974,CLI_0014,CAPITAL,ASESOR_6,AUTOPARTES,CAÑOS Y TUBOS,B,1504.49,1976.3,1
2026-05-05,2026-05-04,PED0000974,CLI_0014,CAPITAL,ASESOR_6,AUTOPARTES,CH316,B,3115.56,4259.8,2
2026-05-05,2026-05-04,PED0000974,CLI_0014,CAPITAL,ASESOR_6,AUTOPARTES,CH430,B,1015.64,1090.8,6
2026-05-08,2026-05-04,PED0000975,CLI_0020,MENDOZA,ASESOR_3,METALMECANICA,CH316,C,1189.87,1226.5,2
2026-05-05,2026-05-04,PED0000976,CLI_0008,CORDOBA,ASESOR_5,AGRO,CH430,C,1439.61,1927.1,2
2026-05-05,2026-05-04,PED0000976,CLI_0008,CORDOBA,ASESOR_5,AGRO,CAÑOS Y TUBOS,C,1663.73,2256.1,2
2026-05-05,2026-05-04,PED0000977,CLI_0004,CORDOBA,ASESOR_4,AGRO,CH316,C,818.78,893.6,5
2026-05-05,2026-05-04,PED0000977,CLI_0004,CORDOBA,ASESOR_4,AGRO,PERFILES,C,3227.84,5154.5,4
2026-05-08,2026-05-04,PED0000978,CLI_0016,MENDOZA,ASESOR_5,AUTOPARTES,CH430,C,1151.2,1773.8,6
2026-05-08,2026-05-04,PED0000978,CLI_0016,MENDOZA,ASESOR_5,AUTOPARTES,PERFILES,C,1451.3,1770.9,2
2026-05-08,2026-05-04,PED0000978,CLI_0016,MENDOZA,ASESOR_5,AUTOPARTES,BULONERIA,C,2153.63,2377.4,6
2026-05-05,2026-05-04,PED0000979,CLI_0012,CAPITAL,ASESOR_3,AUTOPARTES,BULONERIA,B,2037.45,2689.4,3
2026-05-08,2026-05-04,PED0000980,CLI_0020,MENDOZA,ASESOR_4,ENERGIA,BULONERIA,C,2349.29,2628.4,1
2026-05-08,2026-05-04,PED0000980,CLI_0020,MENDOZA,ASESOR_4,ENERGIA,CH316,C,1770.36,2134.9,3
2026-05-08,2026-05-04,PED0000980,CLI_0020,MENDOZA,ASESOR_4,ENERGIA,CH430,C,1258.66,1545.4,6
2026-05-05,2026-05-04,PED0000981,CLI_0030,CAPITAL,ASESOR_1,METALMECANICA,BULONERIA,C,1497.59,2319.9,2
2026-05-08,2026-05-04,PED0000982,CLI_0021,ROSARIO,ASESOR_6,METALMECANICA,BULONERIA,A,1068.09,1564.3,1
2026-05-05,2026-05-04,PED0000983,CLI_0019,ROSARIO,ASESOR_5,AGRO,PERFILES,A,2103.73,2586.6,1
2026-05-05,2026-05-04,PED0000983,CLI_0019,ROSARIO,ASESOR_5,AGRO,CAÑOS Y TUBOS,A,2182.63,2853.0,2
2026-05-04,2026-05-04,PED0000984,CLI_0039,MENDOZA,ASESOR_1,METALMECANICA,CH316,A,1514.97,1575.5,1
2026-05-08,2026-05-04,PED0000985,CLI_0019,MENDOZA,ASESOR_1,METALMECANICA,PERFILES,C,2167.0,2170.0,4
2026-05-08,2026-05-04,PED0000985,CLI_0019,MENDOZA,ASESOR_1,METALMECANICA,CAÑOS Y TUBOS,C,1556.05,1858.1,2
2026-05-06,2026-05-04,PED0000986,CLI_0033,CORDOBA,ASESOR_5,METALMECANICA,CH316,B,1179.3,1418.1,6
2026-05-06,2026-05-04,PED0000986,CLI_0033,CORDOBA,ASESOR_5,METALMECANICA,CH430,B,1262.0,1996.2,2
2026-05-06,2026-05-04,PED0000986,CLI_0033,CORDOBA,ASESOR_5,METALMECANICA,PERFILES,B,2857.15,3015.3,5
2026-05-06,2026-05-04,PED0000987,CLI_0040,MENDOZA,ASESOR_4,AUTOPARTES,CAÑOS Y TUBOS,A,1364.32,1841.2,2
2026-05-06,2026-05-04,PED0000988,CLI_0019,ROSARIO,ASESOR_1,AUTOPARTES,PERFILES,B,2111.88,2846.4,5
2026-05-07,2026-05-04,PED0000989,CLI_0014,ROSARIO,ASESOR_5,AUTOPARTES,CH316,B,1550.58,1644.5,5
2026-05-07,2026-05-04,PED0000989,CLI_0014,ROSARIO,ASESOR_5,AUTOPARTES,PERFILES,B,2657.32,3515.1,4
2026-05-06,2026-05-04,PED0000990,CLI_0015,CORDOBA,ASESOR_2,AGRO,CH430,B,1448.47,2119.7,3
2026-05-04,2026-05-04,PED0000991,CLI_0022,MENDOZA,ASESOR_3,METALMECANICA,CAÑOS Y TUBOS,C,1828.06,1979.6,2
2026-05-04,2026-05-04,PED0000991,CLI_0022,MENDOZA,ASESOR_3,METALMECANICA,CH304,C,3427.86,4845.7,1
2026-05-04,2026-05-04,PED0000992,CLI_0008,ROSARIO,ASESOR_2,AGRO,CAÑOS Y TUBOS,B,2190.82,2734.1,2
2026-05-04,2026-05-04,PED0000993,CLI_0004,ROSARIO,ASESOR_5,ENERGIA,CH316,B,1308.87,1549.4,6
2026-05-05,2026-05-04,PED0000994,CLI_0023,MENDOZA,ASESOR_1,METALMECANICA,PERFILES,C,1813.88,1537.2,1
2026-05-04,2026-05-04,PED0000995,CLI_0021,CORDOBA,ASESOR_3,ENERGIA,BULONERIA,B,1716.43,2715.0,6
2026-05-08,2026-05-04,PED0000996,CLI_0017,MENDOZA,ASESOR_2,AUTOPARTES,CH316,C,1319.7,1632.8,6
2026-05-05,2026-05-04,PED0000997,CLI_0001,CORDOBA,ASESOR_5,ENERGIA,CH304,C,1727.41,1881.1,4
2026-05-05,2026-05-04,PED0000997,CLI_0001,CORDOBA,ASESOR_5,ENERGIA,CH430,C,1461.85,1420.7,3
2026-05-06,2026-05-04,PED0000998,CLI_0003,MENDOZA,ASESOR_2,METALMECANICA,BULONERIA,B,2640.68,2408.9,6
2026-05-08,2026-05-04,PED0000999,CLI_0016,MENDOZA,ASESOR_4,METALMECANICA,PERFILES,C,1628.99,2040.4,1
2026-05-04,2026-05-04,PED0001000,CLI_0034,CORDOBA,ASESOR_5,METALMECANICA,PERFILES,B,3556.7,5066.4,5
2026-05-04,2026-05-04,PED0001000,CLI_0034,CORDOBA,ASESOR_5,METALMECANICA,CH304,B,1165.73,1411.5,1
2026-05-06,2026-05-04,PED0001001,CLI_0020,MENDOZA,ASESOR_5,AUTOPARTES,BULONERIA,C,1793.47,1908.9,2
2026-05-04,2026-05-04,PED0001002,CLI_0007,CORDOBA,ASESOR_4,ENERGIA,CH430,C,979.88,1433.2,1
2026-05-05,2026-05-04,PED0001003,CLI_0005,CAPITAL,ASESOR_2,AGRO,CH430,B,880.99,1173.8,5
2026-05-05,2026-05-04,PED0001003,CLI_0005,CAPITAL,ASESOR_2,AGRO,PERFILES,B,1971.81,2986.5,6
2026-05-04,2026-05-04,PED0001004,CLI_0013,ROSARIO,ASESOR_2,AUTOPARTES,PERFILES,B,2618.05,2177.1,2
2026-05-05,2026-05-04,PED0001005,CLI_0007,CORDOBA,ASESOR_1,AGRO,CH316,C,1042.0,1059.6,2
2026-05-04,2026-05-04,PED0001006,CLI_0019,CORDOBA,ASESOR_1,AUTOPARTES,CAÑOS Y TUBOS,C,1441.44,2011.0,6
2026-05-04,2026-05-04,PED0001006,CLI_0019,CORDOBA,ASESOR_1,AUTOPARTES,CH304,C,1201.13,1008.2,4
2026-05-04,2026-05-04,PED0001007,CLI_0015,MENDOZA,ASESOR_2,AUTOPARTES,PERFILES,C,1445.88,1399.2,4
2026-05-04,2026-05-04,PED0001007,CLI_0015,MENDOZA,ASESOR_2,AUTOPARTES,BULONERIA,C,2432.22,2643.1,3
2026-05-04,2026-05-04,PED0001007,CLI_0015,MENDOZA,ASESOR_2,AUTOPARTES,CH304,C,2652.45,2568.3,1
2026-05-04,2026-05-04,PED0001008,CLI_0018,CORDOBA,ASESOR_4,AGRO,CAÑOS Y TUBOS,B,1409.08,2093.9,3
2026-05-12,2026-05-11,PED0001009,CLI_0041,CORDOBA,ASESOR_1,METALMECANICA,CH304,C,1065.64,1674.5,6
2026-05-12,2026-05-11,PED0001009,CLI_0041,CORDOBA,ASESOR_1,METALMECANICA,CAÑOS Y TUBOS,C,1592.27,1685.6,2
2026-05-12,2026-05-11,PED0001009,CLI_0041,CORDOBA,ASESOR_1,METALMECANICA,PERFILES,C,3374.41,3178.3,1
2026-05-11,2026-05-11,PED0001010,CLI_0039,ROSARIO,ASESOR_5,AUTOPARTES,CH316,A,1696.67,2254.5,3
2026-05-12,2026-05-11,PED0001011,CLI_0044,MENDOZA,ASESOR_2,METALMECANICA,BULONERIA,A,2024.53,3117.7,2
2026-05-12,2026-05-11,PED0001011,CLI_0044,MENDOZA,ASESOR_2,METALMECANICA,CH316,A,1104.65,1064.1,4
2026-05-13,2026-05-11,PED0001012,CLI_0017,CORDOBA,ASESOR_3,ENERGIA,CAÑOS Y TUBOS,B,1137.63,1703.7,4
2026-05-12,2026-05-11,PED0001013,CLI_0035,CAPITAL,ASESOR_5,METALMECANICA,CH304,C,2860.81,2798.3,4
2026-05-15,2026-05-11,PED0001014,CLI_0009,CAPITAL,ASESOR_1,METALMECANICA,PERFILES,B,1877.56,1503.1,4
2026-05-13,2026-05-11,PED0001015,CLI_0037,MENDOZA,ASESOR_3,AUTOPARTES,BULONERIA,B,2163.19,3168.8,5
2026-05-13,2026-05-11,PED0001015,CLI_0037,MENDOZA,ASESOR_3,AUTOPARTES,CH304,B,2349.36,2291.7,2
2026-05-13,2026-05-11,PED0001015,CLI_0037,MENDOZA,ASESOR_3,AUTOPARTES,CAÑOS Y TUBOS,B,1707.18,1560.5,6
2026-05-15,2026-05-11,PED0001016,CLI_0017,CAPITAL,ASESOR_6,CONSTRUCCION,CH316,C,2785.32,3854.9,3
2026-05-15,2026-05-11,PED0001017,CLI_0045,CORDOBA,ASESOR_6,METALMECANICA,CH430,C,1189.08,1307.8,2
2026-05-15,2026-05-11,PED0001017,CLI_0045,CORDOBA,ASESOR_6,METALMECANICA,CH316,C,1125.98,1742.7,1
2026-05-11,2026-05-11,PED0001018,CLI_0012,MENDOZA,ASESOR_6,CONSTRUCCION,CH304,C,3234.5,3203.0,4
2026-05-12,2026-05-11,PED0001019,CLI_0022,CORDOBA,ASESOR_1,ENERGIA,PERFILES,B,2806.15,2727.2,5
2026-05-12,2026-05-11,PED0001019,CLI_0022,CORDOBA,ASESOR_1,ENERGIA,CAÑOS Y TUBOS,B,1307.12,1505.7,6
2026-05-12,2026-05-11,PED0001020,CLI_0006,CORDOBA,ASESOR_6,ENERGIA,CAÑOS Y TUBOS,C,1684.69,1962.8,1
2026-05-14,2026-05-11,PED0001021,CLI_0037,CORDOBA,ASESOR_5,AGRO,PERFILES,A,2292.21,3621.9,1
2026-05-14,2026-05-11,PED0001021,CLI_0037,CORDOBA,ASESOR_5,AGRO,CH316,A,877.38,1202.1,2
2026-05-15,2026-05-11,PED0001022,CLI_0030,CORDOBA,ASESOR_3,METALMECANICA,PERFILES,B,2436.39,3586.4,2
2026-05-15,2026-05-11,PED0001023,CLI_0003,CAPITAL,ASESOR_2,AGRO,PERFILES,B,1658.08,2246.6,5
2026-05-15,2026-05-11,PED0001023,CLI_0003,CAPITAL,ASESOR_2,AGRO,CH304,B,2579.3,2391.0,6
2026-05-15,2026-05-11,PED0001023,CLI_0003,CAPITAL,ASESOR_2,AGRO,CH430,B,749.54,980.0,5
2026-05-12,2026-05-11,PED0001024,CLI_0017,ROSARIO,ASESOR_6,AUTOPARTES,CAÑOS Y TUBOS,B,2155.8,3278.5,4
2026-05-11,2026-05-11,PED0001025,CLI_0007,MENDOZA,ASESOR_4,AGRO,BULONERIA,A,2231.52,2341.5,6
2026-05-12,2026-05-11,PED0001026,CLI_0031,CAPITAL,ASESOR_1,METALMECANICA,CH316,A,3637.52,4790.1,4
2026-05-12,2026-05-11,PED0001026,CLI_0031,CAPITAL,ASESOR_1,METALMECANICA,CAÑOS Y TUBOS,A,1970.11,1967.9,3
2026-05-11,2026-05-11,PED0001027,CLI_0012,CAPITAL,ASESOR_2,AGRO,PERFILES,A,1386.84,1267.5,3
2026-05-11,2026-05-11,PED0001027,CLI_0012,CAPITAL,ASESOR_2,AGRO,CH316,A,3596.59,2908.3,1
2026-05-12,2026-05-11,PED0001028,CLI_0038,CORDOBA,ASESOR_5,CONSTRUCCION,CH430,C,1327.84,1710.3,2
2026-05-12,2026-05-11,PED0001028,CLI_0038,CORDOBA,ASESOR_5,CONSTRUCCION,CH304,C,1103.99,1747.8,6
2026-05-11,2026-05-11,PED0001029,CLI_0042,CORDOBA,ASESOR_3,CONSTRUCCION,CAÑOS Y TUBOS,B,1237.16,1692.2,4
2026-05-11,2026-05-11,PED0001029,CLI_0042,CORDOBA,ASESOR_3,CONSTRUCCION,PERFILES,B,3246.54,3180.7,1
2026-05-12,2026-05-11,PED0001030,CLI_0036,CAPITAL,ASESOR_6,ENERGIA,BULONERIA,C,1710.29,2241.2,3
2026-05-12,2026-05-11,PED0001030,CLI_0036,CAPITAL,ASESOR_6,ENERGIA,CAÑOS Y TUBOS,C,2206.47,3058.1,3
2026-05-12,2026-05-11,PED0001030,CLI_0036,CAPITAL,ASESOR_6,ENERGIA,PERFILES,C,1740.04,1849.8,6
2026-05-12,2026-05-11,PED0001031,CLI_0010,CORDOBA,ASESOR_3,CONSTRUCCION,CH316,A,1047.13,1060.3,6
2026-05-12,2026-05-11,PED0001031,CLI_0010,CORDOBA,ASESOR_3,CONSTRUCCION,PERFILES,A,2857.55,3672.8,5
2026-05-11,2026-05-11,PED0001032,CLI_0026,MENDOZA,ASESOR_5,ENERGIA,PERFILES,C,1804.76,1613.4,2
2026-05-11,2026-05-11,PED0001032,CLI_0026,MENDOZA,ASESOR_5,ENERGIA,CH304,C,2577.07,3448.3,5
2026-05-14,2026-05-11,PED0001033,CLI_0024,MENDOZA,ASESOR_4,CONSTRUCCION,PERFILES,B,2121.75,3077.7,6
2026-05-14,2026-05-11,PED0001033,CLI_0024,MENDOZA,ASESOR_4,CONSTRUCCION,CH304,B,3108.48,3560.6,1
2026-05-11,2026-05-11,PED0001034,CLI_0037,ROSARIO,ASESOR_5,AUTOPARTES,CAÑOS Y TUBOS,A,2762.27,3820.9,3
2026-05-13,2026-05-11,PED0001035,CLI_0014,CORDOBA,ASESOR_6,AGRO,CH304,B,1282.63,1743.5,6
2026-05-13,2026-05-11,PED0001036,CLI_0020,CORDOBA,ASESOR_2,AUTOPARTES,CH430,C,1525.24,2265.5,3
2026-05-13,2026-05-11,PED0001036,CLI_0020,CORDOBA,ASESOR_2,AUTOPARTES,CH316,C,1002.75,1234.0,2
2026-05-14,2026-05-11,PED0001037,CLI_0032,CORDOBA,ASESOR_3,CONSTRUCCION,CAÑOS Y TUBOS,C,1586.42,2229.3,2
2026-05-13,2026-05-11,PED0001038,CLI_0036,CORDOBA,ASESOR_6,METALMECANICA,CH316,B,820.87,781.3,3
2026-05-13,2026-05-11,PED0001038,CLI_0036,CORDOBA,ASESOR_6,METALMECANICA,CH430,B,1566.94,2131.3,5
2026-05-12,2026-05-11,PED0001039,CLI_0039,CORDOBA,ASESOR_5,ENERGIA,BULONERIA,A,2287.84,3435.3,4
2026-05-12,2026-05-11,PED0001040,CLI_0017,CORDOBA,ASESOR_2,AGRO,CH304,B,1282.16,1256.3,1
2026-05-12,2026-05-11,PED0001040,CLI_0017,CORDOBA,ASESOR_2,AGRO,CH430,B,1135.71,1049.4,3
2026-05-12,2026-05-11,PED0001040,CLI_0017,CORDOBA,ASESOR_2,AGRO,BULONERIA,B,1664.49,1630.5,6
2026-05-12,2026-05-11,PED0001041,CLI_0014,ROSARIO,ASESOR_2,AUTOPARTES,CH316,B,1767.11,2626.0,4
2026-05-14,2026-05-11,PED0001042,CLI_0023,MENDOZA,ASESOR_4,ENERGIA,PERFILES,C,1809.34,2355.4,4
2026-05-14,2026-05-11,PED0001043,CLI_0008,CORDOBA,ASESOR_6,AGRO,CH316,C,985.61,1070.0,6
2026-05-11,2026-05-11,PED0001044,CLI_0029,ROSARIO,ASESOR_3,AUTOPARTES,PERFILES,C,1718.75,2511.2,2
2026-05-11,2026-05-11,PED0001044,CLI_0029,ROSARIO,ASESOR_3,AUTOPARTES,CAÑOS Y TUBOS,C,2664.13,3660.6,6
2026-05-11,2026-05-11,PED0001044,CLI_0029,ROSARIO,ASESOR_3,AUTOPARTES,CH430,C,1505.71,2193.6,2
2026-05-15,2026-05-11,PED0001045,CLI_0027,MENDOZA,ASESOR_3,ENERGIA,PERFILES,C,1683.51,2630.5,2
2026-05-13,2026-05-11,PED0001046,CLI_0027,CAPITAL,ASESOR_5,METALMECANICA,BULONERIA,C,1466.61,1973.5,1
2026-05-15,2026-05-11,PED0001047,CLI_0004,CORDOBA,ASESOR_5,AGRO,BULONERIA,C,2469.29,2238.9,4
2026-05-13,2026-05-11,PED0001048,CLI_0040,ROSARIO,ASESOR_6,METALMECANICA,PERFILES,B,2619.95,2398.3,5
2026-05-15,2026-05-11,PED0001049,CLI_0043,CORDOBA,ASESOR_1,ENERGIA,CH304,A,1486.04,1818.6,6
2026-05-12,2026-05-11,PED0001050,CLI_0013,ROSARIO,ASESOR_6,AUTOPARTES,CAÑOS Y TUBOS,B,2674.4,2849.4,1
2026-05-14,2026-05-11,PED0001051,CLI_0022,MENDOZA,ASESOR_5,METALMECANICA,CH430,C,1031.67,1082.2,2
2026-05-14,2026-05-11,PED0001052,CLI_0040,MENDOZA,ASESOR_3,METALMECANICA,CH430,A,1523.69,1990.6,3
2026-05-15,2026-05-11,PED0001053,CLI_0027,MENDOZA,ASESOR_1,ENERGIA,CH430,B,978.04,783.8,5
2026-05-15,2026-05-11,PED0001054,CLI_0001,CAPITAL,ASESOR_1,AGRO,CH304,B,2612.93,3388.2,2
2026-05-15,2026-05-11,PED0001054,CLI_0001,CAPITAL,ASESOR_1,AGRO,CH316,B,3238.03,5118.1,1
2026-05-12,2026-05-11,PED0001055,CLI_0043,ROSARIO,ASESOR_5,AGRO,CAÑOS Y TUBOS,C,1836.41,1526.1,5
2026-05-15,2026-05-11,PED0001056,CLI_0008,CAPITAL,ASESOR_3,AGRO,CH304,A,3091.36,3965.6,5
2026-05-11,2026-05-11,PED0001057,CLI_0008,CORDOBA,ASESOR_4,ENERGIA,CH304,C,1227.59,1120.9,4
2026-05-11,2026-05-11,PED0001057,CLI_0008,CORDOBA,ASESOR_4,ENERGIA,CH430,C,1098.27,1233.8,3
2026-05-11,2026-05-11,PED0001058,CLI_0011,CAPITAL,ASESOR_4,ENERGIA,CH430,A,928.35,1264.2,5
2026-05-11,2026-05-11,PED0001058,CLI_0011,CAPITAL,ASESOR_4,ENERGIA,PERFILES,A,1539.97,1905.1,2
2026-05-13,2026-05-11,PED0001059,CLI_0031,CORDOBA,ASESOR_3,AUTOPARTES,CAÑOS Y TUBOS,B,1391.85,1659.6,4
2026-05-13,2026-05-11,PED0001059,CLI_0031,CORDOBA,ASESOR_3,AUTOPARTES,BULONERIA,B,1749.51,2185.1,5
2026-05-13,2026-05-11,PED0001059,CLI_0031,CORDOBA,ASESOR_3,AUTOPARTES,PERFILES,B,2715.16,3253.0,3
2026-05-13,2026-05-11,PED0001060,CLI_0034,CAPITAL,ASESOR_5,CONSTRUCCION,BULONERIA,A,1905.43,2651.2,5
2026-05-13,2026-05-11,PED0001060,CLI_0034,CAPITAL,ASESOR_5,CONSTRUCCION,PERFILES,A,1242.23,1954.5,4
2026-05-13,2026-05-11,PED0001060,CLI_0034,CAPITAL,ASESOR_5,CONSTRUCCION,CH316,A,2685.99,4220.6,1
2026-05-15,2026-05-11,PED0001061,CLI_0029,MENDOZA,ASESOR_6,ENERGIA,BULONERIA,B,1676.79,1629.2,4
2026-05-14,2026-05-11,PED0001062,CLI_0019,ROSARIO,ASESOR_2,AGRO,BULONERIA,A,1335.43,1116.7,4
2026-05-12,2026-05-11,PED0001063,CLI_0006,ROSARIO,ASESOR_6,CONSTRUCCION,CH430,C,1512.15,2209.6,3
2026-05-12,2026-05-11,PED0001063,CLI_0006,ROSARIO,ASESOR_6,CONSTRUCCION,CH316,C,1733.41,1944.1,2
2026-05-14,2026-05-11,PED0001064,CLI_0031,ROSARIO,ASESOR_5,AUTOPARTES,BULONERIA,C,1077.48,1619.4,6
2026-05-14,2026-05-11,PED0001064,CLI_0031,ROSARIO,ASESOR_5,AUTOPARTES,CH430,C,1467.55,1654.5,1
2026-05-14,2026-05-11,PED0001065,CLI_0003,MENDOZA,ASESOR_4,METALMECANICA,CH304,B,2945.25,3288.0,6
2026-05-11,2026-05-11,PED0001066,CLI_0035,MENDOZA,ASESOR_2,AUTOPARTES,CAÑOS Y TUBOS,A,1159.99,1426.3,2
2026-05-13,2026-05-11,PED0001067,CLI_0033,CORDOBA,ASESOR_6,METALMECANICA,CH430,B,1232.64,1859.4,2
2026-05-13,2026-05-11,PED0001067,CLI_0033,CORDOBA,ASESOR_6,METALMECANICA,CH304,B,1722.5,2142.4,4
2026-05-13,2026-05-11,PED0001067,CLI_0033,CORDOBA,ASESOR_6,METALMECANICA,PERFILES,B,2444.88,2969.5,1
2026-05-14,2026-05-11,PED0001068,CLI_0038,MENDOZA,ASESOR_4,CONSTRUCCION,BULONERIA,A,2503.61,2487.1,5
2026-05-15,2026-05-11,PED0001069,CLI_0028,CORDOBA,ASESOR_4,AUTOPARTES,CH316,B,1204.79,1006.0,1
2026-05-15,2026-05-11,PED0001069,CLI_0028,CORDOBA,ASESOR_4,AUTOPARTES,BULONERIA,B,2670.19,2865.3,3
2026-05-14,2026-05-11,PED0001070,CLI_0036,ROSARIO,ASESOR_3,METALMECANICA,CH430,B,1219.4,1195.2,6
2026-05-11,2026-05-11,PED0001071,CLI_0024,ROSARIO,ASESOR_3,METALMECANICA,PERFILES,A,1914.74,1778.6,5
2026-05-11,2026-05-11,PED0001071,CLI_0024,ROSARIO,ASESOR_3,METALMECANICA,BULONERIA,A,1557.36,1316.5,6
2026-05-13,2026-05-11,PED0001072,CLI_0009,CAPITAL,ASESOR_4,ENERGIA,CH316,B,3820.82,5148.4,1
2026-05-15,2026-05-11,PED0001073,CLI_0014,MENDOZA,ASESOR_1,ENERGIA,CH316,A,1633.29,1352.6,5
2026-05-13,2026-05-11,PED0001074,CLI_0033,CAPITAL,ASESOR_1,METALMECANICA,CAÑOS Y TUBOS,C,2270.45,2248.0,4
2026-05-13,2026-05-11,PED0001074,CLI_0033,CAPITAL,ASESOR_1,METALMECANICA,BULONERIA,C,1880.22,2023.3,6
2026-05-12,2026-05-11,PED0001075,CLI_0034,MENDOZA,ASESOR_4,AUTOPARTES,BULONERIA,B,2421.73,3803.2,4
2026-05-13,2026-05-11,PED0001076,CLI_0010,CORDOBA,ASESOR_2,AGRO,CAÑOS Y TUBOS,C,1416.54,2130.3,2
2026-05-14,2026-05-11,PED0001077,CLI_0036,MENDOZA,ASESOR_2,AGRO,CAÑOS Y TUBOS,B,1815.98,2126.2,3
2026-05-14,2026-05-11,PED0001077,CLI_0036,MENDOZA,ASESOR_2,AGRO,BULONERIA,B,1982.13,2218.2,6
2026-05-14,2026-05-11,PED0001077,CLI_0036,MENDOZA,ASESOR_2,AGRO,PERFILES,B,1765.03,1759.4,6
2026-05-14,2026-05-11,PED0001078,CLI_0032,ROSARIO,ASESOR_5,AUTOPARTES,CAÑOS Y TUBOS,C,2249.78,2352.2,4
2026-05-13,2026-05-11,PED0001079,CLI_0045,ROSARIO,ASESOR_4,CONSTRUCCION,PERFILES,B,1820.07,1947.7,2
2026-05-13,2026-05-11,PED0001079,CLI_0045,ROSARIO,ASESOR_4,CONSTRUCCION,CAÑOS Y TUBOS,B,2591.58,4016.2,4
2026-05-13,2026-05-11,PED0001079,CLI_0045,ROSARIO,ASESOR_4,CONSTRUCCION,CH304,B,933.42,1077.5,6
2026-05-15,2026-05-11,PED0001080,CLI_0005,ROSARIO,ASESOR_4,ENERGIA,BULONERIA,C,1311.44,1889.4,2
2026-05-15,2026-05-11,PED0001080,CLI_0005,ROSARIO,ASESOR_4,ENERGIA,CAÑOS Y TUBOS,C,2293.55,2694.6,6
2026-05-11,2026-05-11,PED0001081,CLI_0044,ROSARIO,ASESOR_4,AGRO,CH304,C,845.17,1298.3,1
2026-05-11,2026-05-11,PED0001081,CLI_0044,ROSARIO,ASESOR_4,AGRO,BULONERIA,C,1157.51,1009.3,3
2026-05-11,2026-05-11,PED0001082,CLI_0031,ROSARIO,ASESOR_6,AUTOPARTES,CH430,C,1266.74,1852.7,4
2026-05-15,2026-05-11,PED0001083,CLI_0029,CORDOBA,ASESOR_6,AUTOPARTES,CH316,B,900.65,805.9,5
2026-05-13,2026-05-11,PED0001084,CLI_0027,MENDOZA,ASESOR_2,ENERGIA,CH316,C,1562.31,1433.1,4
2026-05-13,2026-05-11,PED0001084,CLI_0027,MENDOZA,ASESOR_2,ENERGIA,CH304,C,2211.94,1839.2,4
2026-05-15,2026-05-11,PED0001085,CLI_0036,MENDOZA,ASESOR_4,METALMECANICA,CH430,A,1278.04,1208.3,1
2026-05-15,2026-05-11,PED0001085,CLI_0036,MENDOZA,ASESOR_4,METALMECANICA,CAÑOS Y TUBOS,A,1829.25,2848.7,5
2026-05-12,2026-05-11,PED0001086,CLI_0032,CORDOBA,ASESOR_3,CONSTRUCCION,CH430,C,1416.38,2171.9,1
2026-05-13,2026-05-11,PED0001087,CLI_0004,ROSARIO,ASESOR_6,AGRO,CAÑOS Y TUBOS,B,2546.23,3239.5,2
2026-05-13,2026-05-11,PED0001087,CLI_0004,ROSARIO,ASESOR_6,AGRO,CH304,B,1036.13,1038.4,5
2026-05-11,2026-05-11,PED0001088,CLI_0040,CORDOBA,ASESOR_5,CONSTRUCCION,BULONERIA,B,1922.68,3070.4,3
2026-05-11,2026-05-11,PED0001088,CLI_0040,CORDOBA,ASESOR_5,CONSTRUCCION,CH430,B,1002.07,1402.9,6
2026-05-12,2026-05-11,PED0001089,CLI_0017,MENDOZA,ASESOR_6,CONSTRUCCION,PERFILES,B,1567.46,1504.3,4
2026-05-12,2026-05-11,PED0001089,CLI_0017,MENDOZA,ASESOR_6,CONSTRUCCION,CH304,B,2603.82,2158.0,6
2026-05-12,2026-05-11,PED0001089,CLI_0017,MENDOZA,ASESOR_6,CONSTRUCCION,BULONERIA,B,1921.64,2114.0,3
2026-05-13,2026-05-11,PED0001090,CLI_0008,MENDOZA,ASESOR_4,AGRO,CAÑOS Y TUBOS,A,1308.22,2002.5,6
2026-05-13,2026-05-11,PED0001090,CLI_0008,MENDOZA,ASESOR_4,AGRO,CH430,A,971.48,1295.0,3
2026-05-12,2026-05-11,PED0001091,CLI_0035,CAPITAL,ASESOR_1,AUTOPARTES,CH430,C,704.23,885.6,2
2026-05-15,2026-05-11,PED0001092,CLI_0018,CAPITAL,ASESOR_1,CONSTRUCCION,PERFILES,C,1728.54,2587.8,4
2026-05-12,2026-05-11,PED0001093,CLI_0031,CORDOBA,ASESOR_6,CONSTRUCCION,BULONERIA,C,2646.17,2509.8,6
2026-05-12,2026-05-11,PED0001094,CLI_0030,CAPITAL,ASESOR_1,METALMECANICA,CH304,C,2919.98,3797.0,2
2026-05-14,2026-05-11,PED0001095,CLI_0018,MENDOZA,ASESOR_2,METALMECANICA,BULONERIA,C,2270.66,3380.4,4
2026-05-13,2026-05-11,PED0001096,CLI_0014,ROSARIO,ASESOR_5,CONSTRUCCION,PERFILES,A,2222.79,2114.9,1
2026-05-12,2026-05-11,PED0001097,CLI_0037,CAPITAL,ASESOR_2,AUTOPARTES,PERFILES,C,1460.73,1650.4,6
2026-05-12,2026-05-11,PED0001098,CLI_0034,CORDOBA,ASESOR_2,METALMECANICA,BULONERIA,B,2606.9,3511.0,3
2026-05-11,2026-05-11,PED0001099,CLI_0016,ROSARIO,ASESOR_1,CONSTRUCCION,CAÑOS Y TUBOS,A,2608.84,3962.6,4
2026-05-11,2026-05-11,PED0001099,CLI_0016,ROSARIO,ASESOR_1,CONSTRUCCION,CH304,A,839.92,1172.0,1
2026-05-15,2026-05-11,PED0001100,CLI_0005,CORDOBA,ASESOR_5,AGRO,CH430,C,1268.99,1768.7,4
2026-05-15,2026-05-11,PED0001101,CLI_0009,CORDOBA,ASESOR_4,AGRO,CH316,C,835.37,904.1,4
2026-05-15,2026-05-11,PED0001101,CLI_0009,CORDOBA,ASESOR_4,AGRO,BULONERIA,C,2595.36,2749.8,4
2026-05-15,2026-05-11,PED0001101,CLI_0009,CORDOBA,ASESOR_4,AGRO,PERFILES,C,2822.71,4288.5,4
2026-05-12,2026-05-11,PED0001102,CLI_0036,ROSARIO,ASESOR_2,METALMECANICA,CAÑOS Y TUBOS,B,2279.3,1848.9,6
2026-05-12,2026-05-11,PED0001102,CLI_0036,ROSARIO,ASESOR_2,METALMECANICA,CH316,B,1724.64,1588.1,2
2026-05-13,2026-05-11,PED0001103,CLI_0040,ROSARIO,ASESOR_1,CONSTRUCCION,CH304,B,1109.51,1028.1,5
2026-05-14,2026-05-11,PED0001104,CLI_0035,CORDOBA,ASESOR_2,AUTOPARTES,CH316,B,1076.15,1434.1,3
2026-05-12,2026-05-11,PED0001105,CLI_0013,CAPITAL,ASESOR_1,AGRO,CAÑOS Y TUBOS,C,2170.01,2458.8,1
2026-05-15,2026-05-11,PED0001106,CLI_0032,CORDOBA,ASESOR_6,AUTOPARTES,CH304,B,1475.68,1805.8,3
2026-05-11,2026-05-11,PED0001107,CLI_0035,CORDOBA,ASESOR_6,AUTOPARTES,CH430,B,1247.01,1206.6,3
2026-05-13,2026-05-11,PED0001108,CLI_0037,ROSARIO,ASESOR_3,METALMECANICA,CH430,C,1460.33,2296.2,6
2026-05-13,2026-05-11,PED0001108,CLI_0037,ROSARIO,ASESOR_3,METALMECANICA,CH316,C,1485.82,2272.0,6
2026-05-13,2026-05-11,PED0001109,CLI_0029,ROSARIO,ASESOR_2,METALMECANICA,CH304,C,1046.64,961.5,3
2026-05-11,2026-05-11,PED0001110,CLI_0007,CAPITAL,ASESOR_5,METALMECANICA,CH316,B,3645.43,3721.9,2
2026-05-13,2026-05-11,PED0001111,CLI_0029,CORDOBA,ASESOR_1,METALMECANICA,PERFILES,B,2849.92,2613.1,3
2026-05-12,2026-05-11,PED0001112,CLI_0012,CORDOBA,ASESOR_4,AGRO,BULONERIA,C,2680.15,3425.4,1
2026-05-12,2026-05-11,PED0001112,CLI_0012,CORDOBA,ASESOR_4,AGRO,CH316,C,972.33,825.0,2
2026-05-13,2026-05-11,PED0001113,CLI_0029,CORDOBA,ASESOR_2,METALMECANICA,CH316,B,972.59,800.5,6
2026-05-14,2026-05-11,PED0001114,CLI_0032,MENDOZA,ASESOR_1,AGRO,PERFILES,B,1820.6,2561.2,1
2026-05-14,2026-05-11,PED0001114,CLI_0032,MENDOZA,ASESOR_1,AGRO,CH316,B,1759.44,2049.3,2
2026-05-11,2026-05-11,PED0001115,CLI_0019,MENDOZA,ASESOR_3,AUTOPARTES,CH430,C,1258.23,1377.8,3
2026-05-14,2026-05-11,PED0001116,CLI_0015,MENDOZA,ASESOR_5,CONSTRUCCION,PERFILES,C,2031.22,1681.1,3
2026-05-11,2026-05-11,PED0001117,CLI_0046,CORDOBA,ASESOR_5,ENERGIA,BULONERIA,A,2177.38,3356.6,2
2026-05-11,2026-05-11,PED0001117,CLI_0046,CORDOBA,ASESOR_5,ENERGIA,CH316,A,894.33,1089.5,6
2026-05-11,2026-05-11,PED0001118,CLI_0041,ROSARIO,ASESOR_1,AGRO,CH304,C,1106.81,1368.1,5
2026-05-11,2026-05-11,PED0001119,CLI_0024,MENDOZA,ASESOR_6,METALMECANICA,CAÑOS Y TUBOS,C,1196.09,1829.0,3
2026-05-11,2026-05-11,PED0001119,CLI_0024,MENDOZA,ASESOR_6,METALMECANICA,CH316,C,1247.18,1054.1,6
2026-05-12,2026-05-11,PED0001120,CLI_0009,CAPITAL,ASESOR_1,AUTOPARTES,CH316,B,3182.93,3368.7,6
2026-05-12,2026-05-11,PED0001120,CLI_0009,CAPITAL,ASESOR_1,AUTOPARTES,BULONERIA,B,1931.53,1575.0,3
2026-05-12,2026-05-11,PED0001121,CLI_0016,MENDOZA,ASESOR_1,METALMECANICA,CH316,C,1503.74,1211.6,6
2026-05-12,2026-05-11,PED0001121,CLI_0016,MENDOZA,ASESOR_1,METALMECANICA,BULONERIA,C,1715.77,2582.8,5
2026-05-15,2026-05-11,PED0001122,CLI_0032,ROSARIO,ASESOR_4,AUTOPARTES,PERFILES,A,2007.38,2229.7,2
2026-05-14,2026-05-11,PED0001123,CLI_0032,CORDOBA,ASESOR_3,AUTOPARTES,CH430,B,1269.55,1468.1,6
2026-05-11,2026-05-11,PED0001124,CLI_0040,MENDOZA,ASESOR_2,AUTOPARTES,CH316,A,1631.55,2265.5,3
2026-05-11,2026-05-11,PED0001124,CLI_0040,MENDOZA,ASESOR_2,AUTOPARTES,BULONERIA,A,2532.4,3391.8,5
2026-05-15,2026-05-11,PED0001125,CLI_0029,CORDOBA,ASESOR_3,METALMECANICA,CH430,A,1177.34,1145.7,2
2026-05-15,2026-05-11,PED0001125,CLI_0029,CORDOBA,ASESOR_3,METALMECANICA,CH316,A,1278.13,1233.5,6
2026-05-15,2026-05-11,PED0001125,CLI_0029,CORDOBA,ASESOR_3,METALMECANICA,CH304,A,1327.67,1409.8,4
2026-05-12,2026-05-11,PED0001126,CLI_0033,ROSARIO,ASESOR_4,METALMECANICA,CH304,C,1324.54,1963.2,5
2026-05-14,2026-05-11,PED0001127,CLI_0013,CAPITAL,ASESOR_1,AGRO,PERFILES,C,2000.96,1756.4,3
2026-05-11,2026-05-11,PED0001128,CLI_0032,ROSARIO,ASESOR_6,AUTOPARTES,BULONERIA,C,962.15,1362.8,1
2026-05-11,2026-05-11,PED0001129,CLI_0014,CORDOBA,ASESOR_2,AGRO,BULONERIA,B,1826.13,1625.4,6
2026-05-11,2026-05-11,PED0001129,CLI_0014,CORDOBA,ASESOR_2,AGRO,CH304,B,1219.57,1824.3,5
2026-05-11,2026-05-11,PED0001129,CLI_0014,CORDOBA,ASESOR_2,AGRO,CAÑOS Y TUBOS,B,1627.53,1657.7,1
2026-05-14,2026-05-11,PED0001130,CLI_0035,MENDOZA,ASESOR_1,AUTOPARTES,CAÑOS Y TUBOS,B,1431.01,1677.9,2
2026-05-13,2026-05-11,PED0001131,CLI_0017,CAPITAL,ASESOR_5,CONSTRUCCION,CH316,C,2425.34,2468.0,2
2026-05-13,2026-05-11,PED0001131,CLI_0017,CAPITAL,ASESOR_5,CONSTRUCCION,CH430,C,780.67,904.3,1
2026-05-12,2026-05-11,PED0001132,CLI_0034,CAPITAL,ASESOR_5,METALMECANICA,BULONERIA,C,1590.0,1384.5,3
2026-05-12,2026-05-11,PED0001132,CLI_0034,CAPITAL,ASESOR_5,METALMECANICA,CH304,C,3027.31,3566.1,2
2026-05-12,2026-05-11,PED0001133,CLI_0012,CORDOBA,ASESOR_6,AGRO,BULONERIA,C,2013.92,1891.4,4
2026-05-14,2026-05-11,PED0001134,CLI_0006,CORDOBA,ASESOR_4,AGRO,CAÑOS Y TUBOS,C,1825.12,1586.3,3
2026-05-14,2026-05-11,PED0001134,CLI_0006,CORDOBA,ASESOR_4,AGRO,CH430,C,1551.29,1654.1,3
2026-05-11,2026-05-11,PED0001135,CLI_0022,MENDOZA,ASESOR_4,ENERGIA,BULONERIA,C,1785.7,1916.6,6
2026-05-14,2026-05-11,PED0001136,CLI_0030,ROSARIO,ASESOR_5,AUTOPARTES,CAÑOS Y TUBOS,C,2856.87,4549.3,5
2026-05-15,2026-05-11,PED0001137,CLI_0017,CAPITAL,ASESOR_5,CONSTRUCCION,CH316,C,3474.76,4969.5,4
2026-05-15,2026-05-11,PED0001137,CLI_0017,CAPITAL,ASESOR_5,CONSTRUCCION,BULONERIA,C,1439.06,1993.8,3
2026-05-14,2026-05-11,PED0001138,CLI_0005,MENDOZA,ASESOR_5,METALMECANICA,CH304,B,2964.55,3447.5,6
2026-05-14,2026-05-11,PED0001138,CLI_0005,MENDOZA,ASESOR_5,METALMECANICA,CH316,B,1729.36,1644.0,1
2026-05-12,2026-05-11,PED0001139,CLI_0038,CAPITAL,ASESOR_4,AUTOPARTES,CH430,C,918.89,806.1,2
2026-05-12,2026-05-11,PED0001139,CLI_0038,CAPITAL,ASESOR_4,AUTOPARTES,CH316,C,2423.9,1999.4,1
2026-05-11,2026-05-11,PED0001140,CLI_0018,ROSARIO,ASESOR_2,CONSTRUCCION,CH430,A,1314.24,1062.5,5
2026-05-14,2026-05-11,PED0001141,CLI_0033,CORDOBA,ASESOR_3,METALMECANICA,CAÑOS Y TUBOS,B,1552.21,2085.1,1
2026-05-14,2026-05-11,PED0001141,CLI_0033,CORDOBA,ASESOR_3,METALMECANICA,PERFILES,B,2874.99,3108.4,3
2026-05-15,2026-05-11,PED0001142,CLI_0026,MENDOZA,ASESOR_4,ENERGIA,CH430,C,1529.21,1688.2,4
2026-05-15,2026-05-11,PED0001142,CLI_0026,MENDOZA,ASESOR_4,ENERGIA,CAÑOS Y TUBOS,C,1672.83,1454.5,3
2026-05-14,2026-05-11,PED0001143,CLI_0035,CAPITAL,ASESOR_1,AUTOPARTES,CH430,C,783.62,1243.8,1
2026-05-12,2026-05-11,PED0001144,CLI_0008,CORDOBA,ASESOR_3,ENERGIA,CH304,C,1535.23,1957.0,6
2026-05-12,2026-05-11,PED0001144,CLI_0008,CORDOBA,ASESOR_3,ENERGIA,BULONERIA,C,2487.25,3851.3,4
2026-05-15,2026-05-11,PED0001145,CLI_0015,CAPITAL,ASESOR_5,AUTOPARTES,CH304,B,3227.56,4384.9,4
2026-05-15,2026-05-11,PED0001145,CLI_0015,CAPITAL,ASESOR_5,AUTOPARTES,CH430,B,753.26,874.8,2
2026-05-12,2026-05-11,PED0001146,CLI_0008,CAPITAL,ASESOR_3,ENERGIA,CH304,B,3073.72,2473.0,6
2026-05-12,2026-05-11,PED0001146,CLI_0008,CAPITAL,ASESOR_3,ENERGIA,CH316,B,3670.12,5594.5,4
2026-05-12,2026-05-11,PED0001146,CLI_0008,CAPITAL,ASESOR_3,ENERGIA,CAÑOS Y TUBOS,B,1454.33,1376.0,3
2026-05-11,2026-05-11,PED0001147,CLI_0017,MENDOZA,ASESOR_2,METALMECANICA,CH316,C,1617.54,2519.1,5
2026-05-11,2026-05-11,PED0001148,CLI_0009,CAPITAL,ASESOR_4,METALMECANICA,BULONERIA,B,1900.0,1681.6,4
2026-05-11,2026-05-11,PED0001148,CLI_0009,CAPITAL,ASESOR_4,METALMECANICA,CH430,B,690.09,792.9,6
2026-05-14,2026-05-11,PED0001149,CLI_0043,MENDOZA,ASESOR_1,CONSTRUCCION,CH316,A,1737.58,2607.1,1
2026-05-14,2026-05-11,PED0001150,CLI_0016,CAPITAL,ASESOR_2,CONSTRUCCION,PERFILES,C,1672.64,1977.6,6
2026-05-14,2026-05-11,PED0001150,CLI_0016,CAPITAL,ASESOR_2,CONSTRUCCION,CH430,C,758.48,857.5,5
2026-05-14,2026-05-11,PED0001151,CLI_0016,CAPITAL,ASESOR_2,AUTOPARTES,CH304,A,3110.78,2518.9,5
2026-05-13,2026-05-11,PED0001152,CLI_0040,CORDOBA,ASESOR_5,ENERGIA,CAÑOS Y TUBOS,A,1604.63,1897.7,2
2026-05-13,2026-05-11,PED0001152,CLI_0040,CORDOBA,ASESOR_5,ENERGIA,CH316,A,865.88,961.4,6
2026-05-13,2026-05-11,PED0001152,CLI_0040,CORDOBA,ASESOR_5,ENERGIA,PERFILES,A,3057.61,4546.5,1
2026-05-11,2026-05-11,PED0001153,CLI_0029,ROSARIO,ASESOR_6,AUTOPARTES,CH304,C,1147.75,1145.1,4
2026-05-11,2026-05-11,PED0001154,CLI_0017,CORDOBA,ASESOR_2,AGRO,CAÑOS Y TUBOS,B,1610.28,2487.3,4
2026-05-11,2026-05-11,PED0001154,CLI_0017,CORDOBA,ASESOR_2,AGRO,CH304,B,1370.73,2013.7,2
2026-05-11,2026-05-11,PED0001154,CLI_0017,CORDOBA,ASESOR_2,AGRO,CH316,B,1217.62,1098.1,5
2026-05-13,2026-05-11,PED0001155,CLI_0037,MENDOZA,ASESOR_6,AUTOPARTES,CH304,B,2676.85,2207.7,1
2026-05-13,2026-05-11,PED0001156,CLI_0034,CAPITAL,ASESOR_6,AUTOPARTES,CH430,C,884.03,1277.8,3
2026-05-14,2026-05-11,PED0001157,CLI_0021,CORDOBA,ASESOR_5,ENERGIA,CAÑOS Y TUBOS,B,1673.88,2463.3,5
2026-05-13,2026-05-11,PED0001158,CLI_0023,ROSARIO,ASESOR_4,AGRO,PERFILES,A,2282.69,2285.6,3
2026-05-13,2026-05-11,PED0001159,CLI_0022,CORDOBA,ASESOR_3,ENERGIA,PERFILES,B,3553.99,3388.6,3
2026-05-13,2026-05-11,PED0001159,CLI_0022,CORDOBA,ASESOR_3,ENERGIA,CH316,B,1092.57,1233.8,3
2026-05-13,2026-05-11,PED0001159,CLI_0022,CORDOBA,ASESOR_3,ENERGIA,CH430,B,1364.59,1822.8,2
2026-05-15,2026-05-11,PED0001160,CLI_0021,ROSARIO,ASESOR_6,AGRO,CH316,A,1492.61,1401.2,6
2026-05-15,2026-05-11,PED0001160,CLI_0021,ROSARIO,ASESOR_6,AGRO,CAÑOS Y TUBOS,A,2667.29,2755.8,2
2026-05-13,2026-05-11,PED0001161,CLI_0023,ROSARIO,ASESOR_5,AGRO,CAÑOS Y TUBOS,A,2660.45,4113.0,4
2026-05-11,2026-05-11,PED0001162,CLI_0008,CORDOBA,ASESOR_2,AGRO,PERFILES,C,2251.91,3264.4,3
2026-05-11,2026-05-11,PED0001162,CLI_0008,CORDOBA,ASESOR_2,AGRO,CAÑOS Y TUBOS,C,1800.22,2095.1,5
2026-05-11,2026-05-11,PED0001162,CLI_0008,CORDOBA,ASESOR_2,AGRO,CH304,C,1464.76,1496.5,5
2026-05-14,2026-05-11,PED0001163,CLI_0009,MENDOZA,ASESOR_2,AGRO,CAÑOS Y TUBOS,A,1397.24,1251.3,2
2026-05-14,2026-05-11,PED0001163,CLI_0009,MENDOZA,ASESOR_2,AGRO,BULONERIA,A,1761.68,2480.6,1
2026-05-13,2026-05-11,PED0001164,CLI_0014,CAPITAL,ASESOR_1,AGRO,CH304,A,3753.84,5065.4,2
2026-05-13,2026-05-11,PED0001165,CLI_0004,CAPITAL,ASESOR_6,ENERGIA,BULONERIA,A,1717.52,1690.7,5
2026-05-13,2026-05-11,PED0001165,CLI_0004,CAPITAL,ASESOR_6,ENERGIA,CH430,A,946.65,1326.6,5
2026-05-13,2026-05-11,PED0001165,CLI_0004,CAPITAL,ASESOR_6,ENERGIA,PERFILES,A,1506.94,1490.5,1
2026-05-12,2026-05-11,PED0001166,CLI_0018,CORDOBA,ASESOR_2,AUTOPARTES,CH304,C,1725.49,1506.3,6
2026-05-12,2026-05-11,PED0001167,CLI_0009,CORDOBA,ASESOR_4,CONSTRUCCION,PERFILES,A,2394.36,2247.9,2
2026-05-14,2026-05-11,PED0001168,CLI_0042,CORDOBA,ASESOR_1,CONSTRUCCION,PERFILES,B,2797.61,2757.7,1
2026-05-14,2026-05-11,PED0001168,CLI_0042,CORDOBA,ASESOR_1,CONSTRUCCION,CAÑOS Y TUBOS,B,1415.18,1635.0,2
2026-05-12,2026-05-11,PED0001169,CLI_0040,MENDOZA,ASESOR_5,METALMECANICA,CAÑOS Y TUBOS,A,1349.25,1618.1,5
2026-05-12,2026-05-11,PED0001169,CLI_0040,MENDOZA,ASESOR_5,METALMECANICA,BULONERIA,A,2049.32,2364.4,2
2026-05-12,2026-05-11,PED0001169,CLI_0040,MENDOZA,ASESOR_5,METALMECANICA,CH430,A,1148.13,1564.6,5
2026-05-13,2026-05-11,PED0001170,CLI_0005,MENDOZA,ASESOR_2,METALMECANICA,CH316,B,1599.18,2428.8,4
2026-05-14,2026-05-11,PED0001171,CLI_0028,MENDOZA,ASESOR_1,ENERGIA,CH304,B,2869.24,3120.6,1
2026-05-14,2026-05-11,PED0001171,CLI_0028,MENDOZA,ASESOR_1,ENERGIA,CAÑOS Y TUBOS,B,1474.3,2033.6,4
2026-05-13,2026-05-11,PED0001172,CLI_0005,CAPITAL,ASESOR_4,AGRO,CH430,B,750.84,1113.4,6
2026-05-13,2026-05-11,PED0001172,CLI_0005,CAPITAL,ASESOR_4,AGRO,CAÑOS Y TUBOS,B,1900.17,2327.2,2
2026-05-13,2026-05-11,PED0001172,CLI_0005,CAPITAL,ASESOR_4,AGRO,CH316,B,3732.33,5909.5,3
2026-05-11,2026-05-11,PED0001173,CLI_0015,CAPITAL,ASESOR_2,CONSTRUCCION,PERFILES,C,1423.07,1736.4,3
2026-05-11,2026-05-11,PED0001173,CLI_0015,CAPITAL,ASESOR_2,CONSTRUCCION,CH304,C,3022.42,3126.8,4
2026-05-15,2026-05-11,PED0001174,CLI_0030,CORDOBA,ASESOR_2,AUTOPARTES,CH304,B,1491.02,1875.8,6
2026-05-12,2026-05-11,PED0001175,CLI_0006,ROSARIO,ASESOR_3,ENERGIA,CH316,B,1507.59,1299.0,1
2026-05-15,2026-05-11,PED0001176,CLI_0045,CORDOBA,ASESOR_2,ENERGIA,BULONERIA,A,1802.29,2785.8,2
2026-05-15,2026-05-11,PED0001176,CLI_0045,CORDOBA,ASESOR_2,ENERGIA,CH316,A,1238.36,1313.1,2
2026-05-14,2026-05-11,PED0001177,CLI_0038,CORDOBA,ASESOR_5,CONSTRUCCION,CH304,B,1384.25,2044.9,2
2026-05-12,2026-05-11,PED0001178,CLI_0018,CORDOBA,ASESOR_5,AGRO,BULONERIA,B,1812.51,2328.7,1
2026-05-12,2026-05-11,PED0001178,CLI_0018,CORDOBA,ASESOR_5,AGRO,CH316,B,848.57,935.1,1
2026-05-15,2026-05-11,PED0001179,CLI_0007,CORDOBA,ASESOR_4,ENERGIA,CAÑOS Y TUBOS,C,1771.29,2078.2,6
2026-05-13,2026-05-11,PED0001180,CLI_0007,CORDOBA,ASESOR_5,ENERGIA,CAÑOS Y TUBOS,C,1236.0,1837.1,2
2026-05-13,2026-05-11,PED0001181,CLI_0018,CAPITAL,ASESOR_2,CONSTRUCCION,CAÑOS Y TUBOS,C,1773.38,1843.6,1
2026-05-14,2026-05-11,PED0001182,CLI_0015,CORDOBA,ASESOR_4,AUTOPARTES,CH316,C,1280.75,1834.6,6
2026-05-14,2026-05-11,PED0001182,CLI_0015,CORDOBA,ASESOR_4,AUTOPARTES,CAÑOS Y TUBOS,C,1215.95,1744.9,4
2026-05-13,2026-05-11,PED0001183,CLI_0013,ROSARIO,ASESOR_2,CONSTRUCCION,CAÑOS Y TUBOS,C,2655.47,2913.7,2
2026-05-12,2026-05-11,PED0001184,CLI_0019,MENDOZA,ASESOR_2,METALMECANICA,CH304,C,2151.07,2521.2,4
2026-05-12,2026-05-11,PED0001184,CLI_0019,MENDOZA,ASESOR_2,METALMECANICA,CH430,C,1463.26,2191.5,1
2026-05-12,2026-05-11,PED0001184,CLI_0019,MENDOZA,ASESOR_2,METALMECANICA,PERFILES,C,1824.42,1977.3,5
2026-05-12,2026-05-11,PED0001185,CLI_0041,MENDOZA,ASESOR_1,METALMECANICA,PERFILES,A,1448.54,2308.5,2
2026-05-13,2026-05-11,PED0001186,CLI_0046,CORDOBA,ASESOR_1,CONSTRUCCION,CAÑOS Y TUBOS,B,1359.94,1754.8,3
2026-05-15,2026-05-11,PED0001187,CLI_0040,CORDOBA,ASESOR_3,AGRO,CAÑOS Y TUBOS,A,1674.67,1920.4,5
2026-05-11,2026-05-11,PED0001188,CLI_0039,CAPITAL,ASESOR_6,ENERGIA,CH316,C,3437.54,3959.7,6
2026-05-11,2026-05-11,PED0001188,CLI_0039,CAPITAL,ASESOR_6,ENERGIA,CAÑOS Y TUBOS,C,2011.36,1840.7,2
2026-05-11,2026-05-11,PED0001188,CLI_0039,CAPITAL,ASESOR_6,ENERGIA,CH430,C,716.94,793.7,4
2026-05-12,2026-05-11,PED0001189,CLI_0040,ROSARIO,ASESOR_1,CONSTRUCCION,CH316,B,1374.91,2008.4,2
2026-05-11,2026-05-11,PED0001190,CLI_0030,MENDOZA,ASESOR_5,ENERGIA,CH316,B,1608.07,2298.9,2
2026-05-11,2026-05-11,PED0001190,CLI_0030,MENDOZA,ASESOR_5,ENERGIA,CH304,B,2726.1,4320.8,6
2026-05-11,2026-05-11,PED0001190,CLI_0030,MENDOZA,ASESOR_5,ENERGIA,CH430,B,1222.0,1055.8,4
2026-05-15,2026-05-11,PED0001191,CLI_0008,CORDOBA,ASESOR_5,AGRO,BULONERIA,C,2324.43,2466.7,2
2026-05-15,2026-05-11,PED0001191,CLI_0008,CORDOBA,ASESOR_5,AGRO,CH430,C,1410.12,2070.5,5
2026-05-14,2026-05-11,PED0001192,CLI_0028,CORDOBA,ASESOR_5,AUTOPARTES,CH430,B,1587.18,1651.4,6
2026-05-11,2026-05-11,PED0001193,CLI_0031,MENDOZA,ASESOR_1,ENERGIA,PERFILES,B,2038.53,1987.9,2
2026-05-11,2026-05-11,PED0001193,CLI_0031,MENDOZA,ASESOR_1,ENERGIA,CH316,B,1418.26,1308.5,1
2026-05-13,2026-05-11,PED0001194,CLI_0034,CORDOBA,ASESOR_4,METALMECANICA,CH316,B,1149.64,1792.0,6
2026-05-12,2026-05-11,PED0001195,CLI_0034,CAPITAL,ASESOR_3,CONSTRUCCION,CH304,B,2837.78,3111.1,3
2026-05-15,2026-05-11,PED0001196,CLI_0035,ROSARIO,ASESOR_4,METALMECANICA,CAÑOS Y TUBOS,C,2819.34,2901.6,5
2026-05-11,2026-05-11,PED0001197,CLI_0033,ROSARIO,ASESOR_3,AUTOPARTES,CH304,C,1275.54,1029.1,5
2026-05-11,2026-05-11,PED0001198,CLI_0012,MENDOZA,ASESOR_4,CONSTRUCCION,CH316,C,1106.6,1143.3,3
2026-05-13,2026-05-11,PED0001199,CLI_0040,CORDOBA,ASESOR_6,ENERGIA,CH304,A,1754.91,1519.5,1
2026-05-11,2026-05-11,PED0001200,CLI_0041,CAPITAL,ASESOR_2,AUTOPARTES,CH430,C,951.95,1162.2,5
2026-05-12,2026-05-11,PED0001201,CLI_0042,CORDOBA,ASESOR_2,CONSTRUCCION,BULONERIA,B,1740.57,2237.0,6
2026-05-12,2026-05-11,PED0001201,CLI_0042,CORDOBA,ASESOR_2,CONSTRUCCION,PERFILES,B,2564.06,2858.2,3
2026-05-22,2026-05-18,PED0001202,CLI_0034,ROSARIO,ASESOR_6,METALMECANICA,BULONERIA,C,1393.98,1562.5,2
2026-05-19,2026-05-18,PED0001203,CLI_0018,CORDOBA,ASESOR_6,AGRO,CH304,B,1095.8,1643.8,2
2026-05-19,2026-05-18,PED0001203,CLI_0018,CORDOBA,ASESOR_6,AGRO,BULONERIA,B,1753.17,2032.2,2
2026-05-21,2026-05-18,PED0001204,CLI_0012,CAPITAL,ASESOR_3,AGRO,CH304,C,3760.23,5018.5,6
2026-05-20,2026-05-18,PED0001205,CLI_0012,CORDOBA,ASESOR_6,AUTOPARTES,CH316,C,999.11,838.4,3
2026-05-20,2026-05-18,PED0001206,CLI_0006,MENDOZA,ASESOR_2,METALMECANICA,CH430,B,1376.36,1880.0,6
2026-05-20,2026-05-18,PED0001207,CLI_0026,CORDOBA,ASESOR_5,AUTOPARTES,CAÑOS Y TUBOS,A,1761.45,1880.6,1
2026-05-19,2026-05-18,PED0001208,CLI_0005,ROSARIO,ASESOR_2,ENERGIA,CAÑOS Y TUBOS,C,2725.03,3556.8,6
2026-05-19,2026-05-18,PED0001208,CLI_0005,ROSARIO,ASESOR_2,ENERGIA,CH304,C,1023.77,1322.6,3
2026-05-19,2026-05-18,PED0001209,CLI_0035,CAPITAL,ASESOR_1,METALMECANICA,CH430,C,981.16,1458.2,6
2026-05-21,2026-05-18,PED0001210,CLI_0040,CORDOBA,ASESOR_5,METALMECANICA,BULONERIA,C,2131.88,2931.9,5
2026-05-21,2026-05-18,PED0001210,CLI_0040,CORDOBA,ASESOR_5,METALMECANICA,CH304,C,1258.51,2010.4,4
2026-05-21,2026-05-18,PED0001211,CLI_0007,CAPITAL,ASESOR_3,AGRO,CAÑOS Y TUBOS,A,2274.09,2926.8,2
2026-05-21,2026-05-18,PED0001211,CLI_0007,CAPITAL,ASESOR_3,AGRO,BULONERIA,A,2156.55,3165.5,2
2026-05-19,2026-05-18,PED0001212,CLI_0014,MENDOZA,ASESOR_3,AGRO,PERFILES,C,1647.54,1323.7,2
2026-05-19,2026-05-18,PED0001212,CLI_0014,MENDOZA,ASESOR_3,AGRO,CH430,C,944.35,1474.7,4
2026-05-20,2026-05-18,PED0001213,CLI_0039,ROSARIO,ASESOR_4,CONSTRUCCION,PERFILES,B,2613.15,2124.7,6
2026-05-22,2026-05-18,PED0001214,CLI_0041,CORDOBA,ASESOR_5,CONSTRUCCION,CH430,B,1532.08,2360.2,4
2026-05-22,2026-05-18,PED0001214,CLI_0041,CORDOBA,ASESOR_5,CONSTRUCCION,CH304,B,1448.71,1539.8,5
2026-05-21,2026-05-18,PED0001215,CLI_0020,ROSARIO,ASESOR_1,METALMECANICA,CH316,A,1743.09,2413.8,2
2026-05-19,2026-05-18,PED0001216,CLI_0017,CORDOBA,ASESOR_6,AGRO,CH430,B,1473.44,1519.2,5
2026-05-19,2026-05-18,PED0001216,CLI_0017,CORDOBA,ASESOR_6,AGRO,CH304,B,1540.66,2020.1,1
2026-05-20,2026-05-18,PED0001217,CLI_0007,ROSARIO,ASESOR_1,CONSTRUCCION,CH304,C,900.71,1272.5,5
2026-05-20,2026-05-18,PED0001217,CLI_0007,ROSARIO,ASESOR_1,CONSTRUCCION,CAÑOS Y TUBOS,C,2358.36,2117.0,6
2026-05-20,2026-05-18,PED0001217,CLI_0007,ROSARIO,ASESOR_1,CONSTRUCCION,CH430,C,1285.53,1836.3,3
2026-05-22,2026-05-18,PED0001218,CLI_0012,CAPITAL,ASESOR_3,AUTOPARTES,BULONERIA,B,2217.99,2062.4,3
2026-05-22,2026-05-18,PED0001218,CLI_0012,CAPITAL,ASESOR_3,AUTOPARTES,CH304,B,2569.38,3731.2,5
2026-05-22,2026-05-18,PED0001218,CLI_0012,CAPITAL,ASESOR_3,AUTOPARTES,PERFILES,B,1377.36,2194.0,6
2026-05-18,2026-05-18,PED0001219,CLI_0010,CORDOBA,ASESOR_1,AGRO,CAÑOS Y TUBOS,C,1236.47,1603.5,4
2026-05-18,2026-05-18,PED0001219,CLI_0010,CORDOBA,ASESOR_1,AGRO,CH316,C,1231.08,1721.3,1
2026-05-21,2026-05-18,PED0001220,CLI_0036,ROSARIO,ASESOR_6,METALMECANICA,CH430,C,1033.06,861.1,4
2026-05-20,2026-05-18,PED0001221,CLI_0005,ROSARIO,ASESOR_1,ENERGIA,CH304,B,1371.85,2043.5,1
2026-05-22,2026-05-18,PED0001222,CLI_0001,ROSARIO,ASESOR_1,ENERGIA,CAÑOS Y TUBOS,B,2464.3,3058.9,3
2026-05-19,2026-05-18,PED0001223,CLI_0018,CAPITAL,ASESOR_5,CONSTRUCCION,CAÑOS Y TUBOS,C,1689.43,2512.1,1
2026-05-19,2026-05-18,PED0001224,CLI_0018,CORDOBA,ASESOR_6,AUTOPARTES,CAÑOS Y TUBOS,C,1839.89,2907.2,3
2026-05-18,2026-05-18,PED0001225,CLI_0015,CAPITAL,ASESOR_4,AGRO,CH430,C,822.49,1126.3,2
2026-05-20,2026-05-18,PED0001226,CLI_0037,CAPITAL,ASESOR_3,CONSTRUCCION,CH304,A,2603.85,2525.3,1
2026-05-22,2026-05-18,PED0001227,CLI_0011,ROSARIO,ASESOR_1,AGRO,CH304,B,1336.71,1772.9,1
2026-05-22,2026-05-18,PED0001227,CLI_0011,ROSARIO,ASESOR_1,AGRO,PERFILES,B,2565.39,3596.3,1
2026-05-22,2026-05-18,PED0001227,CLI_0011,ROSARIO,ASESOR_1,AGRO,CH430,B,1101.63,1655.1,1
2026-05-22,2026-05-18,PED0001228,CLI_0004,CORDOBA,ASESOR_3,CONSTRUCCION,CAÑOS Y TUBOS,A,1143.78,1655.7,4
2026-05-19,2026-05-18,PED0001229,CLI_0042,CAPITAL,ASESOR_3,AUTOPARTES,CH316,C,2681.04,4114.1,6
2026-05-19,2026-05-18,PED0001230,CLI_0030,CAPITAL,ASESOR_6,CONSTRUCCION,BULONERIA,B,1547.34,1742.8,6
2026-05-19,2026-05-18,PED0001230,CLI_0030,CAPITAL,ASESOR_6,CONSTRUCCION,PERFILES,B,1644.68,1675.4,6
2026-05-19,2026-05-18,PED0001231,CLI_0006,ROSARIO,ASESOR_4,ENERGIA,CAÑOS Y TUBOS,B,2790.03,2885.4,2
2026-05-19,2026-05-18,PED0001231,CLI_0006,ROSARIO,ASESOR_4,ENERGIA,CH316,B,1365.54,1737.8,5
2026-05-21,2026-05-18,PED0001232,CLI_0013,CORDOBA,ASESOR_3,AUTOPARTES,PERFILES,C,2871.66,4543.7,4
2026-05-22,2026-05-18,PED0001233,CLI_0038,ROSARIO,ASESOR_6,AGRO,BULONERIA,C,1105.23,1512.9,2
2026-05-19,2026-05-18,PED0001234,CLI_0012,ROSARIO,ASESOR_6,CONSTRUCCION,CH430,C,1308.33,1797.4,6
2026-05-19,2026-05-18,PED0001234,CLI_0012,ROSARIO,ASESOR_6,CONSTRUCCION,CH304,C,840.89,744.7,2
2026-05-19,2026-05-18,PED0001234,CLI_0012,ROSARIO,ASESOR_6,CONSTRUCCION,PERFILES,C,2085.32,1913.5,6
2026-05-22,2026-05-18,PED0001235,CLI_0015,CAPITAL,ASESOR_3,AGRO,CAÑOS Y TUBOS,C,2221.01,2036.1,4
2026-05-22,2026-05-18,PED0001235,CLI_0015,CAPITAL,ASESOR_3,AGRO,CH316,C,2948.41,4410.7,6
2026-05-18,2026-05-18,PED0001236,CLI_0035,ROSARIO,ASESOR_4,METALMECANICA,CAÑOS Y TUBOS,C,2356.3,2000.8,1
2026-05-20,2026-05-18,PED0001237,CLI_0031,MENDOZA,ASESOR_5,AGRO,CH430,B,1028.04,1454.9,4
2026-05-21,2026-05-18,PED0001238,CLI_0006,CAPITAL,ASESOR_5,METALMECANICA,CH430,B,1052.76,1653.7,3
2026-05-18,2026-05-18,PED0001239,CLI_0013,ROSARIO,ASESOR_4,AUTOPARTES,BULONERIA,B,1191.06,1892.8,5
2026-05-18,2026-05-18,PED0001239,CLI_0013,ROSARIO,ASESOR_4,AUTOPARTES,CAÑOS Y TUBOS,B,2411.64,3731.2,1
2026-05-20,2026-05-18,PED0001240,CLI_0012,CORDOBA,ASESOR_6,AGRO,PERFILES,B,2185.43,2739.9,1
2026-05-20,2026-05-18,PED0001240,CLI_0012,CORDOBA,ASESOR_6,AGRO,CH430,B,1132.67,1162.4,2
2026-05-20,2026-05-18,PED0001240,CLI_0012,CORDOBA,ASESOR_6,AGRO,CAÑOS Y TUBOS,B,1674.11,2234.5,5
2026-05-19,2026-05-18,PED0001241,CLI_0029,ROSARIO,ASESOR_6,METALMECANICA,CH430,C,1257.31,1007.3,2
2026-05-19,2026-05-18,PED0001241,CLI_0029,ROSARIO,ASESOR_6,METALMECANICA,PERFILES,C,1807.18,2504.9,6
2026-05-19,2026-05-18,PED0001241,CLI_0029,ROSARIO,ASESOR_6,METALMECANICA,CAÑOS Y TUBOS,C,2716.99,2719.5,3
2026-05-18,2026-05-18,PED0001242,CLI_0034,ROSARIO,ASESOR_6,METALMECANICA,PERFILES,C,1816.7,1809.3,1
2026-05-20,2026-05-18,PED0001243,CLI_0045,CORDOBA,ASESOR_3,METALMECANICA,CAÑOS Y TUBOS,C,1822.24,1481.7,1
2026-05-19,2026-05-18,PED0001244,CLI_0009,CAPITAL,ASESOR_5,AUTOPARTES,PERFILES,B,2029.21,1741.2,6
2026-05-19,2026-05-18,PED0001245,CLI_0032,MENDOZA,ASESOR_6,AUTOPARTES,CH304,B,2432.69,3733.1,4
2026-05-18,2026-05-18,PED0001246,CLI_0034,CAPITAL,ASESOR_3,ENERGIA,CH316,C,3359.83,2939.2,3
2026-05-19,2026-05-18,PED0001247,CLI_0037,ROSARIO,ASESOR_1,METALMECANICA,BULONERIA,C,1533.38,1827.2,2
2026-05-19,2026-05-18,PED0001247,CLI_0037,ROSARIO,ASESOR_1,METALMECANICA,CH304,C,1275.27,1925.6,1
2026-05-18,2026-05-18,PED0001248,CLI_0011,CAPITAL,ASESOR_5,ENERGIA,CH430,B,1095.59,1536.7,5
2026-05-20,2026-05-18,PED0001249,CLI_0006,ROSARIO,ASESOR_1,CONSTRUCCION,CH316,C,1243.44,1039.7,2
2026-05-18,2026-05-18,PED0001250,CLI_0039,ROSARIO,ASESOR_2,AUTOPARTES,CH316,A,1171.95,1048.1,6
2026-05-18,2026-05-18,PED0001250,CLI_0039,ROSARIO,ASESOR_2,AUTOPARTES,PERFILES,A,1825.16,2375.8,3
2026-05-21,2026-05-18,PED0001251,CLI_0012,MENDOZA,ASESOR_2,CONSTRUCCION,CH316,C,1353.41,1659.9,6
2026-05-18,2026-05-18,PED0001252,CLI_0013,MENDOZA,ASESOR_1,CONSTRUCCION,CH304,C,2679.45,3643.4,2
2026-05-22,2026-05-18,PED0001253,CLI_0009,CORDOBA,ASESOR_6,ENERGIA,PERFILES,C,2382.51,3806.7,5
2026-05-22,2026-05-18,PED0001253,CLI_0009,CORDOBA,ASESOR_6,ENERGIA,CH430,C,1405.42,1366.7,4
2026-05-22,2026-05-18,PED0001253,CLI_0009,CORDOBA,ASESOR_6,ENERGIA,CAÑOS Y TUBOS,C,1427.3,1839.4,4
2026-05-19,2026-05-18,PED0001254,CLI_0004,CORDOBA,ASESOR_3,AGRO,CAÑOS Y TUBOS,C,1685.1,1974.8,1
2026-05-22,2026-05-18,PED0001255,CLI_0037,CAPITAL,ASESOR_6,AUTOPARTES,CH304,C,2931.9,3869.3,6
2026-05-22,2026-05-18,PED0001255,CLI_0037,CAPITAL,ASESOR_6,AUTOPARTES,PERFILES,C,1819.18,1652.1,5
2026-05-22,2026-05-18,PED0001255,CLI_0037,CAPITAL,ASESOR_6,AUTOPARTES,CAÑOS Y TUBOS,C,1582.36,2374.6,2
2026-05-18,2026-05-18,PED0001256,CLI_0009,ROSARIO,ASESOR_1,ENERGIA,PERFILES,C,1696.0,2069.2,1
2026-05-18,2026-05-18,PED0001257,CLI_0013,CORDOBA,ASESOR_3,AGRO,CH316,B,887.9,1271.5,6
2026-05-21,2026-05-18,PED0001258,CLI_0035,CAPITAL,ASESOR_5,AUTOPARTES,PERFILES,C,1819.28,1923.8,2
2026-05-21,2026-05-18,PED0001258,CLI_0035,CAPITAL,ASESOR_5,AUTOPARTES,CH304,C,3375.62,5381.4,3
2026-05-18,2026-05-18,PED0001259,CLI_0013,CAPITAL,ASESOR_1,CONSTRUCCION,CH316,C,3591.78,5195.1,5
2026-05-21,2026-05-18,PED0001260,CLI_0010,CAPITAL,ASESOR_1,AUTOPARTES,PERFILES,B,1266.04,1651.8,5
2026-05-21,2026-05-18,PED0001260,CLI_0010,CAPITAL,ASESOR_1,AUTOPARTES,CH430,B,686.63,631.6,3
2026-05-20,2026-05-18,PED0001261,CLI_0039,CORDOBA,ASESOR_4,CONSTRUCCION,CH430,C,1031.07,1495.3,5
2026-05-20,2026-05-18,PED0001261,CLI_0039,CORDOBA,ASESOR_4,CONSTRUCCION,CH316,C,1174.05,1446.4,3
2026-05-22,2026-05-18,PED0001262,CLI_0042,MENDOZA,ASESOR_5,CONSTRUCCION,CH304,A,2603.03,2166.5,4
2026-05-22,2026-05-18,PED0001262,CLI_0042,MENDOZA,ASESOR_5,CONSTRUCCION,CH430,A,1205.96,1007.4,1
2026-05-20,2026-05-18,PED0001263,CLI_0015,CAPITAL,ASESOR_6,AGRO,CH304,C,3441.48,3510.5,2
2026-05-20,2026-05-18,PED0001263,CLI_0015,CAPITAL,ASESOR_6,AGRO,CH430,C,857.33,1072.0,2
2026-05-20,2026-05-18,PED0001264,CLI_0035,MENDOZA,ASESOR_2,AGRO,CH430,B,1423.13,2032.4,4
2026-05-20,2026-05-18,PED0001264,CLI_0035,MENDOZA,ASESOR_2,AGRO,BULONERIA,B,2420.23,3006.0,1
2026-05-22,2026-05-18,PED0001265,CLI_0006,MENDOZA,ASESOR_1,METALMECANICA,PERFILES,B,1988.13,1617.5,5
2026-05-22,2026-05-18,PED0001265,CLI_0006,MENDOZA,ASESOR_1,METALMECANICA,CAÑOS Y TUBOS,B,1687.31,2636.4,5
2026-05-22,2026-05-18,PED0001265,CLI_0006,MENDOZA,ASESOR_1,METALMECANICA,CH430,B,1032.76,879.5,3
2026-05-18,2026-05-18,PED0001266,CLI_0011,CAPITAL,ASESOR_1,METALMECANICA,PERFILES,B,1728.1,1740.1,6
2026-05-18,2026-05-18,PED0001266,CLI_0011,CAPITAL,ASESOR_1,METALMECANICA,CH304,B,2595.85,4046.3,4
2026-05-18,2026-05-18,PED0001266,CLI_0011,CAPITAL,ASESOR_1,METALMECANICA,CH430,B,1071.2,1070.4,2
2026-05-21,2026-05-18,PED0001267,CLI_0030,MENDOZA,ASESOR_6,AUTOPARTES,CH316,B,1568.91,1432.7,4
2026-05-21,2026-05-18,PED0001268,CLI_0032,CORDOBA,ASESOR_6,AUTOPARTES,CH304,B,1225.13,1391.6,6
2026-05-20,2026-05-18,PED0001269,CLI_0001,ROSARIO,ASESOR_3,ENERGIA,CH430,B,1443.05,2103.4,3
2026-05-20,2026-05-18,PED0001269,CLI_0001,ROSARIO,ASESOR_3,ENERGIA,CH304,B,1358.45,1773.2,2
2026-05-20,2026-05-18,PED0001269,CLI_0001,ROSARIO,ASESOR_3,ENERGIA,CAÑOS Y TUBOS,B,2225.61,3116.4,3
2026-05-20,2026-05-18,PED0001270,CLI_0032,CAPITAL,ASESOR_2,METALMECANICA,CH316,C,2853.99,4473.3,6
2026-05-21,2026-05-18,PED0001271,CLI_0032,CAPITAL,ASESOR_6,CONSTRUCCION,CH430,B,934.07,1356.1,5
2026-05-21,2026-05-18,PED0001271,CLI_0032,CAPITAL,ASESOR_6,CONSTRUCCION,PERFILES,B,1964.43,1606.9,2
2026-05-22,2026-05-18,PED0001272,CLI_0042,CAPITAL,ASESOR_3,AUTOPARTES,CH430,C,824.2,1300.6,4
2026-05-20,2026-05-18,PED0001273,CLI_0006,CAPITAL,ASESOR_6,AGRO,CH316,A,2718.92,3839.2,3
2026-05-21,2026-05-18,PED0001274,CLI_0037,ROSARIO,ASESOR_5,AGRO,CH316,C,1140.07,1560.8,4
2026-05-21,2026-05-18,PED0001274,CLI_0037,ROSARIO,ASESOR_5,AGRO,CH304,C,1125.56,1549.9,1
2026-05-19,2026-05-18,PED0001275,CLI_0010,CAPITAL,ASESOR_5,AUTOPARTES,CH316,B,3030.85,3207.9,2
2026-05-22,2026-05-18,PED0001276,CLI_0014,CAPITAL,ASESOR_4,CONSTRUCCION,CAÑOS Y TUBOS,C,2346.92,2056.5,5
2026-05-22,2026-05-18,PED0001276,CLI_0014,CAPITAL,ASESOR_4,CONSTRUCCION,CH430,C,1061.27,1510.3,6
2026-05-18,2026-05-18,PED0001277,CLI_0009,CAPITAL,ASESOR_1,AUTOPARTES,CH430,B,725.41,654.6,5
2026-05-18,2026-05-18,PED0001277,CLI_0009,CAPITAL,ASESOR_1,AUTOPARTES,CAÑOS Y TUBOS,B,1906.49,1545.2,6
2026-05-20,2026-05-18,PED0001278,CLI_0023,MENDOZA,ASESOR_3,METALMECANICA,PERFILES,C,2139.29,3265.3,1
2026-05-20,2026-05-18,PED0001278,CLI_0023,MENDOZA,ASESOR_3,METALMECANICA,CH304,C,3299.46,4434.8,4
2026-05-18,2026-05-18,PED0001279,CLI_0032,CORDOBA,ASESOR_5,AGRO,CH304,A,1622.89,2428.9,6
2026-05-21,2026-05-18,PED0001280,CLI_0020,CORDOBA,ASESOR_1,ENERGIA,CH430,B,1520.91,1930.4,4
2026-05-19,2026-05-18,PED0001281,CLI_0035,ROSARIO,ASESOR_2,AUTOPARTES,CAÑOS Y TUBOS,C,2130.02,2279.5,1
2026-05-19,2026-05-18,PED0001282,CLI_0017,CAPITAL,ASESOR_3,CONSTRUCCION,CAÑOS Y TUBOS,C,2299.11,1918.1,3
2026-05-21,2026-05-18,PED0001283,CLI_0015,CAPITAL,ASESOR_3,AUTOPARTES,BULONERIA,B,1376.26,1864.8,1
2026-05-18,2026-05-18,PED0001284,CLI_0009,ROSARIO,ASESOR_4,CONSTRUCCION,CH316,C,1334.57,1492.4,5
2026-05-18,2026-05-18,PED0001285,CLI_0031,CAPITAL,ASESOR_1,METALMECANICA,BULONERIA,A,1524.44,2381.5,2
2026-05-22,2026-05-18,PED0001286,CLI_0038,CORDOBA,ASESOR_3,AGRO,CAÑOS Y TUBOS,A,1192.91,1552.1,4
2026-05-22,2026-05-18,PED0001286,CLI_0038,CORDOBA,ASESOR_3,AGRO,PERFILES,A,2766.43,3455.5,2
2026-05-18,2026-05-18,PED0001287,CLI_0003,ROSARIO,ASESOR_5,AGRO,PERFILES,B,1611.81,1970.0,4
2026-05-22,2026-05-18,PED0001288,CLI_0011,ROSARIO,ASESOR_3,AGRO,CH304,B,950.99,1251.6,5
2026-05-18,2026-05-18,PED0001289,CLI_0020,CAPITAL,ASESOR_1,CONSTRUCCION,CH304,C,2891.11,3618.4,6
2026-05-18,2026-05-18,PED0001289,CLI_0020,CAPITAL,ASESOR_1,CONSTRUCCION,PERFILES,C,1272.21,1312.3,5
2026-05-21,2026-05-18,PED0001290,CLI_0031,ROSARIO,ASESOR_1,METALMECANICA,BULONERIA,C,1342.23,1745.9,5
2026-05-21,2026-05-18,PED0001290,CLI_0031,ROSARIO,ASESOR_1,METALMECANICA,PERFILES,C,2219.88,2443.4,6
2026-05-18,2026-05-18,PED0001291,CLI_0008,CORDOBA,ASESOR_5,ENERGIA,CH430,C,1352.57,1771.1,5
2026-05-18,2026-05-18,PED0001291,CLI_0008,CORDOBA,ASESOR_5,ENERGIA,CH316,C,946.65,1007.5,1
2026-05-18,2026-05-18,PED0001291,CLI_0008,CORDOBA,ASESOR_5,ENERGIA,BULONERIA,C,1956.8,2774.4,3
2026-05-20,2026-05-18,PED0001292,CLI_0035,ROSARIO,ASESOR_2,AUTOPARTES,CAÑOS Y TUBOS,A,2476.7,3884.7,1
2026-05-20,2026-05-18,PED0001292,CLI_0035,ROSARIO,ASESOR_2,AUTOPARTES,BULONERIA,A,1205.74,1639.5,5
2026-05-21,2026-05-18,PED0001293,CLI_0023,MENDOZA,ASESOR_2,METALMECANICA,CH304,C,3115.25,3263.5,6
2026-05-21,2026-05-18,PED0001293,CLI_0023,MENDOZA,ASESOR_2,METALMECANICA,CAÑOS Y TUBOS,C,1279.67,1644.9,3
2026-05-21,2026-05-18,PED0001293,CLI_0023,MENDOZA,ASESOR_2,METALMECANICA,CH316,C,1566.85,2008.6,3
2026-05-18,2026-05-18,PED0001294,CLI_0035,ROSARIO,ASESOR_5,AUTOPARTES,CH430,C,1457.53,2285.4,6
2026-05-18,2026-05-18,PED0001294,CLI_0035,ROSARIO,ASESOR_5,AUTOPARTES,CH304,C,898.69,821.4,6
2026-05-21,2026-05-18,PED0001295,CLI_0019,MENDOZA,ASESOR_3,CONSTRUCCION,CH430,B,1334.23,1530.8,3
2026-05-21,2026-05-18,PED0001295,CLI_0019,MENDOZA,ASESOR_3,CONSTRUCCION,PERFILES,B,1385.55,1718.8,5
2026-05-18,2026-05-18,PED0001296,CLI_0019,MENDOZA,ASESOR_3,METALMECANICA,CAÑOS Y TUBOS,C,1608.37,2169.0,2
2026-05-18,2026-05-18,PED0001296,CLI_0019,MENDOZA,ASESOR_3,METALMECANICA,CH304,C,3139.09,4538.5,3
2026-05-21,2026-05-18,PED0001297,CLI_0008,CORDOBA,ASESOR_1,AGRO,CH316,C,1130.44,1603.5,5
2026-05-21,2026-05-18,PED0001298,CLI_0033,CORDOBA,ASESOR_6,CONSTRUCCION,CH304,C,1523.9,1845.6,5
2026-05-21,2026-05-18,PED0001298,CLI_0033,CORDOBA,ASESOR_6,CONSTRUCCION,BULONERIA,C,2061.78,3109.5,1
2026-05-18,2026-05-18,PED0001299,CLI_0004,CAPITAL,ASESOR_1,METALMECANICA,PERFILES,B,1889.05,2755.5,1
2026-05-18,2026-05-18,PED0001299,CLI_0004,CAPITAL,ASESOR_1,METALMECANICA,CH430,B,696.56,594.2,5
2026-05-20,2026-05-18,PED0001300,CLI_0007,CAPITAL,ASESOR_5,AGRO,CAÑOS Y TUBOS,A,2141.78,3191.9,5
2026-05-18,2026-05-18,PED0001301,CLI_0031,ROSARIO,ASESOR_5,METALMECANICA,CH316,C,1269.18,1924.8,4
2026-05-18,2026-05-18,PED0001301,CLI_0031,ROSARIO,ASESOR_5,METALMECANICA,CH430,C,1181.16,1210.9,2
2026-05-21,2026-05-18,PED0001302,CLI_0033,CAPITAL,ASESOR_6,METALMECANICA,PERFILES,C,1499.62,1866.1,1
2026-05-21,2026-05-18,PED0001302,CLI_0033,CAPITAL,ASESOR_6,METALMECANICA,CH316,C,3573.17,4265.2,6
2026-05-20,2026-05-18,PED0001303,CLI_0011,MENDOZA,ASESOR_4,CONSTRUCCION,PERFILES,C,1890.84,1910.2,2
2026-05-20,2026-05-18,PED0001304,CLI_0038,ROSARIO,ASESOR_2,METALMECANICA,CH316,B,1220.78,1871.0,4
2026-05-18,2026-05-18,PED0001305,CLI_0038,CAPITAL,ASESOR_4,ENERGIA,CH316,C,3465.25,2990.1,2
2026-05-19,2026-05-18,PED0001306,CLI_0034,CAPITAL,ASESOR_4,CONSTRUCCION,BULONERIA,B,1452.8,1738.4,5
2026-05-19,2026-05-18,PED0001306,CLI_0034,CAPITAL,ASESOR_4,CONSTRUCCION,CH430,B,1114.39,1226.7,2
2026-05-20,2026-05-18,PED0001307,CLI_0014,ROSARIO,ASESOR_4,CONSTRUCCION,PERFILES,C,1659.18,2603.2,5
2026-05-22,2026-05-18,PED0001308,CLI_0016,CORDOBA,ASESOR_1,AUTOPARTES,CH304,C,1357.61,1395.4,1
2026-05-21,2026-05-18,PED0001309,CLI_0028,ROSARIO,ASESOR_4,AUTOPARTES,CH304,C,1348.58,2055.3,6
2026-05-18,2026-05-18,PED0001310,CLI_0010,MENDOZA,ASESOR_6,ENERGIA,CH316,A,1544.4,2320.5,5
2026-05-19,2026-05-18,PED0001311,CLI_0017,ROSARIO,ASESOR_1,AUTOPARTES,CH430,B,1388.91,1874.2,4
2026-05-19,2026-05-18,PED0001311,CLI_0017,ROSARIO,ASESOR_1,AUTOPARTES,CAÑOS Y TUBOS,B,2080.64,2373.6,2
2026-05-21,2026-05-18,PED0001312,CLI_0026,ROSARIO,ASESOR_1,ENERGIA,CH316,A,1485.93,1723.3,6
2026-05-21,2026-05-18,PED0001313,CLI_0013,CAPITAL,ASESOR_4,ENERGIA,CH304,B,3061.45,2598.8,4
2026-05-21,2026-05-18,PED0001313,CLI_0013,CAPITAL,ASESOR_4,ENERGIA,CAÑOS Y TUBOS,B,1635.26,1838.1,2
2026-05-18,2026-05-18,PED0001314,CLI_0030,CAPITAL,ASESOR_3,CONSTRUCCION,CH316,B,2742.74,2960.6,6
2026-05-18,2026-05-18,PED0001314,CLI_0030,CAPITAL,ASESOR_3,CONSTRUCCION,BULONERIA,B,1476.7,2353.5,6
2026-05-18,2026-05-18,PED0001315,CLI_0018,CORDOBA,ASESOR_1,AGRO,CAÑOS Y TUBOS,B,1223.73,1050.3,6
2026-05-18,2026-05-18,PED0001315,CLI_0018,CORDOBA,ASESOR_1,AGRO,PERFILES,B,3263.25,3065.4,5
2026-05-22,2026-05-18,PED0001316,CLI_0007,ROSARIO,ASESOR_3,ENERGIA,PERFILES,B,1858.42,2413.6,5
2026-05-22,2026-05-18,PED0001316,CLI_0007,ROSARIO,ASESOR_3,ENERGIA,BULONERIA,B,1130.52,1398.9,1
2026-05-22,2026-05-18,PED0001316,CLI_0007,ROSARIO,ASESOR_3,ENERGIA,CH430,B,1491.48,1344.6,1
2026-05-22,2026-05-18,PED0001317,CLI_0004,CORDOBA,ASESOR_1,ENERGIA,BULONERIA,C,2288.11,3096.1,5
2026-05-22,2026-05-18,PED0001318,CLI_0033,CORDOBA,ASESOR_6,AUTOPARTES,BULONERIA,B,1707.74,1481.0,3
2026-05-21,2026-05-18,PED0001319,CLI_0027,MENDOZA,ASESOR_6,ENERGIA,CH316,B,1252.87,1547.5,4
2026-05-18,2026-05-18,PED0001320,CLI_0031,MENDOZA,ASESOR_4,AUTOPARTES,CAÑOS Y TUBOS,B,1688.52,2652.4,1
2026-05-18,2026-05-18,PED0001320,CLI_0031,MENDOZA,ASESOR_4,AUTOPARTES,CH430,B,1360.5,1810.8,4
2026-05-18,2026-05-18,PED0001320,CLI_0031,MENDOZA,ASESOR_4,AUTOPARTES,BULONERIA,B,2165.46,2654.3,4
2026-05-21,2026-05-18,PED0001321,CLI_0009,ROSARIO,ASESOR_5,ENERGIA,CH316,C,1305.02,1646.2,4
2026-05-21,2026-05-18,PED0001321,CLI_0009,ROSARIO,ASESOR_5,ENERGIA,BULONERIA,C,1576.33,1309.2,6
2026-05-19,2026-05-18,PED0001322,CLI_0040,CORDOBA,ASESOR_6,ENERGIA,BULONERIA,A,1929.45,1589.7,3
2026-05-22,2026-05-18,PED0001323,CLI_0034,MENDOZA,ASESOR_4,ENERGIA,BULONERIA,B,1763.75,1805.5,5
2026-05-20,2026-05-18,PED0001324,CLI_0040,ROSARIO,ASESOR_6,AGRO,PERFILES,C,2027.59,2584.9,2
2026-05-19,2026-05-18,PED0001325,CLI_0003,ROSARIO,ASESOR_3,ENERGIA,BULONERIA,B,1483.14,2123.3,2
2026-05-19,2026-05-18,PED0001325,CLI_0003,ROSARIO,ASESOR_3,ENERGIA,PERFILES,B,2534.3,2421.9,5
2026-05-20,2026-05-18,PED0001326,CLI_0025,CAPITAL,ASESOR_3,METALMECANICA,CH430,A,1000.09,1545.9,2
2026-05-21,2026-05-18,PED0001327,CLI_0014,CORDOBA,ASESOR_4,AUTOPARTES,CH316,C,1099.1,1566.6,3
2026-05-21,2026-05-18,PED0001327,CLI_0014,CORDOBA,ASESOR_4,AUTOPARTES,BULONERIA,C,1747.22,2600.5,5
2026-05-21,2026-05-18,PED0001327,CLI_0014,CORDOBA,ASESOR_4,AUTOPARTES,CH430,C,1044.84,1429.9,3
2026-05-22,2026-05-18,PED0001328,CLI_0035,CORDOBA,ASESOR_1,METALMECANICA,PERFILES,B,2616.88,3114.7,6
2026-05-22,2026-05-18,PED0001329,CLI_0028,CORDOBA,ASESOR_3,AUTOPARTES,BULONERIA,A,2610.51,3809.9,1
2026-05-19,2026-05-18,PED0001330,CLI_0007,CAPITAL,ASESOR_4,ENERGIA,BULONERIA,B,1631.92,1613.7,1
2026-05-20,2026-05-18,PED0001331,CLI_0010,CAPITAL,ASESOR_3,AUTOPARTES,CH304,B,2826.92,3002.8,1
2026-05-21,2026-05-18,PED0001332,CLI_0014,ROSARIO,ASESOR_6,AUTOPARTES,PERFILES,B,1710.79,2461.9,4
2026-05-19,2026-05-18,PED0001333,CLI_0035,CORDOBA,ASESOR_1,CONSTRUCCION,BULONERIA,C,1944.88,2753.6,1
2026-05-19,2026-05-18,PED0001333,CLI_0035,CORDOBA,ASESOR_1,CONSTRUCCION,CH304,C,1079.24,1168.9,4
2026-05-22,2026-05-18,PED0001334,CLI_0021,MENDOZA,ASESOR_5,ENERGIA,PERFILES,C,1356.54,1880.2,2
2026-05-22,2026-05-18,PED0001335,CLI_0033,MENDOZA,ASESOR_1,AGRO,CH430,B,1166.04,1763.2,3
2026-05-21,2026-05-18,PED0001336,CLI_0018,MENDOZA,ASESOR_4,CONSTRUCCION,CAÑOS Y TUBOS,C,1438.2,1494.2,2
2026-05-21,2026-05-18,PED0001336,CLI_0018,MENDOZA,ASESOR_4,CONSTRUCCION,PERFILES,C,1424.43,1944.2,5
2026-05-22,2026-05-18,PED0001337,CLI_0016,CORDOBA,ASESOR_6,AGRO,CH430,B,1493.94,1574.4,6
2026-05-18,2026-05-18,PED0001338,CLI_0039,CORDOBA,ASESOR_2,ENERGIA,CAÑOS Y TUBOS,A,1131.08,1748.7,1
2026-05-18,2026-05-18,PED0001338,CLI_0039,CORDOBA,ASESOR_2,ENERGIA,CH430,A,1549.81,1293.0,3
2026-05-18,2026-05-18,PED0001339,CLI_0015,CORDOBA,ASESOR_6,AUTOPARTES,CH316,C,1282.53,1097.1,1
2026-05-18,2026-05-18,PED0001339,CLI_0015,CORDOBA,ASESOR_6,AUTOPARTES,CH304,C,1282.26,1518.7,5
2026-05-18,2026-05-18,PED0001339,CLI_0015,CORDOBA,ASESOR_6,AUTOPARTES,CH430,C,1108.51,1448.2,5
2026-05-22,2026-05-18,PED0001340,CLI_0042,ROSARIO,ASESOR_6,CONSTRUCCION,CAÑOS Y TUBOS,B,2262.99,2932.8,6
2026-05-21,2026-05-18,PED0001341,CLI_0019,MENDOZA,ASESOR_2,METALMECANICA,BULONERIA,C,2484.52,3417.4,3
2026-05-19,2026-05-18,PED0001342,CLI_0046,MENDOZA,ASESOR_2,CONSTRUCCION,CH430,A,1241.83,1793.6,2
2026-05-19,2026-05-18,PED0001342,CLI_0046,MENDOZA,ASESOR_2,CONSTRUCCION,CH316,A,1593.86,2305.0,1
2026-05-19,2026-05-18,PED0001342,CLI_0046,MENDOZA,ASESOR_2,CONSTRUCCION,CH304,A,3098.31,2950.6,1
2026-05-20,2026-05-18,PED0001343,CLI_0021,ROSARIO,ASESOR_2,ENERGIA,CH304,A,1243.37,1875.5,5
2026-05-20,2026-05-18,PED0001343,CLI_0021,ROSARIO,ASESOR_2,ENERGIA,CAÑOS Y TUBOS,A,2093.7,2114.5,2
2026-05-22,2026-05-18,PED0001344,CLI_0000,ROSARIO,ASESOR_6,ENERGIA,CAÑOS Y TUBOS,B,2284.83,3118.6,6
2026-05-21,2026-05-18,PED0001345,CLI_0021,MENDOZA,ASESOR_2,AUTOPARTES,BULONERIA,C,2684.76,3355.0,3
2026-05-20,2026-05-18,PED0001346,CLI_0036,MENDOZA,ASESOR_2,METALMECANICA,CH304,A,2785.14,3956.0,6
2026-05-21,2026-05-18,PED0001347,CLI_0028,MENDOZA,ASESOR_4,ENERGIA,CH316,B,1601.6,2511.8,6
2026-05-19,2026-05-18,PED0001348,CLI_0020,MENDOZA,ASESOR_2,CONSTRUCCION,BULONERIA,B,2418.82,3726.5,6
2026-05-22,2026-05-18,PED0001349,CLI_0018,ROSARIO,ASESOR_1,AGRO,PERFILES,A,2550.65,3989.9,6
2026-05-22,2026-05-18,PED0001349,CLI_0018,ROSARIO,ASESOR_1,AGRO,CH316,A,1381.73,1466.8,5
2026-05-22,2026-05-18,PED0001349,CLI_0018,ROSARIO,ASESOR_1,AGRO,CAÑOS Y TUBOS,A,1890.44,1970.9,5
2026-05-19,2026-05-18,PED0001350,CLI_0016,ROSARIO,ASESOR_2,AUTOPARTES,PERFILES,B,1949.44,3025.1,3
2026-05-19,2026-05-18,PED0001350,CLI_0016,ROSARIO,ASESOR_2,AUTOPARTES,CH316,B,1375.12,1638.2,6
2026-05-20,2026-05-18,PED0001351,CLI_0006,MENDOZA,ASESOR_6,METALMECANICA,CH304,B,2868.4,2893.7,3
2026-05-22,2026-05-18,PED0001352,CLI_0045,MENDOZA,ASESOR_5,CONSTRUCCION,PERFILES,A,1306.59,1642.2,4
2026-05-22,2026-05-18,PED0001352,CLI_0045,MENDOZA,ASESOR_5,CONSTRUCCION,CAÑOS Y TUBOS,A,1162.5,981.6,2
2026-05-21,2026-05-18,PED0001353,CLI_0019,MENDOZA,ASESOR_5,METALMECANICA,CH430,C,1274.78,1589.2,5
2026-05-21,2026-05-18,PED0001353,CLI_0019,MENDOZA,ASESOR_5,METALMECANICA,CH316,C,1258.47,1157.0,6
2026-05-22,2026-05-18,PED0001354,CLI_0001,CAPITAL,ASESOR_2,AGRO,CH304,B,3688.27,3733.4,5
2026-05-22,2026-05-18,PED0001355,CLI_0008,MENDOZA,ASESOR_5,METALMECANICA,BULONERIA,B,1856.84,2584.7,6
2026-05-22,2026-05-18,PED0001356,CLI_0020,CORDOBA,ASESOR_6,ENERGIA,CH304,B,1615.98,2485.4,1
2026-05-21,2026-05-18,PED0001357,CLI_0039,ROSARIO,ASESOR_1,AGRO,PERFILES,C,1950.01,2277.9,3
2026-05-21,2026-05-18,PED0001357,CLI_0039,ROSARIO,ASESOR_1,AGRO,BULONERIA,C,1475.84,1373.1,2
2026-05-22,2026-05-18,PED0001358,CLI_0036,CAPITAL,ASESOR_1,AUTOPARTES,BULONERIA,C,1417.3,1359.3,3
2026-05-22,2026-05-18,PED0001358,CLI_0036,CAPITAL,ASESOR_1,AUTOPARTES,CH304,C,3332.94,4625.9,2
2026-05-21,2026-05-18,PED0001359,CLI_0040,CAPITAL,ASESOR_5,AUTOPARTES,BULONERIA,C,1863.2,1629.1,1
2026-05-18,2026-05-18,PED0001360,CLI_0008,ROSARIO,ASESOR_4,CONSTRUCCION,CH304,C,1314.72,2023.6,4
2026-05-18,2026-05-18,PED0001361,CLI_0035,MENDOZA,ASESOR_4,AUTOPARTES,CAÑOS Y TUBOS,A,1188.14,1818.6,1
2026-05-22,2026-05-18,PED0001362,CLI_0033,CAPITAL,ASESOR_5,CONSTRUCCION,CH316,B,3858.94,5392.6,2
2026-05-22,2026-05-18,PED0001362,CLI_0033,CAPITAL,ASESOR_5,CONSTRUCCION,BULONERIA,B,1367.95,1720.2,4
2026-05-21,2026-05-18,PED0001363,CLI_0031,MENDOZA,ASESOR_3,AUTOPARTES,BULONERIA,B,2471.3,2181.9,3
2026-05-21,2026-05-18,PED0001363,CLI_0031,MENDOZA,ASESOR_3,AUTOPARTES,CH430,B,1027.47,896.0,1
2026-05-18,2026-05-18,PED0001364,CLI_0013,MENDOZA,ASESOR_6,ENERGIA,CH430,A,1011.53,1041.2,2
2026-05-18,2026-05-18,PED0001364,CLI_0013,MENDOZA,ASESOR_6,ENERGIA,CH316,A,1095.36,1597.7,2
2026-05-18,2026-05-18,PED0001365,CLI_0038,CORDOBA,ASESOR_3,METALMECANICA,CH316,C,1135.09,1024.5,6
2026-05-18,2026-05-18,PED0001365,CLI_0038,CORDOBA,ASESOR_3,METALMECANICA,PERFILES,C,2994.97,4369.1,1
2026-05-21,2026-05-18,PED0001366,CLI_0014,ROSARIO,ASESOR_4,CONSTRUCCION,PERFILES,A,2021.37,2850.3,2
2026-05-21,2026-05-18,PED0001366,CLI_0014,ROSARIO,ASESOR_4,CONSTRUCCION,CH430,A,1040.9,855.2,1
2026-05-21,2026-05-18,PED0001366,CLI_0014,ROSARIO,ASESOR_4,CONSTRUCCION,BULONERIA,A,1509.28,2147.4,1
2026-05-22,2026-05-18,PED0001367,CLI_0043,ROSARIO,ASESOR_4,CONSTRUCCION,CH316,B,1475.25,1508.2,2
2026-05-21,2026-05-18,PED0001368,CLI_0028,CAPITAL,ASESOR_4,CONSTRUCCION,CH316,B,3754.78,4599.0,1
2026-05-18,2026-05-18,PED0001369,CLI_0006,CORDOBA,ASESOR_3,AGRO,BULONERIA,C,2580.62,2131.3,1
2026-05-21,2026-05-18,PED0001370,CLI_0013,CAPITAL,ASESOR_1,ENERGIA,BULONERIA,B,1663.02,2518.5,3
2026-05-21,2026-05-18,PED0001370,CLI_0013,CAPITAL,ASESOR_1,ENERGIA,CAÑOS Y TUBOS,B,1999.78,2193.2,5
2026-05-19,2026-05-18,PED0001371,CLI_0013,CORDOBA,ASESOR_3,AGRO,CH304,B,1150.71,1666.3,4
2026-05-18,2026-05-18,PED0001372,CLI_0038,MENDOZA,ASESOR_1,CONSTRUCCION,PERFILES,A,1337.93,1098.9,6
2026-05-18,2026-05-18,PED0001372,CLI_0038,MENDOZA,ASESOR_1,CONSTRUCCION,CH304,A,3175.15,3947.0,1
2026-05-21,2026-05-18,PED0001373,CLI_0015,MENDOZA,ASESOR_4,AGRO,PERFILES,C,1341.31,1087.1,1
2026-05-18,2026-05-18,PED0001374,CLI_0003,CORDOBA,ASESOR_4,CONSTRUCCION,BULONERIA,A,1727.83,2085.0,4
2026-05-18,2026-05-18,PED0001374,CLI_0003,CORDOBA,ASESOR_4,CONSTRUCCION,CH304,A,1372.93,1369.1,4
2026-05-18,2026-05-18,PED0001374,CLI_0003,CORDOBA,ASESOR_4,CONSTRUCCION,CAÑOS Y TUBOS,A,1640.66,1748.5,1
2026-05-20,2026-05-18,PED0001375,CLI_0008,CORDOBA,ASESOR_3,ENERGIA,CAÑOS Y TUBOS,C,1242.0,1693.2,1
2026-05-22,2026-05-18,PED0001376,CLI_0032,CAPITAL,ASESOR_5,METALMECANICA,CAÑOS Y TUBOS,A,2075.61,2650.4,4
2026-05-22,2026-05-18,PED0001376,CLI_0032,CAPITAL,ASESOR_5,METALMECANICA,BULONERIA,A,1361.42,1220.4,1
2026-05-21,2026-05-18,PED0001377,CLI_0014,CORDOBA,ASESOR_2,AUTOPARTES,CAÑOS Y TUBOS,C,1722.65,1486.9,5
2026-05-21,2026-05-18,PED0001377,CLI_0014,CORDOBA,ASESOR_2,AUTOPARTES,BULONERIA,C,1705.62,1692.7,2
2026-05-21,2026-05-18,PED0001377,CLI_0014,CORDOBA,ASESOR_2,AUTOPARTES,PERFILES,C,3161.75,3730.9,1
2026-05-20,2026-05-18,PED0001378,CLI_0004,CAPITAL,ASESOR_3,METALMECANICA,BULONERIA,B,2007.04,2882.3,1
2026-05-20,2026-05-18,PED0001378,CLI_0004,CAPITAL,ASESOR_3,METALMECANICA,PERFILES,B,1582.86,1881.3,4
2026-05-20,2026-05-18,PED0001378,CLI_0004,CAPITAL,ASESOR_3,METALMECANICA,CH304,B,2513.64,2518.3,1
2026-05-18,2026-05-18,PED0001379,CLI_0036,CORDOBA,ASESOR_5,AUTOPARTES,PERFILES,B,2981.62,3136.8,6
2026-05-18,2026-05-18,PED0001379,CLI_0036,CORDOBA,ASESOR_5,AUTOPARTES,CH430,B,1624.61,1385.2,2
2026-05-22,2026-05-18,PED0001380,CLI_0031,CAPITAL,ASESOR_3,ENERGIA,PERFILES,C,1887.55,2913.3,4
2026-05-21,2026-05-18,PED0001381,CLI_0017,MENDOZA,ASESOR_6,AUTOPARTES,BULONERIA,C,2511.48,2777.1,5
2026-05-21,2026-05-18,PED0001381,CLI_0017,MENDOZA,ASESOR_6,AUTOPARTES,CH304,C,3116.12,2747.3,4
2026-05-21,2026-05-18,PED0001382,CLI_0009,CAPITAL,ASESOR_2,AUTOPARTES,CH430,B,786.71,1152.3,3
2026-05-22,2026-05-18,PED0001383,CLI_0022,MENDOZA,ASESOR_2,AUTOPARTES,PERFILES,C,2097.21,3348.3,4
2026-05-22,2026-05-18,PED0001383,CLI_0022,MENDOZA,ASESOR_2,AUTOPARTES,BULONERIA,C,2504.26,2137.6,3
2026-05-18,2026-05-18,PED0001384,CLI_0039,ROSARIO,ASESOR_4,AUTOPARTES,PERFILES,A,2510.69,2220.8,4
2026-05-18,2026-05-18,PED0001385,CLI_0017,CAPITAL,ASESOR_2,CONSTRUCCION,PERFILES,C,1410.73,1900.9,5
2026-05-18,2026-05-18,PED0001385,CLI_0017,CAPITAL,ASESOR_2,CONSTRUCCION,CH304,C,3205.74,4091.7,5
2026-05-18,2026-05-18,PED0001386,CLI_0045,MENDOZA,ASESOR_2,CONSTRUCCION,PERFILES,A,1848.52,2905.3,6
2026-05-18,2026-05-18,PED0001386,CLI_0045,MENDOZA,ASESOR_2,CONSTRUCCION,BULONERIA,A,2179.92,3165.8,1
2026-05-18,2026-05-18,PED0001387,CLI_0032,MENDOZA,ASESOR_3,AGRO,CH430,B,1239.45,1722.8,2
2026-05-22,2026-05-18,PED0001388,CLI_0030,MENDOZA,ASESOR_5,AGRO,CH304,B,2436.91,2040.8,4
2026-05-19,2026-05-18,PED0001389,CLI_0033,CORDOBA,ASESOR_4,CONSTRUCCION,CH304,C,1265.09,1420.2,6
2026-05-19,2026-05-18,PED0001390,CLI_0035,CAPITAL,ASESOR_2,ENERGIA,CAÑOS Y TUBOS,C,2264.39,2084.0,6
2026-05-19,2026-05-18,PED0001390,CLI_0035,CAPITAL,ASESOR_2,ENERGIA,PERFILES,C,1831.0,2312.3,6
2026-05-19,2026-05-18,PED0001391,CLI_0022,MENDOZA,ASESOR_6,CONSTRUCCION,CH430,B,1403.84,1598.7,3
2026-05-19,2026-05-18,PED0001391,CLI_0022,MENDOZA,ASESOR_6,CONSTRUCCION,CH304,B,2669.1,3190.9,5
2026-05-22,2026-05-18,PED0001392,CLI_0044,ROSARIO,ASESOR_2,METALMECANICA,BULONERIA,B,1186.51,1050.8,4
2026-05-20,2026-05-18,PED0001393,CLI_0020,MENDOZA,ASESOR_2,AGRO,CAÑOS Y TUBOS,C,1515.65,2086.0,5
2026-05-20,2026-05-18,PED0001393,CLI_0020,MENDOZA,ASESOR_2,AGRO,BULONERIA,C,2094.26,2120.5,5
2026-05-22,2026-05-18,PED0001394,CLI_0040,CORDOBA,ASESOR_2,CONSTRUCCION,CAÑOS Y TUBOS,B,1217.79,1930.2,3
2026-05-19,2026-05-18,PED0001395,CLI_0044,ROSARIO,ASESOR_6,METALMECANICA,PERFILES,B,2634.83,3749.2,3
2026-05-21,2026-05-18,PED0001396,CLI_0027,MENDOZA,ASESOR_5,ENERGIA,CH430,B,1161.75,1070.1,5
2026-05-22,2026-05-18,PED0001397,CLI_0008,MENDOZA,ASESOR_5,ENERGIA,CH304,A,2179.79,3485.4,1
2026-05-22,2026-05-18,PED0001397,CLI_0008,MENDOZA,ASESOR_5,ENERGIA,CH430,A,1279.02,1797.5,6
2026-05-19,2026-05-18,PED0001398,CLI_0003,ROSARIO,ASESOR_3,ENERGIA,CH304,C,951.76,1309.4,1
2026-05-19,2026-05-18,PED0001398,CLI_0003,ROSARIO,ASESOR_3,ENERGIA,CH316,C,1320.52,2092.8,1
2026-05-20,2026-05-18,PED0001399,CLI_0023,CORDOBA,ASESOR_3,ENERGIA,BULONERIA,B,2628.12,2860.1,3
2026-05-20,2026-05-18,PED0001399,CLI_0023,CORDOBA,ASESOR_3,ENERGIA,CH304,B,1582.08,1892.9,3
2026-05-19,2026-05-18,PED0001400,CLI_0028,CAPITAL,ASESOR_5,CONSTRUCCION,CH430,B,1029.46,1166.5,1
2026-05-19,2026-05-18,PED0001400,CLI_0028,CAPITAL,ASESOR_5,CONSTRUCCION,CH304,B,3048.65,4244.5,6
2026-05-22,2026-05-18,PED0001401,CLI_0042,CAPITAL,ASESOR_5,AUTOPARTES,BULONERIA,C,1821.57,2851.0,6
2026-05-22,2026-05-18,PED0001401,CLI_0042,CAPITAL,ASESOR_5,AUTOPARTES,CH304,C,2325.66,2606.1,5
2026-05-21,2026-05-18,PED0001402,CLI_0020,ROSARIO,ASESOR_1,AGRO,CH304,A,1270.58,1870.0,5
2026-05-21,2026-05-18,PED0001403,CLI_0037,ROSARIO,ASESOR_4,METALMECANICA,PERFILES,C,2468.4,2466.4,5
2026-05-21,2026-05-18,PED0001403,CLI_0037,ROSARIO,ASESOR_4,METALMECANICA,BULONERIA,C,1198.16,1551.4,4
2026-05-20,2026-05-18,PED0001404,CLI_0038,CORDOBA,ASESOR_5,METALMECANICA,CH430,C,1612.52,2326.6,1
2026-05-18,2026-05-18,PED0001405,CLI_0005,CAPITAL,ASESOR_1,ENERGIA,CAÑOS Y TUBOS,A,1645.11,2538.4,6
2026-05-18,2026-05-18,PED0001405,CLI_0005,CAPITAL,ASESOR_1,ENERGIA,CH430,A,695.02,619.1,4
2026-05-22,2026-05-18,PED0001406,CLI_0036,CAPITAL,ASESOR_4,CONSTRUCCION,CH316,B,2886.69,3258.0,6
2026-05-22,2026-05-18,PED0001406,CLI_0036,CAPITAL,ASESOR_4,CONSTRUCCION,CAÑOS Y TUBOS,B,2023.06,1780.3,5
2026-05-21,2026-05-18,PED0001407,CLI_0010,CORDOBA,ASESOR_3,AGRO,CH304,C,1472.16,1944.8,3
2026-05-19,2026-05-18,PED0001408,CLI_0005,ROSARIO,ASESOR_3,ENERGIA,CAÑOS Y TUBOS,C,2998.37,4035.6,3
2026-05-21,2026-05-18,PED0001409,CLI_0005,MENDOZA,ASESOR_4,METALMECANICA,CH304,B,3213.47,4965.2,3
2026-05-22,2026-05-18,PED0001410,CLI_0021,MENDOZA,ASESOR_3,METALMECANICA,PERFILES,C,1972.03,3099.7,2
2026-05-22,2026-05-18,PED0001410,CLI_0021,MENDOZA,ASESOR_3,METALMECANICA,CAÑOS Y TUBOS,C,1689.27,2439.7,1
2026-05-22,2026-05-18,PED0001410,CLI_0021,MENDOZA,ASESOR_3,METALMECANICA,CH430,C,1180.12,1173.1,3
2026-05-21,2026-05-18,PED0001411,CLI_0039,CORDOBA,ASESOR_4,METALMECANICA,CH430,C,1011.0,1129.5,3
2026-05-19,2026-05-18,PED0001412,CLI_0009,CORDOBA,ASESOR_2,CONSTRUCCION,CH304,A,1261.26,1981.0,4
2026-05-19,2026-05-18,PED0001412,CLI_0009,CORDOBA,ASESOR_2,CONSTRUCCION,CH316,A,1044.11,1571.5,6
2026-05-19,2026-05-18,PED0001412,CLI_0009,CORDOBA,ASESOR_2,CONSTRUCCION,PERFILES,A,3100.18,3250.5,2
2026-05-18,2026-05-18,PED0001413,CLI_0039,CORDOBA,ASESOR_5,CONSTRUCCION,BULONERIA,B,2708.25,2366.6,5
2026-05-25,2026-05-25,PED0001414,CLI_0018,MENDOZA,ASESOR_1,CONSTRUCCION,PERFILES,C,1753.15,1958.0,6
2026-05-26,2026-05-25,PED0001415,CLI_0035,MENDOZA,ASESOR_5,AUTOPARTES,CH430,A,1490.03,2261.6,3
2026-05-26,2026-05-25,PED0001415,CLI_0035,MENDOZA,ASESOR_5,AUTOPARTES,CAÑOS Y TUBOS,A,1441.1,2299.1,4
2026-05-26,2026-05-25,PED0001416,CLI_0027,CORDOBA,ASESOR_2,METALMECANICA,PERFILES,A,2517.39,3495.0,4
2026-05-29,2026-05-25,PED0001417,CLI_0035,CORDOBA,ASESOR_2,METALMECANICA,PERFILES,B,2659.88,3870.7,2
2026-05-25,2026-05-25,PED0001418,CLI_0040,CORDOBA,ASESOR_3,ENERGIA,BULONERIA,A,2184.78,3283.5,3
2026-05-25,2026-05-25,PED0001418,CLI_0040,CORDOBA,ASESOR_3,ENERGIA,CH316,A,1243.78,1970.1,3
2026-05-27,2026-05-25,PED0001419,CLI_0008,CAPITAL,ASESOR_1,METALMECANICA,CH430,B,1066.44,1574.5,1
2026-05-27,2026-05-25,PED0001419,CLI_0008,CAPITAL,ASESOR_1,METALMECANICA,CH316,B,2563.74,3988.1,2
2026-05-29,2026-05-25,PED0001420,CLI_0027,MENDOZA,ASESOR_3,ENERGIA,CH304,C,2684.67,3809.1,2
2026-05-29,2026-05-25,PED0001420,CLI_0027,MENDOZA,ASESOR_3,ENERGIA,CAÑOS Y TUBOS,C,1290.61,1335.5,6
2026-05-29,2026-05-25,PED0001421,CLI_0040,ROSARIO,ASESOR_4,AUTOPARTES,CH316,A,1663.19,2525.0,3
2026-05-29,2026-05-25,PED0001422,CLI_0004,CAPITAL,ASESOR_6,ENERGIA,CH316,A,2792.09,3830.2,2
2026-05-29,2026-05-25,PED0001422,CLI_0004,CAPITAL,ASESOR_6,ENERGIA,CH304,A,2372.63,3053.8,2
2026-05-27,2026-05-25,PED0001423,CLI_0019,CORDOBA,ASESOR_6,ENERGIA,CH316,B,1271.32,1913.2,1
2026-05-27,2026-05-25,PED0001423,CLI_0019,CORDOBA,ASESOR_6,ENERGIA,CH430,B,999.01,1535.2,6
2026-05-28,2026-05-25,PED0001424,CLI_0019,CAPITAL,ASESOR_5,CONSTRUCCION,CH430,C,906.38,773.7,4
2026-05-27,2026-05-25,PED0001425,CLI_0016,CORDOBA,ASESOR_2,AGRO,CH304,B,1635.07,1583.1,5
2026-05-28,2026-05-25,PED0001426,CLI_0041,CORDOBA,ASESOR_6,CONSTRUCCION,PERFILES,B,2178.63,2939.0,6
2026-05-28,2026-05-25,PED0001426,CLI_0041,CORDOBA,ASESOR_6,CONSTRUCCION,CH304,B,1525.17,1514.1,5
2026-05-29,2026-05-25,PED0001427,CLI_0015,CAPITAL,ASESOR_2,ENERGIA,PERFILES,B,1873.07,2349.4,4
2026-05-29,2026-05-25,PED0001427,CLI_0015,CAPITAL,ASESOR_2,ENERGIA,CAÑOS Y TUBOS,B,2343.86,2864.6,2
2026-05-28,2026-05-25,PED0001428,CLI_0003,CAPITAL,ASESOR_3,AGRO,CAÑOS Y TUBOS,B,2054.52,2060.8,2
2026-05-27,2026-05-25,PED0001429,CLI_0013,CAPITAL,ASESOR_1,ENERGIA,CH316,B,3825.65,5605.8,6
2026-05-26,2026-05-25,PED0001430,CLI_0020,ROSARIO,ASESOR_5,METALMECANICA,CH304,A,1375.3,2184.3,6
2026-05-26,2026-05-25,PED0001430,CLI_0020,ROSARIO,ASESOR_5,METALMECANICA,CH316,A,1469.64,1211.1,2
2026-05-29,2026-05-25,PED0001431,CLI_0001,ROSARIO,ASESOR_2,ENERGIA,CH316,C,1179.97,986.3,1
2026-05-29,2026-05-25,PED0001431,CLI_0001,ROSARIO,ASESOR_2,ENERGIA,BULONERIA,C,957.42,942.1,1
2026-05-28,2026-05-25,PED0001432,CLI_0013,CAPITAL,ASESOR_1,ENERGIA,CH304,B,3107.26,4055.3,6
2026-05-25,2026-05-25,PED0001433,CLI_0044,MENDOZA,ASESOR_6,METALMECANICA,CH316,A,1360.04,1189.2,1
2026-05-25,2026-05-25,PED0001433,CLI_0044,MENDOZA,ASESOR_6,METALMECANICA,CH430,A,1481.79,1464.3,5
2026-05-29,2026-05-25,PED0001434,CLI_0013,CORDOBA,ASESOR_3,AUTOPARTES,CH304,C,1607.18,1641.1,5
2026-05-25,2026-05-25,PED0001435,CLI_0008,ROSARIO,ASESOR_2,AGRO,CH316,B,1601.3,2555.1,4
2026-05-27,2026-05-25,PED0001436,CLI_0021,MENDOZA,ASESOR_2,CONSTRUCCION,PERFILES,B,2029.49,2161.7,6
2026-05-27,2026-05-25,PED0001436,CLI_0021,MENDOZA,ASESOR_2,CONSTRUCCION,CAÑOS Y TUBOS,B,1144.87,1312.3,6
2026-05-27,2026-05-25,PED0001436,CLI_0021,MENDOZA,ASESOR_2,CONSTRUCCION,BULONERIA,B,2051.52,2082.2,1
2026-05-25,2026-05-25,PED0001437,CLI_0031,CAPITAL,ASESOR_6,METALMECANICA,BULONERIA,C,2213.24,1773.4,4
2026-05-25,2026-05-25,PED0001437,CLI_0031,CAPITAL,ASESOR_6,METALMECANICA,CH316,C,3248.27,2860.0,5
2026-05-27,2026-05-25,PED0001438,CLI_0026,CORDOBA,ASESOR_5,METALMECANICA,CH316,A,1039.51,999.8,5
2026-05-27,2026-05-25,PED0001438,CLI_0026,CORDOBA,ASESOR_5,METALMECANICA,CAÑOS Y TUBOS,A,1216.67,1493.4,5
2026-05-29,2026-05-25,PED0001439,CLI_0016,MENDOZA,ASESOR_2,METALMECANICA,CAÑOS Y TUBOS,C,1523.97,1853.2,6
2026-05-29,2026-05-25,PED0001440,CLI_0038,CAPITAL,ASESOR_4,ENERGIA,CH304,C,2895.37,3686.1,2
2026-05-25,2026-05-25,PED0001441,CLI_0037,CORDOBA,ASESOR_4,CONSTRUCCION,CH316,C,824.31,716.8,4
2026-05-25,2026-05-25,PED0001441,CLI_0037,CORDOBA,ASESOR_4,CONSTRUCCION,BULONERIA,C,2596.68,3664.4,3
2026-05-28,2026-05-25,PED0001442,CLI_0022,MENDOZA,ASESOR_6,ENERGIA,CH304,C,2843.81,2288.3,5
2026-05-27,2026-05-25,PED0001443,CLI_0036,CORDOBA,ASESOR_2,CONSTRUCCION,CH304,C,1378.28,1606.4,6
2026-05-29,2026-05-25,PED0001444,CLI_0015,CAPITAL,ASESOR_6,AUTOPARTES,CH304,B,2470.7,3306.7,6
2026-05-26,2026-05-25,PED0001445,CLI_0012,ROSARIO,ASESOR_3,CONSTRUCCION,CH316,C,1192.17,1529.0,4
2026-05-27,2026-05-25,PED0001446,CLI_0038,CORDOBA,ASESOR_5,ENERGIA,CH430,A,1571.77,1389.7,5
2026-05-27,2026-05-25,PED0001446,CLI_0038,CORDOBA,ASESOR_5,ENERGIA,BULONERIA,A,2013.73,2084.0,4
2026-05-25,2026-05-25,PED0001447,CLI_0029,CAPITAL,ASESOR_3,METALMECANICA,CH316,C,3730.2,4079.9,1
2026-05-25,2026-05-25,PED0001447,CLI_0029,CAPITAL,ASESOR_3,METALMECANICA,BULONERIA,C,1967.17,1602.2,6
2026-05-28,2026-05-25,PED0001448,CLI_0008,CAPITAL,ASESOR_1,METALMECANICA,CH304,B,3032.11,2938.2,2
2026-05-29,2026-05-25,PED0001449,CLI_0036,CORDOBA,ASESOR_4,AUTOPARTES,BULONERIA,B,2601.36,2663.8,1
2026-05-26,2026-05-25,PED0001450,CLI_0039,CAPITAL,ASESOR_4,ENERGIA,CH430,C,997.68,990.0,2
2026-05-27,2026-05-25,PED0001451,CLI_0024,MENDOZA,ASESOR_1,METALMECANICA,CH304,C,2159.1,2334.3,5
2026-05-29,2026-05-25,PED0001452,CLI_0013,CAPITAL,ASESOR_1,CONSTRUCCION,CAÑOS Y TUBOS,C,2247.53,1994.4,6
2026-05-27,2026-05-25,PED0001453,CLI_0009,CAPITAL,ASESOR_3,AUTOPARTES,CAÑOS Y TUBOS,B,1463.15,1837.1,2
2026-05-29,2026-05-25,PED0001454,CLI_0030,CAPITAL,ASESOR_1,METALMECANICA,CH304,A,2328.37,2764.0,6
2026-05-27,2026-05-25,PED0001455,CLI_0039,CAPITAL,ASESOR_5,ENERGIA,CH316,C,3655.24,4450.3,4
2026-05-27,2026-05-25,PED0001455,CLI_0039,CAPITAL,ASESOR_5,ENERGIA,BULONERIA,C,1862.86,2344.3,4
2026-05-25,2026-05-25,PED0001456,CLI_0024,CORDOBA,ASESOR_2,ENERGIA,BULONERIA,B,1731.81,2250.5,6
2026-05-25,2026-05-25,PED0001457,CLI_0035,ROSARIO,ASESOR_4,AUTOPARTES,BULONERIA,C,1436.82,1190.3,3
2026-05-26,2026-05-25,PED0001458,CLI_0015,CAPITAL,ASESOR_2,AGRO,CH304,C,3702.24,3593.6,6
2026-05-26,2026-05-25,PED0001458,CLI_0015,CAPITAL,ASESOR_2,AGRO,CAÑOS Y TUBOS,C,1752.07,1760.5,2
2026-05-27,2026-05-25,PED0001459,CLI_0035,CORDOBA,ASESOR_2,METALMECANICA,CAÑOS Y TUBOS,B,1444.3,1835.2,2
2026-05-27,2026-05-25,PED0001459,CLI_0035,CORDOBA,ASESOR_2,METALMECANICA,CH304,B,1750.28,2795.5,3
2026-05-27,2026-05-25,PED0001459,CLI_0035,CORDOBA,ASESOR_2,METALMECANICA,BULONERIA,B,2650.95,3188.3,5
2026-05-27,2026-05-25,PED0001460,CLI_0010,CORDOBA,ASESOR_2,AGRO,CH316,C,1104.76,1176.2,1
2026-05-27,2026-05-25,PED0001461,CLI_0020,MENDOZA,ASESOR_4,AGRO,CH430,C,1135.55,1239.3,4
2026-05-29,2026-05-25,PED0001462,CLI_0021,ROSARIO,ASESOR_2,ENERGIA,CH430,A,1460.61,1547.7,1
2026-05-26,2026-05-25,PED0001463,CLI_0015,MENDOZA,ASESOR_6,AGRO,CH304,C,3458.04,4046.5,5
2026-05-26,2026-05-25,PED0001464,CLI_0020,MENDOZA,ASESOR_1,ENERGIA,CH430,C,1351.15,1562.1,4
2026-05-28,2026-05-25,PED0001465,CLI_0014,CAPITAL,ASESOR_6,AUTOPARTES,CH430,A,816.81,1254.6,3
2026-05-28,2026-05-25,PED0001465,CLI_0014,CAPITAL,ASESOR_6,AUTOPARTES,CH316,A,3498.02,3031.1,2
2026-05-29,2026-05-25,PED0001466,CLI_0019,CAPITAL,ASESOR_1,AUTOPARTES,CH304,A,2337.62,3478.2,6
2026-05-26,2026-05-25,PED0001467,CLI_0009,CAPITAL,ASESOR_1,AGRO,CH430,A,873.07,1320.5,3
2026-05-26,2026-05-25,PED0001467,CLI_0009,CAPITAL,ASESOR_1,AGRO,PERFILES,A,1245.51,1277.9,4
2026-05-26,2026-05-25,PED0001467,CLI_0009,CAPITAL,ASESOR_1,AGRO,BULONERIA,A,1423.9,1643.7,2
2026-05-29,2026-05-25,PED0001468,CLI_0006,ROSARIO,ASESOR_4,ENERGIA,BULONERIA,C,1525.3,2033.4,1
2026-05-29,2026-05-25,PED0001468,CLI_0006,ROSARIO,ASESOR_4,ENERGIA,CH304,C,859.99,1364.0,3
2026-05-25,2026-05-25,PED0001469,CLI_0039,ROSARIO,ASESOR_3,CONSTRUCCION,CH316,B,1747.82,2626.3,4
2026-05-25,2026-05-25,PED0001470,CLI_0035,CAPITAL,ASESOR_5,ENERGIA,CH430,C,957.09,1462.3,2
2026-05-27,2026-05-25,PED0001471,CLI_0009,CORDOBA,ASESOR_5,ENERGIA,CH316,C,1304.64,1759.7,3
2026-05-25,2026-05-25,PED0001472,CLI_0003,ROSARIO,ASESOR_1,AGRO,CAÑOS Y TUBOS,B,2483.27,3134.1,6
2026-05-25,2026-05-25,PED0001473,CLI_0015,CAPITAL,ASESOR_4,ENERGIA,CAÑOS Y TUBOS,B,2088.54,2468.6,1
2026-05-26,2026-05-25,PED0001474,CLI_0002,ROSARIO,ASESOR_4,ENERGIA,PERFILES,B,1935.04,2629.9,3
2026-05-26,2026-05-25,PED0001474,CLI_0002,ROSARIO,ASESOR_4,ENERGIA,CH430,B,1436.03,1172.4,4
2026-05-27,2026-05-25,PED0001475,CLI_0018,MENDOZA,ASESOR_4,METALMECANICA,CH316,C,1199.01,1293.0,1
2026-05-27,2026-05-25,PED0001476,CLI_0039,CAPITAL,ASESOR_4,AUTOPARTES,CAÑOS Y TUBOS,C,1585.99,1403.0,5
2026-05-29,2026-05-25,PED0001477,CLI_0040,CORDOBA,ASESOR_2,ENERGIA,CH316,A,1239.64,1296.9,1
2026-05-29,2026-05-25,PED0001477,CLI_0040,CORDOBA,ASESOR_2,ENERGIA,BULONERIA,A,1711.81,2379.0,1
2026-05-27,2026-05-25,PED0001478,CLI_0027,CAPITAL,ASESOR_6,METALMECANICA,BULONERIA,C,2015.23,2484.4,4
2026-05-25,2026-05-25,PED0001479,CLI_0004,CORDOBA,ASESOR_2,CONSTRUCCION,CAÑOS Y TUBOS,A,1275.34,1159.1,1
2026-05-27,2026-05-25,PED0001480,CLI_0011,CORDOBA,ASESOR_6,AGRO,PERFILES,C,3291.81,4063.5,3
2026-05-27,2026-05-25,PED0001480,CLI_0011,CORDOBA,ASESOR_6,AGRO,BULONERIA,C,2570.54,3826.4,1
2026-05-26,2026-05-25,PED0001481,CLI_0005,ROSARIO,ASESOR_5,ENERGIA,CH316,C,1758.98,1745.3,6
2026-05-29,2026-05-25,PED0001482,CLI_0016,ROSARIO,ASESOR_1,AUTOPARTES,CH430,B,1192.86,1396.5,1
2026-05-26,2026-05-25,PED0001483,CLI_0022,ROSARIO,ASESOR_1,METALMECANICA,PERFILES,A,1613.05,1534.4,6
2026-05-25,2026-05-25,PED0001484,CLI_0003,ROSARIO,ASESOR_1,ENERGIA,PERFILES,C,2447.96,2981.1,4
2026-05-25,2026-05-25,PED0001485,CLI_0015,CAPITAL,ASESOR_6,AGRO,PERFILES,C,1391.4,1526.6,5
2026-05-25,2026-05-25,PED0001485,CLI_0015,CAPITAL,ASESOR_6,AGRO,CAÑOS Y TUBOS,C,1931.67,2673.9,3
2026-05-28,2026-05-25,PED0001486,CLI_0037,MENDOZA,ASESOR_6,METALMECANICA,CH304,A,3116.82,4421.2,2
2026-05-28,2026-05-25,PED0001486,CLI_0037,MENDOZA,ASESOR_6,METALMECANICA,BULONERIA,A,2147.93,3033.9,6
2026-05-29,2026-05-25,PED0001487,CLI_0003,ROSARIO,ASESOR_1,ENERGIA,CAÑOS Y TUBOS,C,2198.04,3309.5,1
2026-05-29,2026-05-25,PED0001487,CLI_0003,ROSARIO,ASESOR_1,ENERGIA,CH316,C,1546.82,2469.3,2
2026-05-29,2026-05-25,PED0001487,CLI_0003,ROSARIO,ASESOR_1,ENERGIA,CH430,C,1014.22,1423.1,2
2026-05-29,2026-05-25,PED0001488,CLI_0038,CAPITAL,ASESOR_1,AUTOPARTES,CH316,C,2601.72,4049.3,1
2026-05-26,2026-05-25,PED0001489,CLI_0015,CORDOBA,ASESOR_1,AGRO,BULONERIA,B,2451.2,2090.5,3
2026-05-26,2026-05-25,PED0001489,CLI_0015,CORDOBA,ASESOR_1,AGRO,PERFILES,B,2986.08,4086.3,6
2026-05-26,2026-05-25,PED0001490,CLI_0034,CAPITAL,ASESOR_6,AUTOPARTES,CH316,C,3943.57,4028.7,6
2026-05-28,2026-05-25,PED0001491,CLI_0039,ROSARIO,ASESOR_2,AUTOPARTES,CH316,A,1574.14,1389.3,3
2026-05-27,2026-05-25,PED0001492,CLI_0017,ROSARIO,ASESOR_1,AUTOPARTES,CAÑOS Y TUBOS,B,2036.45,2740.5,1
2026-05-27,2026-05-25,PED0001492,CLI_0017,ROSARIO,ASESOR_1,AUTOPARTES,CH430,B,1121.42,1608.6,2
2026-05-27,2026-05-25,PED0001492,CLI_0017,ROSARIO,ASESOR_1,AUTOPARTES,BULONERIA,B,1538.86,1772.7,4
2026-05-26,2026-05-25,PED0001493,CLI_0046,CORDOBA,ASESOR_4,ENERGIA,CH304,A,1535.2,2028.6,5
2026-05-29,2026-05-25,PED0001494,CLI_0034,CAPITAL,ASESOR_4,CONSTRUCCION,CH316,B,3312.53,5182.9,2
2026-05-27,2026-05-25,PED0001495,CLI_0009,CAPITAL,ASESOR_1,AGRO,CAÑOS Y TUBOS,B,1782.15,1640.8,1
2026-05-25,2026-05-25,PED0001496,CLI_0044,ROSARIO,ASESOR_1,METALMECANICA,PERFILES,B,2554.12,4022.9,4
2026-05-26,2026-05-25,PED0001497,CLI_0023,MENDOZA,ASESOR_4,CONSTRUCCION,PERFILES,B,2003.49,2183.1,1
2026-05-27,2026-05-25,PED0001498,CLI_0008,CORDOBA,ASESOR_5,AGRO,CAÑOS Y TUBOS,C,1402.56,1342.4,3
2026-05-27,2026-05-25,PED0001498,CLI_0008,CORDOBA,ASESOR_5,AGRO,BULONERIA,C,2295.13,2182.3,2
2026-05-26,2026-05-25,PED0001499,CLI_0023,MENDOZA,ASESOR_3,CONSTRUCCION,CH316,B,1694.18,1877.6,4
2026-05-26,2026-05-25,PED0001500,CLI_0013,CAPITAL,ASESOR_1,AGRO,BULONERIA,C,2153.48,2995.6,6
2026-05-26,2026-05-25,PED0001500,CLI_0013,CAPITAL,ASESOR_1,AGRO,CH316,C,3269.2,3453.7,6
2026-05-29,2026-05-25,PED0001501,CLI_0001,ROSARIO,ASESOR_1,ENERGIA,PERFILES,C,1711.55,2222.0,4
2026-05-29,2026-05-25,PED0001501,CLI_0001,ROSARIO,ASESOR_1,ENERGIA,BULONERIA,C,1041.23,1033.0,3
2026-05-27,2026-05-25,PED0001502,CLI_0037,CAPITAL,ASESOR_6,ENERGIA,PERFILES,C,1494.97,1482.3,2
2026-05-27,2026-05-25,PED0001503,CLI_0012,CORDOBA,ASESOR_4,AUTOPARTES,CH316,C,945.2,1473.9,1
2026-05-29,2026-05-25,PED0001504,CLI_0011,ROSARIO,ASESOR_1,CONSTRUCCION,CH304,C,1040.93,1431.3,3
2026-05-28,2026-05-25,PED0001505,CLI_0020,MENDOZA,ASESOR_6,METALMECANICA,CAÑOS Y TUBOS,C,1407.97,1928.5,6
2026-05-26,2026-05-25,PED0001506,CLI_0009,CORDOBA,ASESOR_6,AGRO,PERFILES,C,2835.02,4212.3,4
2026-05-25,2026-05-25,PED0001507,CLI_0026,MENDOZA,ASESOR_6,ENERGIA,CH430,C,997.03,938.9,3
2026-05-29,2026-05-25,PED0001508,CLI_0001,CORDOBA,ASESOR_1,ENERGIA,PERFILES,C,3474.53,3631.2,1
2026-05-27,2026-05-25,PED0001509,CLI_0042,CORDOBA,ASESOR_2,METALMECANICA,CAÑOS Y TUBOS,C,1738.25,1643.3,2
2026-05-27,2026-05-25,PED0001509,CLI_0042,CORDOBA,ASESOR_2,METALMECANICA,CH430,C,984.56,1473.0,3
2026-05-27,2026-05-25,PED0001510,CLI_0037,ROSARIO,ASESOR_2,AGRO,CH304,C,1351.6,1390.4,6
2026-05-26,2026-05-25,PED0001511,CLI_0004,CORDOBA,ASESOR_6,ENERGIA,CH304,C,1677.45,1628.5,1
2026-05-26,2026-05-25,PED0001511,CLI_0004,CORDOBA,ASESOR_6,ENERGIA,CH430,C,1270.3,1435.6,6
2026-05-26,2026-05-25,PED0001511,CLI_0004,CORDOBA,ASESOR_6,ENERGIA,PERFILES,C,3263.58,3200.9,6
2026-05-28,2026-05-25,PED0001512,CLI_0032,CAPITAL,ASESOR_1,ENERGIA,CH430,C,1094.36,945.0,6
2026-05-28,2026-05-25,PED0001512,CLI_0032,CAPITAL,ASESOR_1,ENERGIA,CH316,C,3259.93,2848.9,5
2026-05-28,2026-05-25,PED0001512,CLI_0032,CAPITAL,ASESOR_1,ENERGIA,PERFILES,C,1447.83,1339.4,3
2026-05-28,2026-05-25,PED0001513,CLI_0036,CORDOBA,ASESOR_6,AUTOPARTES,BULONERIA,B,2345.11,3149.4,1
2026-05-25,2026-05-25,PED0001514,CLI_0036,CAPITAL,ASESOR_4,AUTOPARTES,CAÑOS Y TUBOS,C,2237.54,3258.5,2
2026-05-25,2026-05-25,PED0001514,CLI_0036,CAPITAL,ASESOR_4,AUTOPARTES,CH430,C,1082.22,1266.5,2
2026-05-28,2026-05-25,PED0001515,CLI_0033,MENDOZA,ASESOR_4,AGRO,CH430,B,1477.96,1945.8,1
2026-05-25,2026-05-25,PED0001516,CLI_0038,CORDOBA,ASESOR_2,METALMECANICA,CH430,C,999.41,1535.7,4
2026-05-25,2026-05-25,PED0001516,CLI_0038,CORDOBA,ASESOR_2,METALMECANICA,BULONERIA,C,2569.58,2421.9,2
2026-05-25,2026-05-25,PED0001516,CLI_0038,CORDOBA,ASESOR_2,METALMECANICA,CH304,C,1100.7,1044.6,4
2026-05-26,2026-05-25,PED0001517,CLI_0021,ROSARIO,ASESOR_1,METALMECANICA,BULONERIA,A,1430.26,1749.6,6
2026-05-26,2026-05-25,PED0001517,CLI_0021,ROSARIO,ASESOR_1,METALMECANICA,CH304,A,1218.84,1457.1,2
2026-05-26,2026-05-25,PED0001517,CLI_0021,ROSARIO,ASESOR_1,METALMECANICA,CH316,A,1726.85,1655.6,2
2026-05-29,2026-05-25,PED0001518,CLI_0032,MENDOZA,ASESOR_5,AGRO,CH316,B,1516.87,1439.8,6
2026-05-29,2026-05-25,PED0001518,CLI_0032,MENDOZA,ASESOR_5,AGRO,CH304,B,2951.67,3505.7,2
2026-05-26,2026-05-25,PED0001519,CLI_0009,CORDOBA,ASESOR_2,AGRO,CH316,C,1158.78,1641.6,4
2026-05-26,2026-05-25,PED0001519,CLI_0009,CORDOBA,ASESOR_2,AGRO,BULONERIA,C,1883.12,2434.4,5
2026-05-26,2026-05-25,PED0001519,CLI_0009,CORDOBA,ASESOR_2,AGRO,PERFILES,C,3023.62,2840.5,3
2026-05-26,2026-05-25,PED0001520,CLI_0015,CORDOBA,ASESOR_4,AUTOPARTES,CAÑOS Y TUBOS,C,1176.84,1271.0,1
2026-05-28,2026-05-25,PED0001521,CLI_0018,MENDOZA,ASESOR_4,CONSTRUCCION,CH316,C,1363.92,1634.3,1
2026-05-28,2026-05-25,PED0001522,CLI_0017,ROSARIO,ASESOR_2,METALMECANICA,CAÑOS Y TUBOS,A,1919.73,2526.1,5
2026-05-25,2026-05-25,PED0001523,CLI_0003,ROSARIO,ASESOR_5,ENERGIA,CAÑOS Y TUBOS,C,2440.96,2457.1,4
2026-05-25,2026-05-25,PED0001523,CLI_0003,ROSARIO,ASESOR_5,ENERGIA,BULONERIA,C,1250.4,1324.7,3
2026-05-25,2026-05-25,PED0001523,CLI_0003,ROSARIO,ASESOR_5,ENERGIA,CH430,C,991.66,959.8,2
2026-05-25,2026-05-25,PED0001524,CLI_0035,ROSARIO,ASESOR_2,AUTOPARTES,PERFILES,C,1878.27,1734.0,5
2026-05-25,2026-05-25,PED0001524,CLI_0035,ROSARIO,ASESOR_2,AUTOPARTES,CH430,C,1514.16,2250.7,5
2026-05-28,2026-05-25,PED0001525,CLI_0037,ROSARIO,ASESOR_6,AUTOPARTES,CH316,A,1664.19,2154.0,3
2026-05-28,2026-05-25,PED0001526,CLI_0009,ROSARIO,ASESOR_3,CONSTRUCCION,CH316,C,1456.64,1481.8,6
2026-05-28,2026-05-25,PED0001526,CLI_0009,ROSARIO,ASESOR_3,CONSTRUCCION,CH304,C,1273.75,1300.0,2
2026-05-28,2026-05-25,PED0001526,CLI_0009,ROSARIO,ASESOR_3,CONSTRUCCION,PERFILES,C,1613.26,2154.0,2
2026-05-25,2026-05-25,PED0001527,CLI_0017,CORDOBA,ASESOR_1,ENERGIA,CAÑOS Y TUBOS,B,1241.65,1650.0,5
2026-05-27,2026-05-25,PED0001528,CLI_0036,CORDOBA,ASESOR_6,METALMECANICA,CH430,B,1450.94,2078.6,1
2026-05-25,2026-05-25,PED0001529,CLI_0006,CORDOBA,ASESOR_3,AGRO,CAÑOS Y TUBOS,C,1836.96,1862.9,1
2026-05-29,2026-05-25,PED0001530,CLI_0030,CORDOBA,ASESOR_3,METALMECANICA,PERFILES,B,3005.72,3488.7,4
2026-05-29,2026-05-25,PED0001530,CLI_0030,CORDOBA,ASESOR_3,METALMECANICA,CH316,B,1005.97,953.6,4
2026-05-26,2026-05-25,PED0001531,CLI_0034,CAPITAL,ASESOR_2,CONSTRUCCION,CH304,B,3662.74,4384.0,2
2026-05-26,2026-05-25,PED0001531,CLI_0034,CAPITAL,ASESOR_2,CONSTRUCCION,PERFILES,B,1812.15,1579.9,3
2026-05-29,2026-05-25,PED0001532,CLI_0013,CAPITAL,ASESOR_2,ENERGIA,PERFILES,B,1680.09,1954.1,1
2026-05-28,2026-05-25,PED0001533,CLI_0045,MENDOZA,ASESOR_2,CONSTRUCCION,PERFILES,A,2160.79,2049.1,4
2026-05-29,2026-05-25,PED0001534,CLI_0022,MENDOZA,ASESOR_6,CONSTRUCCION,PERFILES,B,1868.34,2123.0,2
2026-05-29,2026-05-25,PED0001534,CLI_0022,MENDOZA,ASESOR_6,CONSTRUCCION,BULONERIA,B,2540.79,3935.1,6
2026-05-29,2026-05-25,PED0001534,CLI_0022,MENDOZA,ASESOR_6,CONSTRUCCION,CAÑOS Y TUBOS,B,1617.95,2459.4,6
2026-05-27,2026-05-25,PED0001535,CLI_0037,CORDOBA,ASESOR_2,CONSTRUCCION,CH304,C,1725.03,2307.6,5
2026-05-26,2026-05-25,PED0001536,CLI_0024,CORDOBA,ASESOR_2,AUTOPARTES,CH304,A,1301.94,1066.0,3
2026-05-27,2026-05-25,PED0001537,CLI_0021,MENDOZA,ASESOR_4,AGRO,BULONERIA,C,1682.46,1534.8,5
2026-05-28,2026-05-25,PED0001538,CLI_0036,MENDOZA,ASESOR_4,AGRO,PERFILES,B,1693.63,1964.8,3
2026-05-28,2026-05-25,PED0001539,CLI_0014,CAPITAL,ASESOR_4,AUTOPARTES,CH304,B,3648.85,3015.5,4
2026-05-28,2026-05-25,PED0001539,CLI_0014,CAPITAL,ASESOR_4,AUTOPARTES,CH430,B,784.92,825.6,2
2026-05-27,2026-05-25,PED0001540,CLI_0016,MENDOZA,ASESOR_2,CONSTRUCCION,PERFILES,C,2141.48,2469.3,1
2026-05-27,2026-05-25,PED0001540,CLI_0016,MENDOZA,ASESOR_2,CONSTRUCCION,CH316,C,1720.33,2154.5,3
2026-05-25,2026-05-25,PED0001541,CLI_0039,ROSARIO,ASESOR_5,METALMECANICA,PERFILES,B,2376.57,2242.0,3
2026-05-25,2026-05-25,PED0001541,CLI_0039,ROSARIO,ASESOR_5,METALMECANICA,CAÑOS Y TUBOS,B,1932.15,2363.4,4
2026-05-25,2026-05-25,PED0001542,CLI_0032,MENDOZA,ASESOR_6,AUTOPARTES,PERFILES,B,1836.14,1981.1,3
2026-05-25,2026-05-25,PED0001542,CLI_0032,MENDOZA,ASESOR_6,AUTOPARTES,CH430,B,1173.25,1346.5,3
2026-05-25,2026-05-25,PED0001542,CLI_0032,MENDOZA,ASESOR_6,AUTOPARTES,BULONERIA,B,2683.76,3765.3,3
2026-05-29,2026-05-25,PED0001543,CLI_0040,ROSARIO,ASESOR_3,AGRO,PERFILES,C,2600.39,3305.8,5
2026-05-27,2026-05-25,PED0001544,CLI_0010,ROSARIO,ASESOR_6,AGRO,CH430,B,1445.26,1461.2,5
2026-05-29,2026-05-25,PED0001545,CLI_0037,ROSARIO,ASESOR_2,AUTOPARTES,PERFILES,A,2380.78,3282.7,2
2026-05-29,2026-05-25,PED0001546,CLI_0024,CORDOBA,ASESOR_1,AUTOPARTES,CH304,A,1540.46,1374.3,4
2026-05-27,2026-05-25,PED0001547,CLI_0009,CAPITAL,ASESOR_4,AGRO,BULONERIA,B,1966.68,2222.8,3
2026-05-25,2026-05-25,PED0001548,CLI_0016,MENDOZA,ASESOR_5,AUTOPARTES,CH304,C,2495.45,3127.7,3
2026-05-29,2026-05-25,PED0001549,CLI_0017,MENDOZA,ASESOR_1,AUTOPARTES,CH304,C,2273.39,3159.6,3
2026-05-27,2026-05-25,PED0001550,CLI_0035,CAPITAL,ASESOR_2,CONSTRUCCION,CH430,B,760.64,962.9,6
2026-05-27,2026-05-25,PED0001550,CLI_0035,CAPITAL,ASESOR_2,CONSTRUCCION,PERFILES,B,1770.34,2083.8,1
2026-05-27,2026-05-25,PED0001550,CLI_0035,CAPITAL,ASESOR_2,CONSTRUCCION,CAÑOS Y TUBOS,B,1936.17,2215.4,1
2026-05-27,2026-05-25,PED0001551,CLI_0044,ROSARIO,ASESOR_1,AGRO,BULONERIA,C,1154.83,1282.2,1
2026-05-26,2026-05-25,PED0001552,CLI_0031,CAPITAL,ASESOR_2,ENERGIA,CH316,C,2689.58,3028.2,6
2026-05-27,2026-05-25,PED0001553,CLI_0039,ROSARIO,ASESOR_1,AUTOPARTES,CAÑOS Y TUBOS,A,2049.49,1816.3,3
2026-05-29,2026-05-25,PED0001554,CLI_0035,ROSARIO,ASESOR_6,METALMECANICA,BULONERIA,C,1441.86,1776.7,1
2026-05-29,2026-05-25,PED0001554,CLI_0035,ROSARIO,ASESOR_6,METALMECANICA,CAÑOS Y TUBOS,C,1839.2,2635.9,6
2026-05-28,2026-05-25,PED0001555,CLI_0016,CORDOBA,ASESOR_6,AUTOPARTES,CH304,C,1677.44,2219.3,6
2026-05-28,2026-05-25,PED0001555,CLI_0016,CORDOBA,ASESOR_6,AUTOPARTES,CH316,C,1171.08,1393.4,3
2026-05-27,2026-05-25,PED0001556,CLI_0006,CAPITAL,ASESOR_4,AGRO,CH430,A,701.3,689.2,3
2026-05-28,2026-05-25,PED0001557,CLI_0038,CAPITAL,ASESOR_2,AUTOPARTES,CH316,C,3099.99,3315.2,2
2026-05-29,2026-05-25,PED0001558,CLI_0013,ROSARIO,ASESOR_2,AUTOPARTES,CH304,B,842.27,896.3,5
2026-05-29,2026-05-25,PED0001558,CLI_0013,ROSARIO,ASESOR_2,AUTOPARTES,CH316,B,1786.41,1737.1,1
2026-05-28,2026-05-25,PED0001559,CLI_0038,ROSARIO,ASESOR_1,AUTOPARTES,BULONERIA,A,1385.51,1851.4,4
2026-05-26,2026-05-25,PED0001560,CLI_0023,MENDOZA,ASESOR_3,CONSTRUCCION,PERFILES,B,1606.29,2330.8,2
2026-05-26,2026-05-25,PED0001560,CLI_0023,MENDOZA,ASESOR_3,CONSTRUCCION,BULONERIA,B,2603.73,2201.0,3
2026-05-26,2026-05-25,PED0001561,CLI_0005,CORDOBA,ASESOR_2,CONSTRUCCION,PERFILES,A,3329.34,3117.9,1
2026-05-26,2026-05-25,PED0001561,CLI_0005,CORDOBA,ASESOR_2,CONSTRUCCION,CH430,A,1116.77,1533.8,2
2026-05-29,2026-05-25,PED0001562,CLI_0008,CAPITAL,ASESOR_2,ENERGIA,CH304,B,3024.15,2813.8,2
2026-05-29,2026-05-25,PED0001562,CLI_0008,CAPITAL,ASESOR_2,ENERGIA,BULONERIA,B,1924.11,1743.1,1
2026-05-27,2026-05-25,PED0001563,CLI_0043,CORDOBA,ASESOR_1,METALMECANICA,PERFILES,C,3205.12,5021.6,4
2026-05-27,2026-05-25,PED0001563,CLI_0043,CORDOBA,ASESOR_1,METALMECANICA,CAÑOS Y TUBOS,C,1588.44,2148.8,3
2026-05-27,2026-05-25,PED0001564,CLI_0033,CORDOBA,ASESOR_4,CONSTRUCCION,CH430,C,1391.95,1366.8,4
2026-05-29,2026-05-25,PED0001565,CLI_0034,ROSARIO,ASESOR_6,METALMECANICA,CH304,C,1009.15,839.7,5
2026-05-29,2026-05-25,PED0001565,CLI_0034,ROSARIO,ASESOR_6,METALMECANICA,CH316,C,1636.15,1758.2,4
2026-05-29,2026-05-25,PED0001565,CLI_0034,ROSARIO,ASESOR_6,METALMECANICA,PERFILES,C,2418.59,2480.0,3
2026-05-28,2026-05-25,PED0001566,CLI_0039,ROSARIO,ASESOR_2,METALMECANICA,CH304,B,888.65,771.0,1
2026-05-28,2026-05-25,PED0001566,CLI_0039,ROSARIO,ASESOR_2,METALMECANICA,CH316,B,1160.98,1354.1,5
2026-05-28,2026-05-25,PED0001567,CLI_0017,CAPITAL,ASESOR_2,AGRO,BULONERIA,C,1379.5,2114.9,1
2026-05-28,2026-05-25,PED0001567,CLI_0017,CAPITAL,ASESOR_2,AGRO,PERFILES,C,1588.94,1334.1,4
2026-05-29,2026-05-25,PED0001568,CLI_0034,CORDOBA,ASESOR_6,CONSTRUCCION,CH304,C,1467.69,1901.5,3
2026-05-28,2026-05-25,PED0001569,CLI_0018,CORDOBA,ASESOR_2,ENERGIA,CH316,B,889.2,1061.5,4
2026-05-26,2026-05-25,PED0001570,CLI_0014,CORDOBA,ASESOR_2,AUTOPARTES,CH430,C,1073.1,955.5,2
2026-05-29,2026-05-25,PED0001571,CLI_0018,MENDOZA,ASESOR_6,AGRO,CAÑOS Y TUBOS,C,1658.75,1329.0,5
2026-05-29,2026-05-25,PED0001571,CLI_0018,MENDOZA,ASESOR_6,AGRO,CH316,C,1672.48,1608.7,3
2026-05-29,2026-05-25,PED0001571,CLI_0018,MENDOZA,ASESOR_6,AGRO,PERFILES,C,1560.25,1800.9,1
2026-05-25,2026-05-25,PED0001572,CLI_0022,CORDOBA,ASESOR_5,ENERGIA,CH304,B,1620.02,1309.4,3
2026-05-26,2026-05-25,PED0001573,CLI_0008,MENDOZA,ASESOR_5,AGRO,CAÑOS Y TUBOS,A,1301.34,1771.9,2
2026-05-26,2026-05-25,PED0001573,CLI_0008,MENDOZA,ASESOR_5,AGRO,BULONERIA,A,2059.48,2693.2,2
2026-05-26,2026-05-25,PED0001574,CLI_0007,ROSARIO,ASESOR_5,AGRO,CAÑOS Y TUBOS,B,2369.0,3401.5,2
2026-05-28,2026-05-25,PED0001575,CLI_0025,CORDOBA,ASESOR_5,AUTOPARTES,CH304,A,1154.16,1481.6,1
2026-05-25,2026-05-25,PED0001576,CLI_0028,CORDOBA,ASESOR_5,AUTOPARTES,CAÑOS Y TUBOS,A,1274.17,1173.9,3
2026-05-26,2026-05-25,PED0001577,CLI_0023,CORDOBA,ASESOR_6,ENERGIA,BULONERIA,B,2521.63,3320.0,2
2026-05-25,2026-05-25,PED0001578,CLI_0030,CORDOBA,ASESOR_6,AUTOPARTES,CH430,A,1381.34,1135.0,6
2026-05-26,2026-05-25,PED0001579,CLI_0029,CORDOBA,ASESOR_1,AUTOPARTES,CH304,B,1246.15,1529.7,2
2026-05-26,2026-05-25,PED0001579,CLI_0029,CORDOBA,ASESOR_1,AUTOPARTES,BULONERIA,B,2403.87,2225.1,6
2026-05-25,2026-05-25,PED0001580,CLI_0016,CAPITAL,ASESOR_2,AUTOPARTES,CH430,A,905.11,1384.2,1
2026-05-28,2026-05-25,PED0001581,CLI_0020,CORDOBA,ASESOR_5,AUTOPARTES,CAÑOS Y TUBOS,C,1333.18,1075.5,5
2026-05-25,2026-05-25,PED0001582,CLI_0009,CAPITAL,ASESOR_5,AGRO,CH430,B,1012.53,1488.2,6
2026-05-28,2026-05-25,PED0001583,CLI_0032,CAPITAL,ASESOR_1,METALMECANICA,PERFILES,A,1610.1,2359.6,5
2026-05-28,2026-05-25,PED0001584,CLI_0041,CORDOBA,ASESOR_6,METALMECANICA,BULONERIA,C,2285.46,3152.5,2
2026-05-28,2026-05-25,PED0001584,CLI_0041,CORDOBA,ASESOR_6,METALMECANICA,CH304,C,1262.72,1192.3,5
2026-05-25,2026-05-25,PED0001585,CLI_0031,ROSARIO,ASESOR_6,METALMECANICA,CH304,C,1003.03,853.8,3
2026-05-27,2026-05-25,PED0001586,CLI_0004,ROSARIO,ASESOR_5,AGRO,PERFILES,B,2433.83,3310.0,1
2026-05-27,2026-05-25,PED0001586,CLI_0004,ROSARIO,ASESOR_5,AGRO,BULONERIA,B,1004.91,1497.5,4
2026-05-29,2026-05-25,PED0001587,CLI_0005,ROSARIO,ASESOR_4,ENERGIA,CH304,C,1118.6,1073.1,6
2026-05-29,2026-05-25,PED0001587,CLI_0005,ROSARIO,ASESOR_4,ENERGIA,CH316,C,1469.53,1242.6,4
2026-05-25,2026-05-25,PED0001588,CLI_0012,MENDOZA,ASESOR_4,CONSTRUCCION,CH430,C,1493.42,2088.4,5
2026-05-25,2026-05-25,PED0001589,CLI_0018,CORDOBA,ASESOR_2,ENERGIA,CH304,B,1284.13,1211.7,2
2026-05-26,2026-05-25,PED0001590,CLI_0014,ROSARIO,ASESOR_5,CONSTRUCCION,PERFILES,C,1670.38,1868.3,6
2026-05-26,2026-05-25,PED0001590,CLI_0014,ROSARIO,ASESOR_5,CONSTRUCCION,CH316,C,1385.38,2020.0,4
2026-05-26,2026-05-25,PED0001590,CLI_0014,ROSARIO,ASESOR_5,CONSTRUCCION,CH304,C,1351.84,2009.2,2
2026-05-26,2026-05-25,PED0001591,CLI_0004,ROSARIO,ASESOR_5,ENERGIA,CAÑOS Y TUBOS,C,2406.79,3148.1,6
2026-05-26,2026-05-25,PED0001591,CLI_0004,ROSARIO,ASESOR_5,ENERGIA,CH304,C,1368.46,2094.3,4
2026-05-29,2026-05-25,PED0001592,CLI_0023,ROSARIO,ASESOR_4,METALMECANICA,CH304,A,833.71,716.6,2
2026-05-25,2026-05-25,PED0001593,CLI_0029,ROSARIO,ASESOR_2,AUTOPARTES,PERFILES,C,1980.63,1880.5,6
2026-05-25,2026-05-25,PED0001593,CLI_0029,ROSARIO,ASESOR_2,AUTOPARTES,CH316,C,1505.76,2235.9,5
2026-05-28,2026-05-25,PED0001594,CLI_0024,MENDOZA,ASESOR_3,CONSTRUCCION,BULONERIA,B,1675.41,2353.0,6
2026-05-29,2026-05-25,PED0001595,CLI_0032,CORDOBA,ASESOR_5,AUTOPARTES,BULONERIA,A,2522.56,2517.2,1
2026-05-25,2026-05-25,PED0001596,CLI_0006,ROSARIO,ASESOR_4,ENERGIA,PERFILES,B,2350.62,2543.1,5
2026-05-27,2026-05-25,PED0001597,CLI_0028,MENDOZA,ASESOR_5,ENERGIA,CAÑOS Y TUBOS,C,1242.7,1665.8,6
2026-05-29,2026-05-25,PED0001598,CLI_0042,ROSARIO,ASESOR_6,METALMECANICA,CH316,B,1514.04,1639.9,1
2026-05-29,2026-05-25,PED0001599,CLI_0044,ROSARIO,ASESOR_3,METALMECANICA,CH316,B,1309.35,1678.4,6
2026-05-29,2026-05-25,PED0001599,CLI_0044,ROSARIO,ASESOR_3,METALMECANICA,CH430,B,1176.57,1540.3,4
2026-06-04,2026-06-01,PED0001600,CLI_0001,CORDOBA,ASESOR_2,ENERGIA,CAÑOS Y TUBOS,C,1218.08,1576.0,4
2026-06-04,2026-06-01,PED0001601,CLI_0043,CORDOBA,ASESOR_1,METALMECANICA,CH304,C,1443.43,1842.2,3
2026-06-04,2026-06-01,PED0001602,CLI_0031,MENDOZA,ASESOR_3,ENERGIA,PERFILES,B,1472.53,1894.6,5
2026-06-04,2026-06-01,PED0001603,CLI_0033,CORDOBA,ASESOR_1,METALMECANICA,BULONERIA,B,2010.19,2249.3,5
2026-06-01,2026-06-01,PED0001604,CLI_0017,CAPITAL,ASESOR_4,AGRO,CH430,C,679.44,872.4,6
2026-06-01,2026-06-01,PED0001605,CLI_0015,MENDOZA,ASESOR_1,AGRO,CH316,C,1776.97,1477.1,4
2026-06-05,2026-06-01,PED0001606,CLI_0001,CORDOBA,ASESOR_5,ENERGIA,PERFILES,C,3354.5,3645.9,1
2026-06-02,2026-06-01,PED0001607,CLI_0009,ROSARIO,ASESOR_1,ENERGIA,CH304,C,1002.74,1455.8,5
2026-06-02,2026-06-01,PED0001607,CLI_0009,ROSARIO,ASESOR_1,ENERGIA,CH430,C,1056.07,1347.6,4
2026-06-02,2026-06-01,PED0001607,CLI_0009,ROSARIO,ASESOR_1,ENERGIA,CAÑOS Y TUBOS,C,2114.29,3137.0,1
2026-06-03,2026-06-01,PED0001608,CLI_0031,CORDOBA,ASESOR_4,AUTOPARTES,CH304,A,1086.78,1169.3,4
2026-06-03,2026-06-01,PED0001608,CLI_0031,CORDOBA,ASESOR_4,AUTOPARTES,BULONERIA,A,2464.28,2766.5,5
2026-06-03,2026-06-01,PED0001608,CLI_0031,CORDOBA,ASESOR_4,AUTOPARTES,CH316,A,1293.43,1840.3,3
2026-06-05,2026-06-01,PED0001609,CLI_0004,ROSARIO,ASESOR_1,AGRO,PERFILES,B,1811.68,2084.6,5
2026-06-04,2026-06-01,PED0001610,CLI_0045,CORDOBA,ASESOR_4,METALMECANICA,CH304,C,1168.38,1755.6,1
2026-06-04,2026-06-01,PED0001610,CLI_0045,CORDOBA,ASESOR_4,METALMECANICA,BULONERIA,C,1669.81,2178.8,2
2026-06-04,2026-06-01,PED0001610,CLI_0045,CORDOBA,ASESOR_4,METALMECANICA,CAÑOS Y TUBOS,C,1429.41,2159.6,1
2026-06-03,2026-06-01,PED0001611,CLI_0013,CAPITAL,ASESOR_2,AGRO,PERFILES,C,1982.21,2209.6,3
2026-06-03,2026-06-01,PED0001612,CLI_0007,CORDOBA,ASESOR_4,ENERGIA,CH304,C,1320.11,1887.7,2
2026-06-04,2026-06-01,PED0001613,CLI_0015,CAPITAL,ASESOR_3,AGRO,CAÑOS Y TUBOS,C,2136.57,2024.2,2
2026-06-03,2026-06-01,PED0001614,CLI_0031,CAPITAL,ASESOR_5,CONSTRUCCION,CH304,B,2721.46,2846.2,4
2026-06-03,2026-06-01,PED0001615,CLI_0009,CORDOBA,ASESOR_5,AGRO,PERFILES,C,2625.25,2302.6,2
2026-06-03,2026-06-01,PED0001615,CLI_0009,CORDOBA,ASESOR_5,AGRO,CAÑOS Y TUBOS,C,1508.49,1584.0,4
2026-06-02,2026-06-01,PED0001616,CLI_0006,CAPITAL,ASESOR_2,AGRO,BULONERIA,B,2072.72,3149.7,1
2026-06-01,2026-06-01,PED0001617,CLI_0011,CAPITAL,ASESOR_6,AUTOPARTES,CH304,B,3749.8,4920.0,6
2026-06-01,2026-06-01,PED0001617,CLI_0011,CAPITAL,ASESOR_6,AUTOPARTES,CAÑOS Y TUBOS,B,2326.66,2782.0,4
2026-06-01,2026-06-01,PED0001617,CLI_0011,CAPITAL,ASESOR_6,AUTOPARTES,CH316,B,3615.39,4442.8,5
2026-06-05,2026-06-01,PED0001618,CLI_0041,ROSARIO,ASESOR_5,AGRO,CH316,C,1494.55,1560.6,6
2026-06-05,2026-06-01,PED0001619,CLI_0033,CORDOBA,ASESOR_2,AGRO,CH430,A,1375.77,1594.4,1
2026-06-03,2026-06-01,PED0001620,CLI_0001,CORDOBA,ASESOR_1,ENERGIA,CH304,C,1236.1,1437.9,3
2026-06-02,2026-06-01,PED0001621,CLI_0019,MENDOZA,ASESOR_2,AGRO,PERFILES,C,1940.55,2876.9,3
2026-06-05,2026-06-01,PED0001622,CLI_0032,CAPITAL,ASESOR_4,CONSTRUCCION,CH430,B,805.22,1224.8,2
2026-06-01,2026-06-01,PED0001623,CLI_0017,CAPITAL,ASESOR_3,AUTOPARTES,CH304,B,3141.19,3571.6,1
2026-06-04,2026-06-01,PED0001624,CLI_0003,ROSARIO,ASESOR_2,ENERGIA,PERFILES,C,2476.24,3084.0,3
2026-06-04,2026-06-01,PED0001624,CLI_0003,ROSARIO,ASESOR_2,ENERGIA,CAÑOS Y TUBOS,C,2753.28,3259.7,4
2026-06-04,2026-06-01,PED0001624,CLI_0003,ROSARIO,ASESOR_2,ENERGIA,CH316,C,1216.25,1250.5,5
2026-06-02,2026-06-01,PED0001625,CLI_0019,MENDOZA,ASESOR_2,AGRO,BULONERIA,C,1960.12,2080.4,6
2026-06-01,2026-06-01,PED0001626,CLI_0019,ROSARIO,ASESOR_3,AUTOPARTES,PERFILES,B,2531.28,2746.4,6
2026-06-04,2026-06-01,PED0001627,CLI_0036,MENDOZA,ASESOR_2,AGRO,CAÑOS Y TUBOS,B,1438.56,1586.9,2
2026-06-02,2026-06-01,PED0001628,CLI_0013,MENDOZA,ASESOR_5,CONSTRUCCION,CH316,C,1519.52,1528.0,4
2026-06-02,2026-06-01,PED0001628,CLI_0013,MENDOZA,ASESOR_5,CONSTRUCCION,PERFILES,C,1851.26,2117.9,3
2026-06-01,2026-06-01,PED0001629,CLI_0031,CAPITAL,ASESOR_5,ENERGIA,PERFILES,C,1703.7,1826.8,2
2026-06-02,2026-06-01,PED0001630,CLI_0039,CAPITAL,ASESOR_5,AUTOPARTES,CH304,C,3157.37,3560.5,5
2026-06-03,2026-06-01,PED0001631,CLI_0018,CORDOBA,ASESOR_3,AUTOPARTES,PERFILES,C,2583.96,3619.8,6
2026-06-03,2026-06-01,PED0001631,CLI_0018,CORDOBA,ASESOR_3,AUTOPARTES,BULONERIA,C,2306.49,2690.0,3
2026-06-04,2026-06-01,PED0001632,CLI_0025,MENDOZA,ASESOR_2,ENERGIA,BULONERIA,C,2248.09,3154.9,2
2026-06-04,2026-06-01,PED0001633,CLI_0034,CAPITAL,ASESOR_5,CONSTRUCCION,CAÑOS Y TUBOS,A,1986.87,3015.6,6
2026-06-04,2026-06-01,PED0001633,CLI_0034,CAPITAL,ASESOR_5,CONSTRUCCION,PERFILES,A,1901.28,2768.3,3
2026-06-01,2026-06-01,PED0001634,CLI_0008,ROSARIO,ASESOR_6,ENERGIA,CH430,C,1368.37,1673.9,3
2026-06-04,2026-06-01,PED0001635,CLI_0007,CORDOBA,ASESOR_1,AGRO,CH316,C,1095.49,1219.3,5
2026-06-02,2026-06-01,PED0001636,CLI_0034,CAPITAL,ASESOR_1,AUTOPARTES,CH430,C,1013.39,1498.9,1
2026-06-05,2026-06-01,PED0001637,CLI_0041,CAPITAL,ASESOR_5,AUTOPARTES,CH430,C,934.4,1410.9,1
2026-06-03,2026-06-01,PED0001638,CLI_0036,ROSARIO,ASESOR_1,METALMECANICA,PERFILES,B,2529.11,3894.0,5
2026-06-05,2026-06-01,PED0001639,CLI_0021,ROSARIO,ASESOR_2,AGRO,CH304,A,1252.4,1467.5,6
2026-06-01,2026-06-01,PED0001640,CLI_0012,CAPITAL,ASESOR_6,AGRO,CH304,A,3212.1,4592.7,1
2026-06-01,2026-06-01,PED0001640,CLI_0012,CAPITAL,ASESOR_6,AGRO,BULONERIA,A,1344.29,2106.3,5
2026-06-03,2026-06-01,PED0001641,CLI_0041,ROSARIO,ASESOR_5,METALMECANICA,BULONERIA,B,1217.61,1533.2,6
2026-06-01,2026-06-01,PED0001642,CLI_0032,CORDOBA,ASESOR_5,CONSTRUCCION,CH304,C,1672.66,1738.7,6
2026-06-05,2026-06-01,PED0001643,CLI_0041,MENDOZA,ASESOR_2,METALMECANICA,CAÑOS Y TUBOS,A,1671.7,1524.4,4
2026-06-05,2026-06-01,PED0001644,CLI_0007,CAPITAL,ASESOR_2,AGRO,CH430,B,783.9,1015.1,6
2026-06-01,2026-06-01,PED0001645,CLI_0007,CAPITAL,ASESOR_6,AGRO,CH430,B,877.66,875.1,6
2026-06-05,2026-06-01,PED0001646,CLI_0036,CORDOBA,ASESOR_4,METALMECANICA,CH430,B,1489.55,1329.5,4
2026-06-02,2026-06-01,PED0001647,CLI_0037,CORDOBA,ASESOR_2,METALMECANICA,CH316,C,1075.51,1253.6,2
2026-06-02,2026-06-01,PED0001647,CLI_0037,CORDOBA,ASESOR_2,METALMECANICA,CAÑOS Y TUBOS,C,1516.15,1724.6,6
2026-06-03,2026-06-01,PED0001648,CLI_0020,MENDOZA,ASESOR_4,CONSTRUCCION,CH304,B,2600.63,2610.8,1
2026-06-03,2026-06-01,PED0001649,CLI_0017,MENDOZA,ASESOR_1,CONSTRUCCION,CH316,C,1469.57,2137.5,3
2026-06-03,2026-06-01,PED0001649,CLI_0017,MENDOZA,ASESOR_1,CONSTRUCCION,CH430,C,1170.58,1185.2,3
2026-06-01,2026-06-01,PED0001650,CLI_0042,CAPITAL,ASESOR_1,AUTOPARTES,CH316,C,2399.66,2193.7,4
2026-06-01,2026-06-01,PED0001651,CLI_0035,ROSARIO,ASESOR_4,AUTOPARTES,CH430,C,1323.27,1538.5,5
2026-06-05,2026-06-01,PED0001652,CLI_0036,ROSARIO,ASESOR_5,AGRO,CH304,C,1065.67,1195.4,6
2026-06-03,2026-06-01,PED0001653,CLI_0022,CAPITAL,ASESOR_5,AUTOPARTES,PERFILES,A,1927.76,2705.6,3
2026-06-03,2026-06-01,PED0001653,CLI_0022,CAPITAL,ASESOR_5,AUTOPARTES,CAÑOS Y TUBOS,A,1518.4,2073.4,3
2026-06-03,2026-06-01,PED0001653,CLI_0022,CAPITAL,ASESOR_5,AUTOPARTES,CH430,A,916.94,1388.4,2
2026-06-01,2026-06-01,PED0001654,CLI_0003,MENDOZA,ASESOR_1,METALMECANICA,CAÑOS Y TUBOS,B,1821.52,2892.8,1
2026-06-01,2026-06-01,PED0001654,CLI_0003,MENDOZA,ASESOR_1,METALMECANICA,PERFILES,B,1962.95,2888.1,3
2026-06-05,2026-06-01,PED0001655,CLI_0017,CAPITAL,ASESOR_2,AGRO,PERFILES,C,1665.33,1922.7,6
2026-06-05,2026-06-01,PED0001655,CLI_0017,CAPITAL,ASESOR_2,AGRO,CAÑOS Y TUBOS,C,1751.31,2118.3,6
2026-06-05,2026-06-01,PED0001655,CLI_0017,CAPITAL,ASESOR_2,AGRO,CH316,C,2758.85,3100.3,4
2026-06-05,2026-06-01,PED0001656,CLI_0003,MENDOZA,ASESOR_1,AGRO,CH304,A,3382.28,3650.4,5
2026-06-02,2026-06-01,PED0001657,CLI_0035,MENDOZA,ASESOR_1,AUTOPARTES,CH316,B,1783.26,2744.5,1
2026-06-04,2026-06-01,PED0001658,CLI_0011,ROSARIO,ASESOR_2,CONSTRUCCION,CH304,C,982.42,1005.6,1
2026-06-01,2026-06-01,PED0001659,CLI_0031,CAPITAL,ASESOR_6,METALMECANICA,CH316,C,2977.13,4241.3,5
2026-06-01,2026-06-01,PED0001659,CLI_0031,CAPITAL,ASESOR_6,METALMECANICA,CH430,C,964.46,817.5,4
2026-06-05,2026-06-01,PED0001660,CLI_0028,CORDOBA,ASESOR_1,AUTOPARTES,CH304,A,1160.67,1290.5,3
2026-06-05,2026-06-01,PED0001660,CLI_0028,CORDOBA,ASESOR_1,AUTOPARTES,PERFILES,A,3400.48,4282.8,2
2026-06-05,2026-06-01,PED0001660,CLI_0028,CORDOBA,ASESOR_1,AUTOPARTES,CAÑOS Y TUBOS,A,1248.19,1371.2,4
2026-06-02,2026-06-01,PED0001661,CLI_0032,CORDOBA,ASESOR_2,AUTOPARTES,CH304,B,1130.34,1653.4,1
2026-06-01,2026-06-01,PED0001662,CLI_0007,CAPITAL,ASESOR_2,AGRO,CH316,B,3142.05,2889.0,4
2026-06-01,2026-06-01,PED0001662,CLI_0007,CAPITAL,ASESOR_2,AGRO,CH304,B,3015.54,3987.3,1
2026-06-04,2026-06-01,PED0001663,CLI_0009,ROSARIO,ASESOR_1,CONSTRUCCION,CAÑOS Y TUBOS,C,2485.49,2379.3,5
2026-06-04,2026-06-01,PED0001663,CLI_0009,ROSARIO,ASESOR_1,CONSTRUCCION,CH316,C,1493.79,1207.0,4
2026-06-04,2026-06-01,PED0001663,CLI_0009,ROSARIO,ASESOR_1,CONSTRUCCION,CH304,C,1097.55,1152.9,1
2026-06-01,2026-06-01,PED0001664,CLI_0014,CAPITAL,ASESOR_4,AUTOPARTES,CH316,A,3120.71,2969.7,1
2026-06-01,2026-06-01,PED0001664,CLI_0014,CAPITAL,ASESOR_4,AUTOPARTES,PERFILES,A,1751.49,1641.7,1
2026-06-05,2026-06-01,PED0001665,CLI_0031,CAPITAL,ASESOR_2,ENERGIA,CH304,C,3335.0,3990.3,2
2026-06-04,2026-06-01,PED0001666,CLI_0005,CAPITAL,ASESOR_1,AGRO,CAÑOS Y TUBOS,B,1949.45,2412.9,1
2026-06-04,2026-06-01,PED0001666,CLI_0005,CAPITAL,ASESOR_1,AGRO,CH304,B,3054.7,2459.1,3
2026-06-02,2026-06-01,PED0001667,CLI_0028,CORDOBA,ASESOR_2,METALMECANICA,CH430,A,1095.23,1002.5,6
2026-06-02,2026-06-01,PED0001667,CLI_0028,CORDOBA,ASESOR_2,METALMECANICA,CH316,A,1027.39,940.3,2
2026-06-01,2026-06-01,PED0001668,CLI_0038,ROSARIO,ASESOR_5,AGRO,CH430,C,1397.08,1648.0,2
2026-06-01,2026-06-01,PED0001668,CLI_0038,ROSARIO,ASESOR_5,AGRO,CAÑOS Y TUBOS,C,2250.99,1841.5,6
2026-06-02,2026-06-01,PED0001669,CLI_0006,ROSARIO,ASESOR_4,AGRO,CH304,B,1195.18,1532.4,3
2026-06-03,2026-06-01,PED0001670,CLI_0014,CAPITAL,ASESOR_6,AUTOPARTES,CH430,B,847.02,766.7,1
2026-06-03,2026-06-01,PED0001670,CLI_0014,CAPITAL,ASESOR_6,AUTOPARTES,CH304,B,3211.02,2852.5,5
2026-06-03,2026-06-01,PED0001671,CLI_0009,CAPITAL,ASESOR_2,METALMECANICA,PERFILES,B,1427.06,1776.4,5
2026-06-03,2026-06-01,PED0001671,CLI_0009,CAPITAL,ASESOR_2,METALMECANICA,CAÑOS Y TUBOS,B,2048.35,1846.6,4
2026-06-03,2026-06-01,PED0001672,CLI_0021,MENDOZA,ASESOR_1,CONSTRUCCION,CH304,B,2785.47,2742.5,6
2026-06-03,2026-06-01,PED0001673,CLI_0020,CAPITAL,ASESOR_5,CONSTRUCCION,PERFILES,C,1289.22,1341.6,1
2026-06-03,2026-06-01,PED0001673,CLI_0020,CAPITAL,ASESOR_5,CONSTRUCCION,CH316,C,3028.73,4208.7,5
2026-06-02,2026-06-01,PED0001674,CLI_0003,ROSARIO,ASESOR_4,ENERGIA,CH316,C,1462.92,1767.0,3
2026-06-02,2026-06-01,PED0001674,CLI_0003,ROSARIO,ASESOR_4,ENERGIA,CH430,C,1185.02,1849.2,5
2026-06-04,2026-06-01,PED0001675,CLI_0035,ROSARIO,ASESOR_1,AUTOPARTES,CAÑOS Y TUBOS,C,2024.99,2777.3,1
2026-06-02,2026-06-01,PED0001676,CLI_0039,ROSARIO,ASESOR_1,AUTOPARTES,CH430,A,1446.22,2037.9,1
2026-06-02,2026-06-01,PED0001676,CLI_0039,ROSARIO,ASESOR_1,AUTOPARTES,BULONERIA,A,986.53,803.6,5
2026-06-02,2026-06-01,PED0001676,CLI_0039,ROSARIO,ASESOR_1,AUTOPARTES,CH304,A,1042.62,1495.8,6
2026-06-01,2026-06-01,PED0001677,CLI_0014,MENDOZA,ASESOR_4,AUTOPARTES,PERFILES,C,1972.13,2474.0,1
2026-06-01,2026-06-01,PED0001678,CLI_0028,CAPITAL,ASESOR_3,CONSTRUCCION,CH304,B,3199.79,4457.7,2
2026-06-01,2026-06-01,PED0001678,CLI_0028,CAPITAL,ASESOR_3,CONSTRUCCION,CAÑOS Y TUBOS,B,2185.82,1991.5,4
2026-06-05,2026-06-01,PED0001679,CLI_0008,ROSARIO,ASESOR_4,ENERGIA,CH304,C,1134.21,1572.5,3
2026-06-04,2026-06-01,PED0001680,CLI_0007,CAPITAL,ASESOR_5,METALMECANICA,CH304,B,2356.93,3010.7,5
2026-06-01,2026-06-01,PED0001681,CLI_0029,CORDOBA,ASESOR_6,AUTOPARTES,CH316,B,856.91,751.4,1
2026-06-01,2026-06-01,PED0001681,CLI_0029,CORDOBA,ASESOR_6,AUTOPARTES,CAÑOS Y TUBOS,B,1348.3,1792.9,5
2026-06-05,2026-06-01,PED0001682,CLI_0013,CORDOBA,ASESOR_6,AGRO,CH430,B,1098.77,1107.4,6
2026-06-05,2026-06-01,PED0001682,CLI_0013,CORDOBA,ASESOR_6,AGRO,CH316,B,818.77,892.8,3
2026-06-05,2026-06-01,PED0001682,CLI_0013,CORDOBA,ASESOR_6,AGRO,CH304,B,1590.64,1625.9,4
2026-06-03,2026-06-01,PED0001683,CLI_0005,CAPITAL,ASESOR_4,AGRO,BULONERIA,B,2103.27,2409.4,2
2026-06-03,2026-06-01,PED0001683,CLI_0005,CAPITAL,ASESOR_4,AGRO,CH430,B,997.25,874.0,5
2026-06-01,2026-06-01,PED0001684,CLI_0014,ROSARIO,ASESOR_3,CONSTRUCCION,CH316,C,1543.43,1868.6,5
2026-06-01,2026-06-01,PED0001684,CLI_0014,ROSARIO,ASESOR_3,CONSTRUCCION,BULONERIA,C,1530.98,1578.7,1
2026-06-05,2026-06-01,PED0001685,CLI_0037,ROSARIO,ASESOR_4,AUTOPARTES,CAÑOS Y TUBOS,A,2885.8,3388.1,3
2026-06-05,2026-06-01,PED0001685,CLI_0037,ROSARIO,ASESOR_4,AUTOPARTES,CH430,A,1299.4,1239.8,3
2026-06-05,2026-06-01,PED0001685,CLI_0037,ROSARIO,ASESOR_4,AUTOPARTES,PERFILES,A,1777.61,2745.4,3
2026-06-05,2026-06-01,PED0001686,CLI_0019,MENDOZA,ASESOR_1,CONSTRUCCION,PERFILES,B,2130.64,2644.8,3
2026-06-02,2026-06-01,PED0001687,CLI_0014,CAPITAL,ASESOR_5,CONSTRUCCION,CH430,C,929.01,956.4,4
2026-06-02,2026-06-01,PED0001687,CLI_0014,CAPITAL,ASESOR_5,CONSTRUCCION,BULONERIA,C,1436.84,1185.9,4
2026-06-01,2026-06-01,PED0001688,CLI_0044,ROSARIO,ASESOR_2,CONSTRUCCION,CH316,B,1478.14,1800.2,4
2026-06-02,2026-06-01,PED0001689,CLI_0015,CAPITAL,ASESOR_1,CONSTRUCCION,CH316,C,2495.71,2175.4,1
2026-06-02,2026-06-01,PED0001689,CLI_0015,CAPITAL,ASESOR_1,CONSTRUCCION,PERFILES,C,1751.9,1772.2,5
2026-06-02,2026-06-01,PED0001689,CLI_0015,CAPITAL,ASESOR_1,CONSTRUCCION,CAÑOS Y TUBOS,C,2086.84,1688.7,6
2026-06-03,2026-06-01,PED0001690,CLI_0034,MENDOZA,ASESOR_4,AGRO,CH304,B,3421.84,3573.7,2
2026-06-04,2026-06-01,PED0001691,CLI_0033,ROSARIO,ASESOR_4,METALMECANICA,CH304,C,1178.79,1257.0,1
2026-06-04,2026-06-01,PED0001691,CLI_0033,ROSARIO,ASESOR_4,METALMECANICA,BULONERIA,C,1179.28,1621.9,6
2026-06-03,2026-06-01,PED0001692,CLI_0005,ROSARIO,ASESOR_6,AGRO,PERFILES,B,2635.84,2283.8,4
2026-06-04,2026-06-01,PED0001693,CLI_0038,ROSARIO,ASESOR_2,AGRO,CH316,C,1400.35,1124.5,4
2026-06-04,2026-06-01,PED0001693,CLI_0038,ROSARIO,ASESOR_2,AGRO,CAÑOS Y TUBOS,C,2816.76,3838.9,4
2026-06-03,2026-06-01,PED0001694,CLI_0039,CORDOBA,ASESOR_6,METALMECANICA,PERFILES,C,3381.43,3900.8,3
2026-06-03,2026-06-01,PED0001694,CLI_0039,CORDOBA,ASESOR_6,METALMECANICA,CAÑOS Y TUBOS,C,1698.11,1757.1,4
2026-06-03,2026-06-01,PED0001694,CLI_0039,CORDOBA,ASESOR_6,METALMECANICA,BULONERIA,C,2540.72,3378.9,5
2026-06-04,2026-06-01,PED0001695,CLI_0009,CAPITAL,ASESOR_6,AUTOPARTES,CH304,B,3095.93,3673.9,3
2026-06-04,2026-06-01,PED0001695,CLI_0009,CAPITAL,ASESOR_6,AUTOPARTES,PERFILES,B,2011.0,1810.8,3
2026-06-04,2026-06-01,PED0001695,CLI_0009,CAPITAL,ASESOR_6,AUTOPARTES,CH430,B,1063.84,1541.9,3
2026-06-05,2026-06-01,PED0001696,CLI_0033,CAPITAL,ASESOR_3,METALMECANICA,CH304,C,2554.64,2731.0,6
2026-06-02,2026-06-01,PED0001697,CLI_0025,MENDOZA,ASESOR_3,ENERGIA,PERFILES,C,1987.38,1617.2,4
2026-06-05,2026-06-01,PED0001698,CLI_0032,CORDOBA,ASESOR_3,CONSTRUCCION,CH316,C,1108.29,957.8,2
2026-06-02,2026-06-01,PED0001699,CLI_0016,MENDOZA,ASESOR_2,CONSTRUCCION,CH430,C,1334.6,1910.0,5
2026-06-05,2026-06-01,PED0001700,CLI_0042,ROSARIO,ASESOR_6,CONSTRUCCION,PERFILES,B,2670.08,3001.5,1
2026-06-05,2026-06-01,PED0001700,CLI_0042,ROSARIO,ASESOR_6,CONSTRUCCION,CH304,B,1026.18,901.7,1
2026-06-03,2026-06-01,PED0001701,CLI_0038,CAPITAL,ASESOR_2,CONSTRUCCION,BULONERIA,A,1583.28,2282.6,2
2026-06-03,2026-06-01,PED0001702,CLI_0006,ROSARIO,ASESOR_1,CONSTRUCCION,PERFILES,C,1610.99,2507.9,4
2026-06-03,2026-06-01,PED0001702,CLI_0006,ROSARIO,ASESOR_1,CONSTRUCCION,CAÑOS Y TUBOS,C,1970.73,2701.5,6
2026-06-02,2026-06-01,PED0001703,CLI_0017,MENDOZA,ASESOR_1,CONSTRUCCION,CAÑOS Y TUBOS,B,1518.59,1934.3,5
2026-06-01,2026-06-01,PED0001704,CLI_0013,CAPITAL,ASESOR_1,CONSTRUCCION,CAÑOS Y TUBOS,C,2179.12,2162.9,6
2026-06-05,2026-06-01,PED0001705,CLI_0017,MENDOZA,ASESOR_6,CONSTRUCCION,BULONERIA,C,1742.19,2272.3,4
2026-06-05,2026-06-01,PED0001706,CLI_0001,ROSARIO,ASESOR_3,ENERGIA,PERFILES,C,2300.52,3396.3,6
2026-06-01,2026-06-01,PED0001707,CLI_0014,MENDOZA,ASESOR_5,AGRO,CAÑOS Y TUBOS,C,1363.06,1458.7,2
2026-06-05,2026-06-01,PED0001708,CLI_0035,CAPITAL,ASESOR_1,METALMECANICA,CAÑOS Y TUBOS,C,2114.49,2489.5,4
2026-06-05,2026-06-01,PED0001708,CLI_0035,CAPITAL,ASESOR_1,METALMECANICA,PERFILES,C,1706.28,1441.8,2
2026-06-05,2026-06-01,PED0001709,CLI_0036,MENDOZA,ASESOR_1,METALMECANICA,CH304,A,2728.42,4004.9,2
2026-06-05,2026-06-01,PED0001709,CLI_0036,MENDOZA,ASESOR_1,METALMECANICA,PERFILES,A,2081.37,2792.1,5
2026-06-05,2026-06-01,PED0001710,CLI_0001,MENDOZA,ASESOR_3,METALMECANICA,CH430,B,1432.89,1192.5,4
2026-06-01,2026-06-01,PED0001711,CLI_0042,CAPITAL,ASESOR_1,AUTOPARTES,BULONERIA,C,1661.04,1796.4,5
2026-06-01,2026-06-01,PED0001711,CLI_0042,CAPITAL,ASESOR_1,AUTOPARTES,PERFILES,C,1245.09,1165.1,3
2026-06-02,2026-06-01,PED0001712,CLI_0034,CORDOBA,ASESOR_2,AUTOPARTES,CH304,B,1329.16,1103.8,4
2026-06-04,2026-06-01,PED0001713,CLI_0018,MENDOZA,ASESOR_5,AGRO,CH304,C,3186.67,4288.6,3
2026-06-04,2026-06-01,PED0001713,CLI_0018,MENDOZA,ASESOR_5,AGRO,CAÑOS Y TUBOS,C,1159.84,1502.9,1
2026-06-01,2026-06-01,PED0001714,CLI_0038,ROSARIO,ASESOR_5,AGRO,BULONERIA,C,1020.96,1148.8,3
2026-06-02,2026-06-01,PED0001715,CLI_0011,ROSARIO,ASESOR_4,CONSTRUCCION,CH304,A,1377.21,2153.9,6
2026-06-05,2026-06-01,PED0001716,CLI_0005,CORDOBA,ASESOR_2,AGRO,CH316,C,1125.18,1159.9,3
2026-06-04,2026-06-01,PED0001717,CLI_0034,CAPITAL,ASESOR_2,CONSTRUCCION,CH304,A,2810.87,2762.8,2
2026-06-04,2026-06-01,PED0001717,CLI_0034,CAPITAL,ASESOR_2,CONSTRUCCION,BULONERIA,A,1424.83,2179.0,4
2026-06-04,2026-06-01,PED0001718,CLI_0022,MENDOZA,ASESOR_6,AGRO,CAÑOS Y TUBOS,C,1281.87,1915.4,5
2026-06-04,2026-06-01,PED0001718,CLI_0022,MENDOZA,ASESOR_6,AGRO,CH316,C,1705.73,1682.1,5
2026-06-03,2026-06-01,PED0001719,CLI_0029,CAPITAL,ASESOR_1,CONSTRUCCION,CAÑOS Y TUBOS,B,1875.13,2730.6,5
2026-06-03,2026-06-01,PED0001719,CLI_0029,CAPITAL,ASESOR_1,CONSTRUCCION,CH430,B,1029.26,1527.8,1
2026-06-03,2026-06-01,PED0001719,CLI_0029,CAPITAL,ASESOR_1,CONSTRUCCION,CH316,B,2895.71,2888.3,3
2026-06-04,2026-06-01,PED0001720,CLI_0004,CORDOBA,ASESOR_6,CONSTRUCCION,CH430,A,1128.1,1238.3,5
2026-06-04,2026-06-01,PED0001720,CLI_0004,CORDOBA,ASESOR_6,CONSTRUCCION,CH304,A,1404.42,1234.2,3
2026-06-04,2026-06-01,PED0001720,CLI_0004,CORDOBA,ASESOR_6,CONSTRUCCION,CH316,A,952.82,1049.2,6
2026-06-04,2026-06-01,PED0001721,CLI_0010,CAPITAL,ASESOR_6,ENERGIA,CH430,B,1029.05,1181.5,6
2026-06-02,2026-06-01,PED0001722,CLI_0044,CORDOBA,ASESOR_3,METALMECANICA,CH304,C,1364.9,1121.8,2
2026-06-03,2026-06-01,PED0001723,CLI_0030,CAPITAL,ASESOR_5,METALMECANICA,CAÑOS Y TUBOS,A,2350.2,3295.2,4
2026-06-03,2026-06-01,PED0001723,CLI_0030,CAPITAL,ASESOR_5,METALMECANICA,PERFILES,A,1759.8,1494.0,1
2026-06-01,2026-06-01,PED0001724,CLI_0022,MENDOZA,ASESOR_3,AGRO,CAÑOS Y TUBOS,C,1718.95,2531.0,5
2026-06-01,2026-06-01,PED0001724,CLI_0022,MENDOZA,ASESOR_3,AGRO,CH430,C,1438.51,1962.9,6
2026-06-03,2026-06-01,PED0001725,CLI_0013,ROSARIO,ASESOR_4,CONSTRUCCION,CAÑOS Y TUBOS,A,2622.3,2942.9,2
2026-06-01,2026-06-01,PED0001726,CLI_0031,MENDOZA,ASESOR_2,ENERGIA,CAÑOS Y TUBOS,B,1296.37,1047.8,6
2026-06-02,2026-06-01,PED0001727,CLI_0035,MENDOZA,ASESOR_6,AUTOPARTES,CH316,A,1426.59,1930.6,3
2026-06-02,2026-06-01,PED0001727,CLI_0035,MENDOZA,ASESOR_6,AUTOPARTES,PERFILES,A,1829.2,1782.2,5
2026-06-02,2026-06-01,PED0001727,CLI_0035,MENDOZA,ASESOR_6,AUTOPARTES,CAÑOS Y TUBOS,A,1430.08,1720.6,4
2026-06-05,2026-06-01,PED0001728,CLI_0021,CAPITAL,ASESOR_4,CONSTRUCCION,PERFILES,C,1266.28,1352.0,3
2026-06-05,2026-06-01,PED0001728,CLI_0021,CAPITAL,ASESOR_4,CONSTRUCCION,CH316,C,3623.38,3651.5,3
2026-06-05,2026-06-01,PED0001728,CLI_0021,CAPITAL,ASESOR_4,CONSTRUCCION,BULONERIA,C,2036.5,2749.0,5
2026-06-03,2026-06-01,PED0001729,CLI_0028,ROSARIO,ASESOR_4,AUTOPARTES,CAÑOS Y TUBOS,C,2941.85,4181.0,3
2026-06-03,2026-06-01,PED0001729,CLI_0028,ROSARIO,ASESOR_4,AUTOPARTES,BULONERIA,C,1069.25,1416.7,3
2026-06-05,2026-06-01,PED0001730,CLI_0018,MENDOZA,ASESOR_4,CONSTRUCCION,CAÑOS Y TUBOS,C,1299.35,1493.0,1
2026-06-05,2026-06-01,PED0001730,CLI_0018,MENDOZA,ASESOR_4,CONSTRUCCION,CH430,C,1279.14,1906.1,2
2026-06-05,2026-06-01,PED0001730,CLI_0018,MENDOZA,ASESOR_4,CONSTRUCCION,PERFILES,C,2026.96,2476.1,2
2026-06-04,2026-06-01,PED0001731,CLI_0029,ROSARIO,ASESOR_4,AUTOPARTES,CH316,C,1581.82,1487.5,6
2026-06-04,2026-06-01,PED0001731,CLI_0029,ROSARIO,ASESOR_4,AUTOPARTES,CH304,C,915.03,807.6,1
2026-06-04,2026-06-01,PED0001732,CLI_0001,MENDOZA,ASESOR_3,METALMECANICA,CH316,B,1124.3,1164.4,5
2026-06-04,2026-06-01,PED0001733,CLI_0019,CORDOBA,ASESOR_1,AGRO,CH316,B,1015.2,1575.6,4
2026-06-04,2026-06-01,PED0001733,CLI_0019,CORDOBA,ASESOR_1,AGRO,CH304,B,1726.11,1391.7,5
2026-06-05,2026-06-01,PED0001734,CLI_0012,ROSARIO,ASESOR_2,CONSTRUCCION,CH304,C,1387.02,2097.7,2
2026-06-05,2026-06-01,PED0001734,CLI_0012,ROSARIO,ASESOR_2,CONSTRUCCION,BULONERIA,C,1376.88,1397.4,1
2026-06-04,2026-06-01,PED0001735,CLI_0004,CAPITAL,ASESOR_4,ENERGIA,CH304,A,3747.41,5414.9,1
2026-06-03,2026-06-01,PED0001736,CLI_0016,MENDOZA,ASESOR_2,METALMECANICA,CH304,C,2885.37,2790.0,4
2026-06-03,2026-06-01,PED0001736,CLI_0016,MENDOZA,ASESOR_2,METALMECANICA,CH430,C,1431.44,1355.3,3
2026-06-02,2026-06-01,PED0001737,CLI_0021,MENDOZA,ASESOR_5,AUTOPARTES,CAÑOS Y TUBOS,C,1835.62,2813.5,1
2026-06-02,2026-06-01,PED0001737,CLI_0021,MENDOZA,ASESOR_5,AUTOPARTES,BULONERIA,C,2214.35,3468.4,1
2026-06-05,2026-06-01,PED0001738,CLI_0008,MENDOZA,ASESOR_3,AGRO,PERFILES,A,1398.79,1794.5,6
2026-06-05,2026-06-01,PED0001738,CLI_0008,MENDOZA,ASESOR_3,AGRO,CH430,A,1290.19,1163.5,6
2026-06-02,2026-06-01,PED0001739,CLI_0012,ROSARIO,ASESOR_4,AUTOPARTES,CH304,B,1026.6,860.5,5
2026-06-02,2026-06-01,PED0001739,CLI_0012,ROSARIO,ASESOR_4,AUTOPARTES,CAÑOS Y TUBOS,B,2780.53,2356.8,4
2026-06-02,2026-06-01,PED0001739,CLI_0012,ROSARIO,ASESOR_4,AUTOPARTES,CH316,B,1590.68,1848.5,6
2026-06-03,2026-06-01,PED0001740,CLI_0045,CORDOBA,ASESOR_2,METALMECANICA,CH316,C,1130.71,1144.1,6
2026-06-05,2026-06-01,PED0001741,CLI_0045,CORDOBA,ASESOR_1,METALMECANICA,CH304,C,1348.84,1613.4,3
2026-06-01,2026-06-01,PED0001742,CLI_0034,MENDOZA,ASESOR_1,AUTOPARTES,CH316,A,1116.54,1059.5,1
2026-06-01,2026-06-01,PED0001742,CLI_0034,MENDOZA,ASESOR_1,AUTOPARTES,PERFILES,A,2090.38,2971.1,3
2026-06-05,2026-06-01,PED0001743,CLI_0046,ROSARIO,ASESOR_5,CONSTRUCCION,PERFILES,B,2569.06,2771.5,2
2026-06-05,2026-06-01,PED0001743,CLI_0046,ROSARIO,ASESOR_5,CONSTRUCCION,CH316,B,1252.79,1175.9,2
2026-06-05,2026-06-01,PED0001743,CLI_0046,ROSARIO,ASESOR_5,CONSTRUCCION,BULONERIA,B,1102.64,941.4,2
2026-06-01,2026-06-01,PED0001744,CLI_0011,CORDOBA,ASESOR_6,AGRO,BULONERIA,B,2714.59,2787.7,6
2026-06-01,2026-06-01,PED0001744,CLI_0011,CORDOBA,ASESOR_6,AGRO,CH316,B,1182.07,977.2,4
2026-06-02,2026-06-01,PED0001745,CLI_0015,CORDOBA,ASESOR_6,AUTOPARTES,CH430,C,1573.65,2004.3,2
2026-06-02,2026-06-01,PED0001745,CLI_0015,CORDOBA,ASESOR_6,AUTOPARTES,CH316,C,816.17,1003.8,3
2026-06-02,2026-06-01,PED0001745,CLI_0015,CORDOBA,ASESOR_6,AUTOPARTES,CAÑOS Y TUBOS,C,1530.7,2131.2,6
2026-06-03,2026-06-01,PED0001746,CLI_0031,ROSARIO,ASESOR_1,AUTOPARTES,PERFILES,C,1668.12,2375.5,5
2026-06-01,2026-06-01,PED0001747,CLI_0022,MENDOZA,ASESOR_3,ENERGIA,CH316,C,1781.16,1997.0,1
2026-06-02,2026-06-01,PED0001748,CLI_0018,MENDOZA,ASESOR_4,AGRO,CH304,C,2609.24,3330.0,3
2026-06-05,2026-06-01,PED0001749,CLI_0039,CAPITAL,ASESOR_5,AUTOPARTES,CH304,C,2601.06,3009.6,6
2026-06-05,2026-06-01,PED0001749,CLI_0039,CAPITAL,ASESOR_5,AUTOPARTES,PERFILES,C,1405.74,1666.2,2
2026-06-05,2026-06-01,PED0001749,CLI_0039,CAPITAL,ASESOR_5,AUTOPARTES,CH316,C,3536.07,3191.3,4
2026-06-04,2026-06-01,PED0001750,CLI_0040,CORDOBA,ASESOR_4,AGRO,CH304,A,1685.3,1539.5,1
2026-06-01,2026-06-01,PED0001751,CLI_0019,MENDOZA,ASESOR_1,METALMECANICA,PERFILES,C,1441.93,2009.3,5
2026-06-02,2026-06-01,PED0001752,CLI_0031,CORDOBA,ASESOR_3,AUTOPARTES,CH304,B,1540.33,2292.1,3
2026-06-02,2026-06-01,PED0001752,CLI_0031,CORDOBA,ASESOR_3,AUTOPARTES,CH430,B,982.21,859.7,2
2026-06-02,2026-06-01,PED0001753,CLI_0005,ROSARIO,ASESOR_1,ENERGIA,CH304,C,1306.18,1551.9,5
2026-06-02,2026-06-01,PED0001753,CLI_0005,ROSARIO,ASESOR_1,ENERGIA,PERFILES,C,2100.23,1914.8,4
2026-06-01,2026-06-01,PED0001754,CLI_0038,ROSARIO,ASESOR_3,AGRO,CH316,C,1583.28,1588.8,6
2026-06-01,2026-06-01,PED0001755,CLI_0003,CORDOBA,ASESOR_6,ENERGIA,PERFILES,C,2850.71,2375.1,4
2026-06-02,2026-06-01,PED0001756,CLI_0017,MENDOZA,ASESOR_5,AUTOPARTES,PERFILES,C,1612.31,1751.6,5
2026-06-02,2026-06-01,PED0001756,CLI_0017,MENDOZA,ASESOR_5,AUTOPARTES,CAÑOS Y TUBOS,C,1808.86,1687.2,4
2026-06-03,2026-06-01,PED0001757,CLI_0040,CORDOBA,ASESOR_4,AGRO,CH430,A,1320.78,1933.1,5
2026-06-03,2026-06-01,PED0001757,CLI_0040,CORDOBA,ASESOR_4,AGRO,PERFILES,A,2403.21,3412.2,6
2026-06-01,2026-06-01,PED0001758,CLI_0038,MENDOZA,ASESOR_6,METALMECANICA,CH430,A,1215.12,1612.2,2
2026-06-01,2026-06-01,PED0001758,CLI_0038,MENDOZA,ASESOR_6,METALMECANICA,CAÑOS Y TUBOS,A,1379.12,2122.7,6
2026-06-02,2026-06-01,PED0001759,CLI_0038,CORDOBA,ASESOR_6,AGRO,CH316,A,1283.13,1035.4,1
2026-06-02,2026-06-01,PED0001759,CLI_0038,CORDOBA,ASESOR_6,AGRO,BULONERIA,A,2217.3,2399.4,6
2026-06-04,2026-06-01,PED0001760,CLI_0038,MENDOZA,ASESOR_2,AGRO,CH430,B,1459.44,1921.9,1
2026-06-03,2026-06-01,PED0001761,CLI_0028,ROSARIO,ASESOR_2,AUTOPARTES,CH316,C,1083.71,878.6,6
2026-06-03,2026-06-01,PED0001761,CLI_0028,ROSARIO,ASESOR_2,AUTOPARTES,PERFILES,C,2308.14,2574.8,6
2026-06-03,2026-06-01,PED0001762,CLI_0029,MENDOZA,ASESOR_1,AUTOPARTES,CH430,B,1183.28,1121.9,4
2026-06-03,2026-06-01,PED0001762,CLI_0029,MENDOZA,ASESOR_1,AUTOPARTES,CH304,B,3235.3,4262.9,1
2026-06-03,2026-06-01,PED0001762,CLI_0029,MENDOZA,ASESOR_1,AUTOPARTES,BULONERIA,B,2406.75,3108.6,1
2026-06-05,2026-06-01,PED0001763,CLI_0012,CAPITAL,ASESOR_5,AUTOPARTES,CH316,B,2860.42,3349.4,1
2026-06-05,2026-06-01,PED0001763,CLI_0012,CAPITAL,ASESOR_5,AUTOPARTES,BULONERIA,B,2180.18,2131.7,1
2026-06-04,2026-06-01,PED0001764,CLI_0015,CAPITAL,ASESOR_4,CONSTRUCCION,CH304,C,2817.02,2886.9,1
2026-06-04,2026-06-01,PED0001765,CLI_0018,MENDOZA,ASESOR_1,METALMECANICA,BULONERIA,C,2198.92,3411.7,1
2026-06-02,2026-06-01,PED0001766,CLI_0003,CAPITAL,ASESOR_5,AGRO,CH304,B,3009.41,3432.2,2
2026-06-04,2026-06-01,PED0001767,CLI_0041,ROSARIO,ASESOR_6,CONSTRUCCION,BULONERIA,B,1540.09,1992.5,3
2026-06-01,2026-06-01,PED0001768,CLI_0009,CAPITAL,ASESOR_4,AGRO,CH430,A,1079.97,1112.5,6
2026-06-05,2026-06-01,PED0001769,CLI_0017,ROSARIO,ASESOR_4,AUTOPARTES,CAÑOS Y TUBOS,B,2873.15,4027.1,4
2026-06-03,2026-06-01,PED0001770,CLI_0000,ROSARIO,ASESOR_3,ENERGIA,CH304,B,1310.06,1152.9,5
2026-06-03,2026-06-01,PED0001770,CLI_0000,ROSARIO,ASESOR_3,ENERGIA,CAÑOS Y TUBOS,B,2329.66,3723.7,4
2026-06-03,2026-06-01,PED0001770,CLI_0000,ROSARIO,ASESOR_3,ENERGIA,CH430,B,1288.79,1613.2,2
2026-06-03,2026-06-01,PED0001771,CLI_0026,CORDOBA,ASESOR_6,AUTOPARTES,CAÑOS Y TUBOS,A,1309.94,1328.1,4
2026-06-03,2026-06-01,PED0001771,CLI_0026,CORDOBA,ASESOR_6,AUTOPARTES,CH430,A,1085.18,1101.4,4
2026-06-04,2026-06-01,PED0001772,CLI_0005,CORDOBA,ASESOR_2,ENERGIA,CH304,C,1306.83,1352.2,5
2026-06-04,2026-06-01,PED0001772,CLI_0005,CORDOBA,ASESOR_2,ENERGIA,CH316,C,1012.46,992.5,2
2026-06-02,2026-06-01,PED0001773,CLI_0015,MENDOZA,ASESOR_5,ENERGIA,CAÑOS Y TUBOS,A,1654.23,1675.7,6
2026-06-03,2026-06-01,PED0001774,CLI_0015,CAPITAL,ASESOR_1,ENERGIA,CH430,B,1008.86,1023.3,1
2026-06-03,2026-06-01,PED0001774,CLI_0015,CAPITAL,ASESOR_1,ENERGIA,CAÑOS Y TUBOS,B,1781.15,1821.8,3
2026-06-05,2026-06-01,PED0001775,CLI_0038,CAPITAL,ASESOR_1,ENERGIA,BULONERIA,C,1715.33,1790.4,6
2026-06-05,2026-06-01,PED0001776,CLI_0024,MENDOZA,ASESOR_6,CONSTRUCCION,PERFILES,B,1488.83,1252.1,6
2026-06-05,2026-06-01,PED0001776,CLI_0024,MENDOZA,ASESOR_6,CONSTRUCCION,CH430,B,1149.48,1418.2,4
2026-06-05,2026-06-01,PED0001776,CLI_0024,MENDOZA,ASESOR_6,CONSTRUCCION,BULONERIA,B,2543.59,3994.5,3
2026-06-04,2026-06-01,PED0001777,CLI_0018,MENDOZA,ASESOR_3,METALMECANICA,CAÑOS Y TUBOS,C,1795.43,2731.0,1
2026-06-04,2026-06-01,PED0001777,CLI_0018,MENDOZA,ASESOR_3,METALMECANICA,PERFILES,C,1624.0,1685.0,6
2026-06-01,2026-06-01,PED0001778,CLI_0009,CAPITAL,ASESOR_5,AGRO,CAÑOS Y TUBOS,C,2283.88,2132.1,1
2026-06-05,2026-06-01,PED0001779,CLI_0008,CAPITAL,ASESOR_5,AGRO,CH430,B,1114.33,1215.4,4
2026-06-04,2026-06-01,PED0001780,CLI_0031,CAPITAL,ASESOR_3,CONSTRUCCION,CAÑOS Y TUBOS,B,1970.8,1963.9,1
2026-06-04,2026-06-01,PED0001781,CLI_0016,MENDOZA,ASESOR_4,METALMECANICA,CH304,C,2836.47,2577.0,6
2026-06-05,2026-06-01,PED0001782,CLI_0036,ROSARIO,ASESOR_4,METALMECANICA,CH304,C,842.22,1018.7,5
2026-06-05,2026-06-01,PED0001782,CLI_0036,ROSARIO,ASESOR_4,METALMECANICA,PERFILES,C,2299.48,2632.3,2
2026-06-04,2026-06-01,PED0001783,CLI_0001,CORDOBA,ASESOR_6,ENERGIA,CH316,C,1122.34,1081.3,6
2026-06-04,2026-06-01,PED0001784,CLI_0009,ROSARIO,ASESOR_6,ENERGIA,CH304,C,1304.4,1924.1,6
2026-06-04,2026-06-01,PED0001784,CLI_0009,ROSARIO,ASESOR_6,ENERGIA,CH430,C,1096.03,997.9,1
2026-06-04,2026-06-01,PED0001784,CLI_0009,ROSARIO,ASESOR_6,ENERGIA,PERFILES,C,2350.28,1990.6,6
2026-06-04,2026-06-01,PED0001785,CLI_0023,MENDOZA,ASESOR_6,CONSTRUCCION,CAÑOS Y TUBOS,B,1263.24,1858.4,1
2026-06-04,2026-06-01,PED0001786,CLI_0020,MENDOZA,ASESOR_2,ENERGIA,PERFILES,C,1809.74,2557.9,5
2026-06-04,2026-06-01,PED0001787,CLI_0033,CAPITAL,ASESOR_6,ENERGIA,CH316,C,3052.62,3230.5,2
2026-06-05,2026-06-01,PED0001788,CLI_0038,ROSARIO,ASESOR_4,CONSTRUCCION,CH430,B,1283.33,1202.9,5
2026-06-02,2026-06-01,PED0001789,CLI_0046,CORDOBA,ASESOR_2,CONSTRUCCION,CH304,B,1267.15,2016.9,5
2026-06-02,2026-06-01,PED0001789,CLI_0046,CORDOBA,ASESOR_2,CONSTRUCCION,CH316,B,1187.15,1057.0,3
2026-06-02,2026-06-01,PED0001789,CLI_0046,CORDOBA,ASESOR_2,CONSTRUCCION,CH430,B,1479.94,1906.8,4
2026-06-05,2026-06-01,PED0001790,CLI_0017,MENDOZA,ASESOR_1,METALMECANICA,PERFILES,C,1686.13,1351.6,3
2026-06-03,2026-06-01,PED0001791,CLI_0035,ROSARIO,ASESOR_3,AUTOPARTES,CH316,C,1575.52,2247.1,6
2026-06-03,2026-06-01,PED0001791,CLI_0035,ROSARIO,ASESOR_3,AUTOPARTES,CH304,C,1210.04,1684.7,4
2026-06-04,2026-06-01,PED0001792,CLI_0003,CAPITAL,ASESOR_4,METALMECANICA,BULONERIA,B,1925.36,2584.3,3
2026-06-04,2026-06-01,PED0001792,CLI_0003,CAPITAL,ASESOR_4,METALMECANICA,CH430,B,1072.36,1310.6,1
2026-06-05,2026-06-01,PED0001793,CLI_0011,CAPITAL,ASESOR_4,AGRO,CH304,C,2630.31,3048.6,1
2026-06-04,2026-06-01,PED0001794,CLI_0015,CAPITAL,ASESOR_4,CONSTRUCCION,CH304,C,3682.8,3546.1,5
2026-06-04,2026-06-01,PED0001794,CLI_0015,CAPITAL,ASESOR_4,CONSTRUCCION,CAÑOS Y TUBOS,C,2005.62,1654.9,6
2026-06-02,2026-06-01,PED0001795,CLI_0017,CAPITAL,ASESOR_4,AUTOPARTES,CAÑOS Y TUBOS,B,1576.77,2359.0,3
2026-06-02,2026-06-01,PED0001795,CLI_0017,CAPITAL,ASESOR_4,AUTOPARTES,PERFILES,B,1896.67,2795.6,3
2026-06-05,2026-06-01,PED0001796,CLI_0036,CAPITAL,ASESOR_6,CONSTRUCCION,CH430,B,757.73,998.3,6
2026-06-05,2026-06-01,PED0001796,CLI_0036,CAPITAL,ASESOR_6,CONSTRUCCION,PERFILES,B,1443.57,1241.8,5
2026-06-01,2026-06-01,PED0001797,CLI_0037,CAPITAL,ASESOR_4,ENERGIA,CAÑOS Y TUBOS,C,1795.59,1626.7,5
2026-06-05,2026-06-01,PED0001798,CLI_0037,CAPITAL,ASESOR_5,AUTOPARTES,CH304,C,3304.85,4770.8,4
2026-06-03,2026-06-01,PED0001799,CLI_0006,ROSARIO,ASESOR_6,AGRO,CAÑOS Y TUBOS,B,2570.31,2743.1,5
2026-06-03,2026-06-01,PED0001799,CLI_0006,ROSARIO,ASESOR_6,AGRO,CH316,B,1563.39,2345.1,1
2026-06-02,2026-06-01,PED0001800,CLI_0017,CAPITAL,ASESOR_2,CONSTRUCCION,BULONERIA,C,2115.45,2056.1,5
2026-06-02,2026-06-01,PED0001801,CLI_0015,CAPITAL,ASESOR_5,CONSTRUCCION,CH316,C,2400.75,2979.5,3
2026-06-04,2026-06-01,PED0001802,CLI_0023,MENDOZA,ASESOR_4,CONSTRUCCION,CH430,B,1068.02,1126.3,6
2026-06-03,2026-06-01,PED0001803,CLI_0017,CORDOBA,ASESOR_1,AGRO,CH304,B,1546.54,2245.8,3
2026-06-03,2026-06-01,PED0001804,CLI_0037,CORDOBA,ASESOR_6,CONSTRUCCION,PERFILES,C,2367.38,2561.1,6
2026-06-03,2026-06-01,PED0001804,CLI_0037,CORDOBA,ASESOR_6,CONSTRUCCION,BULONERIA,C,2257.29,3608.2,2
2026-06-02,2026-06-01,PED0001805,CLI_0032,CORDOBA,ASESOR_3,METALMECANICA,CH304,B,1322.46,1911.5,5
2026-06-05,2026-06-01,PED0001806,CLI_0013,MENDOZA,ASESOR_3,ENERGIA,CAÑOS Y TUBOS,A,1827.4,2712.3,6
2026-06-05,2026-06-01,PED0001807,CLI_0008,ROSARIO,ASESOR_2,CONSTRUCCION,CH316,C,1194.37,1347.9,5
2026-06-04,2026-06-01,PED0001808,CLI_0037,ROSARIO,ASESOR_1,METALMECANICA,PERFILES,B,1795.98,2719.2,4
2026-06-04,2026-06-01,PED0001808,CLI_0037,ROSARIO,ASESOR_1,METALMECANICA,BULONERIA,B,1333.69,1696.5,5
2026-06-04,2026-06-01,PED0001808,CLI_0037,ROSARIO,ASESOR_1,METALMECANICA,CAÑOS Y TUBOS,B,2588.77,2390.6,6
2026-06-04,2026-06-01,PED0001809,CLI_0043,ROSARIO,ASESOR_2,AGRO,CAÑOS Y TUBOS,C,2341.13,2223.7,4
2026-06-04,2026-06-01,PED0001809,CLI_0043,ROSARIO,ASESOR_2,AGRO,BULONERIA,C,955.81,857.5,3
2026-06-05,2026-06-01,PED0001810,CLI_0005,ROSARIO,ASESOR_1,ENERGIA,CH304,C,944.43,1154.4,2
2026-06-05,2026-06-01,PED0001810,CLI_0005,ROSARIO,ASESOR_1,ENERGIA,CH430,C,1505.44,1926.3,2
2026-06-03,2026-06-01,PED0001811,CLI_0012,ROSARIO,ASESOR_4,CONSTRUCCION,BULONERIA,A,1566.66,2128.6,4
2026-06-02,2026-06-01,PED0001812,CLI_0010,ROSARIO,ASESOR_5,CONSTRUCCION,CH430,C,1044.38,934.3,2
2026-06-02,2026-06-01,PED0001812,CLI_0010,ROSARIO,ASESOR_5,CONSTRUCCION,PERFILES,C,2159.76,2721.1,3
2026-06-02,2026-06-01,PED0001812,CLI_0010,ROSARIO,ASESOR_5,CONSTRUCCION,CH304,C,917.86,1201.0,5
2026-06-04,2026-06-01,PED0001813,CLI_0018,MENDOZA,ASESOR_2,CONSTRUCCION,BULONERIA,C,1950.78,2719.0,6
2026-06-04,2026-06-01,PED0001813,CLI_0018,MENDOZA,ASESOR_2,CONSTRUCCION,CAÑOS Y TUBOS,C,1806.69,1641.1,1
2026-06-02,2026-06-01,PED0001814,CLI_0026,CORDOBA,ASESOR_5,AUTOPARTES,CH316,A,829.03,1281.7,4
2026-06-05,2026-06-01,PED0001815,CLI_0014,MENDOZA,ASESOR_5,CONSTRUCCION,CAÑOS Y TUBOS,C,1591.36,2364.5,4
2026-06-05,2026-06-01,PED0001815,CLI_0014,MENDOZA,ASESOR_5,CONSTRUCCION,CH316,C,1468.51,2207.9,1
2026-06-05,2026-06-01,PED0001815,CLI_0014,MENDOZA,ASESOR_5,CONSTRUCCION,CH304,C,2733.79,2984.2,6
2026-06-05,2026-06-01,PED0001816,CLI_0008,CAPITAL,ASESOR_4,ENERGIA,CH430,B,1115.18,1028.6,6
2026-06-11,2026-06-08,PED0001817,CLI_0015,CORDOBA,ASESOR_1,AGRO,BULONERIA,B,1813.9,1778.4,1
2026-06-08,2026-06-08,PED0001818,CLI_0006,ROSARIO,ASESOR_4,ENERGIA,CAÑOS Y TUBOS,B,2388.23,2285.9,2
2026-06-08,2026-06-08,PED0001819,CLI_0012,CAPITAL,ASESOR_4,AGRO,BULONERIA,A,2194.74,2013.2,3
2026-06-08,2026-06-08,PED0001819,CLI_0012,CAPITAL,ASESOR_4,AGRO,CH316,A,3712.32,5180.1,5
2026-06-09,2026-06-08,PED0001820,CLI_0012,CAPITAL,ASESOR_5,AUTOPARTES,CH316,B,2861.05,2709.6,3
2026-06-10,2026-06-08,PED0001821,CLI_0029,CORDOBA,ASESOR_3,METALMECANICA,CH304,B,1366.58,2141.5,4
2026-06-11,2026-06-08,PED0001822,CLI_0036,ROSARIO,ASESOR_2,AGRO,CH304,C,1265.09,1627.7,4
2026-06-08,2026-06-08,PED0001823,CLI_0036,CAPITAL,ASESOR_6,ENERGIA,CH316,C,3915.47,3653.8,5
2026-06-10,2026-06-08,PED0001824,CLI_0014,CORDOBA,ASESOR_1,AGRO,CH304,B,1447.02,1567.4,1
2026-06-10,2026-06-08,PED0001825,CLI_0002,CORDOBA,ASESOR_3,ENERGIA,CAÑOS Y TUBOS,C,1644.88,2130.7,6
2026-06-10,2026-06-08,PED0001825,CLI_0002,CORDOBA,ASESOR_3,ENERGIA,CH430,C,1213.67,1555.7,1
2026-06-10,2026-06-08,PED0001825,CLI_0002,CORDOBA,ASESOR_3,ENERGIA,PERFILES,C,3481.37,2915.7,4
2026-06-08,2026-06-08,PED0001826,CLI_0020,MENDOZA,ASESOR_1,CONSTRUCCION,CH430,B,991.36,1012.2,1
2026-06-08,2026-06-08,PED0001826,CLI_0020,MENDOZA,ASESOR_1,CONSTRUCCION,BULONERIA,B,2707.74,2704.8,6
2026-06-09,2026-06-08,PED0001827,CLI_0006,ROSARIO,ASESOR_2,CONSTRUCCION,CAÑOS Y TUBOS,C,2720.62,3783.6,1
2026-06-09,2026-06-08,PED0001827,CLI_0006,ROSARIO,ASESOR_2,CONSTRUCCION,CH316,C,1246.54,1367.9,5
2026-06-11,2026-06-08,PED0001828,CLI_0014,MENDOZA,ASESOR_6,AGRO,CH304,C,2287.4,2418.6,5
2026-06-12,2026-06-08,PED0001829,CLI_0035,CORDOBA,ASESOR_1,METALMECANICA,CH316,B,1203.42,1292.5,4
2026-06-10,2026-06-08,PED0001830,CLI_0013,ROSARIO,ASESOR_2,CONSTRUCCION,CH304,C,1112.74,1341.7,1
2026-06-11,2026-06-08,PED0001831,CLI_0025,MENDOZA,ASESOR_4,CONSTRUCCION,CH304,B,2134.32,2867.7,1
2026-06-11,2026-06-08,PED0001831,CLI_0025,MENDOZA,ASESOR_4,CONSTRUCCION,PERFILES,B,1825.5,2358.7,5
2026-06-11,2026-06-08,PED0001831,CLI_0025,MENDOZA,ASESOR_4,CONSTRUCCION,CH316,B,1688.83,2462.1,6
2026-06-11,2026-06-08,PED0001832,CLI_0005,CORDOBA,ASESOR_2,CONSTRUCCION,CH304,A,1290.21,1316.7,3
2026-06-09,2026-06-08,PED0001833,CLI_0037,CAPITAL,ASESOR_3,AUTOPARTES,CH304,C,3336.72,2755.7,4
2026-06-09,2026-06-08,PED0001833,CLI_0037,CAPITAL,ASESOR_3,AUTOPARTES,PERFILES,C,1868.86,2500.1,2
2026-06-08,2026-06-08,PED0001834,CLI_0010,ROSARIO,ASESOR_1,AGRO,CH430,B,1132.92,1158.8,4
2026-06-08,2026-06-08,PED0001835,CLI_0037,CAPITAL,ASESOR_5,AUTOPARTES,CH304,C,2768.9,3867.4,5
2026-06-11,2026-06-08,PED0001836,CLI_0018,CORDOBA,ASESOR_6,AUTOPARTES,CAÑOS Y TUBOS,C,1759.42,1660.6,3
2026-06-11,2026-06-08,PED0001836,CLI_0018,CORDOBA,ASESOR_6,AUTOPARTES,CH316,C,1192.99,1504.3,1
2026-06-08,2026-06-08,PED0001837,CLI_0009,CORDOBA,ASESOR_2,CONSTRUCCION,CH430,A,1060.15,1260.4,5
2026-06-08,2026-06-08,PED0001837,CLI_0009,CORDOBA,ASESOR_2,CONSTRUCCION,CH304,A,1692.27,1361.9,4
2026-06-11,2026-06-08,PED0001838,CLI_0014,MENDOZA,ASESOR_1,AGRO,CAÑOS Y TUBOS,C,1403.85,1610.5,1
2026-06-11,2026-06-08,PED0001839,CLI_0013,CORDOBA,ASESOR_1,AUTOPARTES,CH304,C,1493.06,1896.5,1
2026-06-08,2026-06-08,PED0001840,CLI_0008,ROSARIO,ASESOR_5,CONSTRUCCION,CH316,C,1178.15,1070.0,5
2026-06-08,2026-06-08,PED0001840,CLI_0008,ROSARIO,ASESOR_5,CONSTRUCCION,CH304,C,978.95,907.0,2
2026-06-09,2026-06-08,PED0001841,CLI_0032,MENDOZA,ASESOR_3,ENERGIA,PERFILES,B,1340.47,1740.8,5
2026-06-09,2026-06-08,PED0001841,CLI_0032,MENDOZA,ASESOR_3,ENERGIA,CH316,B,1393.74,1263.3,4
2026-06-09,2026-06-08,PED0001841,CLI_0032,MENDOZA,ASESOR_3,ENERGIA,CAÑOS Y TUBOS,B,1369.05,1987.6,4
2026-06-12,2026-06-08,PED0001842,CLI_0015,CORDOBA,ASESOR_6,AGRO,CH304,B,1579.76,2480.4,3
2026-06-12,2026-06-08,PED0001842,CLI_0015,CORDOBA,ASESOR_6,AGRO,CH430,B,1426.86,2198.2,2
2026-06-12,2026-06-08,PED0001842,CLI_0015,CORDOBA,ASESOR_6,AGRO,PERFILES,B,2894.83,2603.9,1
2026-06-10,2026-06-08,PED0001843,CLI_0036,CAPITAL,ASESOR_6,ENERGIA,CH430,C,1073.84,1585.2,3
2026-06-09,2026-06-08,PED0001844,CLI_0019,MENDOZA,ASESOR_4,AUTOPARTES,PERFILES,C,1734.69,1824.7,4
2026-06-08,2026-06-08,PED0001845,CLI_0020,MENDOZA,ASESOR_1,AUTOPARTES,CH316,C,1474.15,1215.3,1
2026-06-08,2026-06-08,PED0001845,CLI_0020,MENDOZA,ASESOR_1,AUTOPARTES,CH430,C,1101.15,1641.8,2
2026-06-08,2026-06-08,PED0001846,CLI_0043,MENDOZA,ASESOR_4,CONSTRUCCION,CH430,A,936.16,1029.4,2
2026-06-11,2026-06-08,PED0001847,CLI_0004,CAPITAL,ASESOR_1,METALMECANICA,CH304,B,2810.31,2369.6,5
2026-06-10,2026-06-08,PED0001848,CLI_0019,MENDOZA,ASESOR_5,CONSTRUCCION,CH316,B,1260.1,1337.1,4
2026-06-09,2026-06-08,PED0001849,CLI_0042,CORDOBA,ASESOR_1,METALMECANICA,CH430,C,1427.45,2269.7,4
2026-06-12,2026-06-08,PED0001850,CLI_0025,CAPITAL,ASESOR_3,METALMECANICA,PERFILES,A,1572.93,2194.0,3
2026-06-12,2026-06-08,PED0001850,CLI_0025,CAPITAL,ASESOR_3,METALMECANICA,CAÑOS Y TUBOS,A,2211.45,2485.0,2
2026-06-09,2026-06-08,PED0001851,CLI_0024,MENDOZA,ASESOR_3,METALMECANICA,CH430,C,1356.87,1622.7,6
2026-06-11,2026-06-08,PED0001852,CLI_0025,MENDOZA,ASESOR_4,ENERGIA,CH316,C,1783.75,2845.2,6
2026-06-08,2026-06-08,PED0001853,CLI_0020,MENDOZA,ASESOR_4,CONSTRUCCION,CH304,B,2334.57,1915.3,3
2026-06-08,2026-06-08,PED0001853,CLI_0020,MENDOZA,ASESOR_4,CONSTRUCCION,PERFILES,B,1680.3,1669.4,2
2026-06-09,2026-06-08,PED0001854,CLI_0004,ROSARIO,ASESOR_6,ENERGIA,CAÑOS Y TUBOS,C,2146.91,1786.1,5
2026-06-11,2026-06-08,PED0001855,CLI_0033,ROSARIO,ASESOR_3,AUTOPARTES,PERFILES,C,2305.59,2320.9,4
2026-06-09,2026-06-08,PED0001856,CLI_0022,MENDOZA,ASESOR_2,ENERGIA,CH430,C,948.15,939.3,2
2026-06-09,2026-06-08,PED0001856,CLI_0022,MENDOZA,ASESOR_2,ENERGIA,CH316,C,1098.66,961.5,6
2026-06-09,2026-06-08,PED0001857,CLI_0030,CAPITAL,ASESOR_1,METALMECANICA,CH430,C,737.24,1156.9,4
2026-06-11,2026-06-08,PED0001858,CLI_0007,CAPITAL,ASESOR_5,ENERGIA,CH430,B,1062.91,1129.5,3
2026-06-10,2026-06-08,PED0001859,CLI_0033,CORDOBA,ASESOR_2,METALMECANICA,BULONERIA,A,2300.25,1968.0,5
2026-06-10,2026-06-08,PED0001860,CLI_0017,ROSARIO,ASESOR_1,CONSTRUCCION,CH316,A,1630.07,1868.1,6
2026-06-10,2026-06-08,PED0001860,CLI_0017,ROSARIO,ASESOR_1,CONSTRUCCION,BULONERIA,A,1406.01,1294.1,2
2026-06-10,2026-06-08,PED0001860,CLI_0017,ROSARIO,ASESOR_1,CONSTRUCCION,PERFILES,A,2134.25,2505.5,2
2026-06-08,2026-06-08,PED0001861,CLI_0037,ROSARIO,ASESOR_1,METALMECANICA,CAÑOS Y TUBOS,C,1833.93,2644.8,1
2026-06-08,2026-06-08,PED0001861,CLI_0037,ROSARIO,ASESOR_1,METALMECANICA,CH430,C,1038.06,1130.7,2
2026-06-08,2026-06-08,PED0001861,CLI_0037,ROSARIO,ASESOR_1,METALMECANICA,BULONERIA,C,1187.18,982.6,5
2026-06-09,2026-06-08,PED0001862,CLI_0021,CORDOBA,ASESOR_2,ENERGIA,CH304,B,1504.64,2156.0,3
2026-06-09,2026-06-08,PED0001862,CLI_0021,CORDOBA,ASESOR_2,ENERGIA,BULONERIA,B,2429.55,2200.7,4
2026-06-12,2026-06-08,PED0001863,CLI_0034,CORDOBA,ASESOR_1,METALMECANICA,CAÑOS Y TUBOS,B,1423.86,1562.0,1
2026-06-11,2026-06-08,PED0001864,CLI_0013,MENDOZA,ASESOR_2,CONSTRUCCION,PERFILES,C,1880.17,2040.9,4
2026-06-10,2026-06-08,PED0001865,CLI_0045,CORDOBA,ASESOR_4,CONSTRUCCION,CAÑOS Y TUBOS,B,1591.03,1538.7,5
2026-06-10,2026-06-08,PED0001866,CLI_0009,ROSARIO,ASESOR_5,ENERGIA,PERFILES,C,1882.48,2882.3,5
2026-06-10,2026-06-08,PED0001866,CLI_0009,ROSARIO,ASESOR_5,ENERGIA,CH304,C,1070.59,1361.2,5
2026-06-09,2026-06-08,PED0001867,CLI_0034,CORDOBA,ASESOR_3,CONSTRUCCION,CAÑOS Y TUBOS,C,1272.77,1152.4,2
2026-06-09,2026-06-08,PED0001867,CLI_0034,CORDOBA,ASESOR_3,CONSTRUCCION,CH430,C,1610.22,1619.6,4
2026-06-12,2026-06-08,PED0001868,CLI_0041,CAPITAL,ASESOR_2,CONSTRUCCION,PERFILES,A,1756.51,2684.3,3
2026-06-12,2026-06-08,PED0001868,CLI_0041,CAPITAL,ASESOR_2,CONSTRUCCION,CH304,A,3274.38,4092.7,3
2026-06-09,2026-06-08,PED0001869,CLI_0012,ROSARIO,ASESOR_3,CONSTRUCCION,CAÑOS Y TUBOS,A,1964.96,1875.5,5
2026-06-09,2026-06-08,PED0001869,CLI_0012,ROSARIO,ASESOR_3,CONSTRUCCION,CH316,A,1772.55,2415.2,3
2026-06-10,2026-06-08,PED0001870,CLI_0016,MENDOZA,ASESOR_3,AUTOPARTES,CAÑOS Y TUBOS,C,1663.55,2257.2,1
2026-06-11,2026-06-08,PED0001871,CLI_0019,ROSARIO,ASESOR_2,AUTOPARTES,BULONERIA,B,1293.49,1912.1,1
2026-06-09,2026-06-08,PED0001872,CLI_0018,MENDOZA,ASESOR_5,CONSTRUCCION,CH430,B,1313.31,1471.8,4
2026-06-09,2026-06-08,PED0001872,CLI_0018,MENDOZA,ASESOR_5,CONSTRUCCION,PERFILES,B,1954.28,2462.3,5
2026-06-12,2026-06-08,PED0001873,CLI_0036,CORDOBA,ASESOR_4,CONSTRUCCION,CAÑOS Y TUBOS,C,1574.6,1974.4,4
2026-06-12,2026-06-08,PED0001874,CLI_0000,ROSARIO,ASESOR_6,ENERGIA,CAÑOS Y TUBOS,B,2273.97,2036.3,5
2026-06-12,2026-06-08,PED0001874,CLI_0000,ROSARIO,ASESOR_6,ENERGIA,CH316,B,1118.06,1681.6,4
2026-06-12,2026-06-08,PED0001874,CLI_0000,ROSARIO,ASESOR_6,ENERGIA,PERFILES,B,1696.11,1900.7,1
2026-06-11,2026-06-08,PED0001875,CLI_0006,CAPITAL,ASESOR_4,AGRO,CAÑOS Y TUBOS,B,1724.37,2297.6,5
2026-06-11,2026-06-08,PED0001875,CLI_0006,CAPITAL,ASESOR_4,AGRO,CH430,B,1101.16,1165.0,3
2026-06-10,2026-06-08,PED0001876,CLI_0012,MENDOZA,ASESOR_3,CONSTRUCCION,CH430,C,923.01,777.0,5
2026-06-12,2026-06-08,PED0001877,CLI_0026,MENDOZA,ASESOR_3,ENERGIA,CH430,C,963.2,1065.4,3
2026-06-12,2026-06-08,PED0001877,CLI_0026,MENDOZA,ASESOR_3,ENERGIA,CH304,C,2527.76,2333.4,3
2026-06-12,2026-06-08,PED0001877,CLI_0026,MENDOZA,ASESOR_3,ENERGIA,BULONERIA,C,2563.49,2584.0,5
2026-06-09,2026-06-08,PED0001878,CLI_0041,MENDOZA,ASESOR_3,CONSTRUCCION,PERFILES,A,2172.11,1767.2,2
2026-06-08,2026-06-08,PED0001879,CLI_0038,CORDOBA,ASESOR_4,CONSTRUCCION,CAÑOS Y TUBOS,C,1766.18,1834.4,3
2026-06-08,2026-06-08,PED0001879,CLI_0038,CORDOBA,ASESOR_4,CONSTRUCCION,CH316,C,895.58,868.5,6
2026-06-08,2026-06-08,PED0001879,CLI_0038,CORDOBA,ASESOR_4,CONSTRUCCION,CH304,C,1343.58,1261.2,6
2026-06-09,2026-06-08,PED0001880,CLI_0046,CORDOBA,ASESOR_6,CONSTRUCCION,PERFILES,B,3272.98,3346.2,1
2026-06-08,2026-06-08,PED0001881,CLI_0027,ROSARIO,ASESOR_3,ENERGIA,CAÑOS Y TUBOS,A,2381.75,3514.8,5
2026-06-08,2026-06-08,PED0001881,CLI_0027,ROSARIO,ASESOR_3,ENERGIA,PERFILES,A,2546.45,2312.0,3
2026-06-10,2026-06-08,PED0001882,CLI_0020,CORDOBA,ASESOR_2,ENERGIA,CH430,B,1318.32,1369.8,1
2026-06-11,2026-06-08,PED0001883,CLI_0020,MENDOZA,ASESOR_2,AGRO,PERFILES,C,2150.87,1745.1,3
2026-06-10,2026-06-08,PED0001884,CLI_0014,MENDOZA,ASESOR_6,AUTOPARTES,BULONERIA,C,1677.27,2224.5,4
2026-06-10,2026-06-08,PED0001884,CLI_0014,MENDOZA,ASESOR_6,AUTOPARTES,PERFILES,C,1305.2,1793.1,3
2026-06-10,2026-06-08,PED0001885,CLI_0032,CORDOBA,ASESOR_2,CONSTRUCCION,PERFILES,C,2904.59,3742.3,1
2026-06-10,2026-06-08,PED0001885,CLI_0032,CORDOBA,ASESOR_2,CONSTRUCCION,CH316,C,1066.02,1572.9,2
2026-06-10,2026-06-08,PED0001885,CLI_0032,CORDOBA,ASESOR_2,CONSTRUCCION,CH430,C,1002.34,879.1,6
2026-06-11,2026-06-08,PED0001886,CLI_0008,MENDOZA,ASESOR_6,METALMECANICA,PERFILES,B,1621.88,2528.3,6
2026-06-12,2026-06-08,PED0001887,CLI_0005,CORDOBA,ASESOR_1,ENERGIA,CH316,C,1083.47,1520.9,2
2026-06-12,2026-06-08,PED0001887,CLI_0005,CORDOBA,ASESOR_1,ENERGIA,CH304,C,1644.39,1736.5,6
2026-06-08,2026-06-08,PED0001888,CLI_0024,MENDOZA,ASESOR_6,ENERGIA,CH316,C,1549.92,1512.5,4
2026-06-08,2026-06-08,PED0001888,CLI_0024,MENDOZA,ASESOR_6,ENERGIA,BULONERIA,C,1662.04,2184.4,6
2026-06-11,2026-06-08,PED0001889,CLI_0022,MENDOZA,ASESOR_6,ENERGIA,CAÑOS Y TUBOS,C,1327.37,1610.2,1
2026-06-12,2026-06-08,PED0001890,CLI_0019,MENDOZA,ASESOR_2,CONSTRUCCION,BULONERIA,B,2621.22,2278.3,1
2026-06-09,2026-06-08,PED0001891,CLI_0011,CAPITAL,ASESOR_4,ENERGIA,CH430,B,861.44,1067.3,1
2026-06-09,2026-06-08,PED0001891,CLI_0011,CAPITAL,ASESOR_4,ENERGIA,BULONERIA,B,2165.87,3340.4,2
2026-06-09,2026-06-08,PED0001891,CLI_0011,CAPITAL,ASESOR_4,ENERGIA,PERFILES,B,1328.05,1832.6,2
2026-06-09,2026-06-08,PED0001892,CLI_0016,MENDOZA,ASESOR_1,METALMECANICA,CH316,C,1108.93,1608.0,4
2026-06-09,2026-06-08,PED0001892,CLI_0016,MENDOZA,ASESOR_1,METALMECANICA,CAÑOS Y TUBOS,C,1345.01,1369.5,6
2026-06-09,2026-06-08,PED0001892,CLI_0016,MENDOZA,ASESOR_1,METALMECANICA,CH304,C,2828.38,3705.8,1
2026-06-08,2026-06-08,PED0001893,CLI_0041,CORDOBA,ASESOR_4,METALMECANICA,CAÑOS Y TUBOS,C,1480.33,1556.0,5
2026-06-08,2026-06-08,PED0001893,CLI_0041,CORDOBA,ASESOR_4,METALMECANICA,BULONERIA,C,2208.08,3513.2,5
2026-06-10,2026-06-08,PED0001894,CLI_0010,CAPITAL,ASESOR_4,AUTOPARTES,CH430,B,946.14,1179.1,3
2026-06-10,2026-06-08,PED0001894,CLI_0010,CAPITAL,ASESOR_4,AUTOPARTES,CAÑOS Y TUBOS,B,1761.16,2800.3,6
2026-06-12,2026-06-08,PED0001895,CLI_0019,MENDOZA,ASESOR_2,METALMECANICA,PERFILES,C,1689.69,1629.4,1
2026-06-09,2026-06-08,PED0001896,CLI_0038,ROSARIO,ASESOR_1,METALMECANICA,BULONERIA,B,1062.02,1644.6,6
2026-06-09,2026-06-08,PED0001896,CLI_0038,ROSARIO,ASESOR_1,METALMECANICA,CH304,B,1168.01,1525.0,3
2026-06-12,2026-06-08,PED0001897,CLI_0011,CAPITAL,ASESOR_5,ENERGIA,BULONERIA,A,1789.56,1623.2,1
2026-06-12,2026-06-08,PED0001897,CLI_0011,CAPITAL,ASESOR_5,ENERGIA,CH304,A,3325.35,3959.7,4
2026-06-08,2026-06-08,PED0001898,CLI_0009,MENDOZA,ASESOR_6,ENERGIA,CH316,A,1241.44,1767.2,5
2026-06-09,2026-06-08,PED0001899,CLI_0004,ROSARIO,ASESOR_4,ENERGIA,BULONERIA,C,1271.19,1962.4,4
2026-06-10,2026-06-08,PED0001900,CLI_0040,CORDOBA,ASESOR_5,METALMECANICA,CAÑOS Y TUBOS,C,1355.39,1638.4,4
2026-06-08,2026-06-08,PED0001901,CLI_0010,ROSARIO,ASESOR_2,AGRO,CAÑOS Y TUBOS,B,2687.68,3797.0,6
2026-06-08,2026-06-08,PED0001901,CLI_0010,ROSARIO,ASESOR_2,AGRO,CH316,B,1719.94,1675.9,3
2026-06-11,2026-06-08,PED0001902,CLI_0036,CORDOBA,ASESOR_3,CONSTRUCCION,CH304,C,1143.77,1000.7,4
2026-06-11,2026-06-08,PED0001902,CLI_0036,CORDOBA,ASESOR_3,CONSTRUCCION,CH430,C,1377.67,1846.6,6
2026-06-10,2026-06-08,PED0001903,CLI_0040,ROSARIO,ASESOR_5,AGRO,CH430,C,1508.97,1855.9,1
2026-06-08,2026-06-08,PED0001904,CLI_0035,CAPITAL,ASESOR_3,CONSTRUCCION,BULONERIA,B,2004.76,3105.3,6
2026-06-08,2026-06-08,PED0001904,CLI_0035,CAPITAL,ASESOR_3,CONSTRUCCION,CH304,B,3548.85,5254.7,2
2026-06-12,2026-06-08,PED0001905,CLI_0042,MENDOZA,ASESOR_5,METALMECANICA,BULONERIA,A,2260.86,2600.7,4
2026-06-12,2026-06-08,PED0001905,CLI_0042,MENDOZA,ASESOR_5,METALMECANICA,CH304,A,2933.31,3608.5,2
2026-06-10,2026-06-08,PED0001906,CLI_0040,ROSARIO,ASESOR_6,AGRO,CH430,C,1072.15,1695.1,5
2026-06-11,2026-06-08,PED0001907,CLI_0018,CORDOBA,ASESOR_1,AUTOPARTES,CH304,C,1207.7,1096.3,3
2026-06-11,2026-06-08,PED0001907,CLI_0018,CORDOBA,ASESOR_1,AUTOPARTES,BULONERIA,C,2158.93,3037.0,5
2026-06-11,2026-06-08,PED0001907,CLI_0018,CORDOBA,ASESOR_1,AUTOPARTES,CAÑOS Y TUBOS,C,1603.05,2396.4,3
2026-06-12,2026-06-08,PED0001908,CLI_0018,MENDOZA,ASESOR_3,METALMECANICA,BULONERIA,C,1881.74,2271.7,5
2026-06-12,2026-06-08,PED0001908,CLI_0018,MENDOZA,ASESOR_3,METALMECANICA,CH316,C,1641.84,1587.2,1
2026-06-12,2026-06-08,PED0001908,CLI_0018,MENDOZA,ASESOR_3,METALMECANICA,CAÑOS Y TUBOS,C,1211.98,1774.2,3
2026-06-09,2026-06-08,PED0001909,CLI_0007,CORDOBA,ASESOR_6,AGRO,CH304,C,1318.77,2102.3,3
2026-06-12,2026-06-08,PED0001910,CLI_0013,CAPITAL,ASESOR_5,AGRO,CAÑOS Y TUBOS,C,2163.87,1772.6,4
2026-06-10,2026-06-08,PED0001911,CLI_0043,ROSARIO,ASESOR_3,AGRO,BULONERIA,C,1025.31,1429.7,5
2026-06-10,2026-06-08,PED0001912,CLI_0011,CORDOBA,ASESOR_5,AGRO,PERFILES,C,2766.75,3191.6,3
2026-06-10,2026-06-08,PED0001912,CLI_0011,CORDOBA,ASESOR_5,AGRO,CH304,C,1063.73,988.5,2
2026-06-08,2026-06-08,PED0001913,CLI_0036,CAPITAL,ASESOR_5,CONSTRUCCION,CH430,B,777.57,1096.8,3
2026-06-08,2026-06-08,PED0001913,CLI_0036,CAPITAL,ASESOR_5,CONSTRUCCION,CH304,B,3354.43,3721.0,1
2026-06-10,2026-06-08,PED0001914,CLI_0019,CORDOBA,ASESOR_5,AUTOPARTES,CH316,C,1132.54,1557.4,2
2026-06-09,2026-06-08,PED0001915,CLI_0014,MENDOZA,ASESOR_3,AUTOPARTES,BULONERIA,C,2005.87,3101.6,1
2026-06-11,2026-06-08,PED0001916,CLI_0037,MENDOZA,ASESOR_6,AUTOPARTES,CAÑOS Y TUBOS,A,1201.92,1679.1,4
2026-06-11,2026-06-08,PED0001917,CLI_0043,MENDOZA,ASESOR_4,CONSTRUCCION,CH430,A,1001.9,1482.0,2
2026-06-11,2026-06-08,PED0001917,CLI_0043,MENDOZA,ASESOR_4,CONSTRUCCION,CH316,A,1179.49,1603.1,2
2026-06-11,2026-06-08,PED0001917,CLI_0043,MENDOZA,ASESOR_4,CONSTRUCCION,CH304,A,2449.6,3112.7,1
2026-06-09,2026-06-08,PED0001918,CLI_0035,CAPITAL,ASESOR_2,METALMECANICA,CAÑOS Y TUBOS,C,1501.35,2239.1,5
2026-06-09,2026-06-08,PED0001918,CLI_0035,CAPITAL,ASESOR_2,METALMECANICA,CH430,C,707.48,650.7,3
2026-06-09,2026-06-08,PED0001918,CLI_0035,CAPITAL,ASESOR_2,METALMECANICA,CH304,C,2748.48,3086.2,3
2026-06-10,2026-06-08,PED0001919,CLI_0041,CORDOBA,ASESOR_1,ENERGIA,CH430,A,1529.63,2334.8,4
2026-06-12,2026-06-08,PED0001920,CLI_0038,CORDOBA,ASESOR_2,METALMECANICA,CAÑOS Y TUBOS,C,1669.57,1842.7,1
2026-06-10,2026-06-08,PED0001921,CLI_0042,CORDOBA,ASESOR_6,METALMECANICA,CH316,C,1075.4,1237.7,3
2026-06-10,2026-06-08,PED0001921,CLI_0042,CORDOBA,ASESOR_6,METALMECANICA,BULONERIA,C,2521.12,2619.2,1
2026-06-10,2026-06-08,PED0001922,CLI_0009,CAPITAL,ASESOR_2,ENERGIA,BULONERIA,B,1977.59,1911.6,3
2026-06-11,2026-06-08,PED0001923,CLI_0010,CORDOBA,ASESOR_6,AGRO,PERFILES,C,3465.24,3406.2,1
2026-06-10,2026-06-08,PED0001924,CLI_0013,CORDOBA,ASESOR_4,AUTOPARTES,CH430,C,1218.9,1445.3,5
2026-06-10,2026-06-08,PED0001924,CLI_0013,CORDOBA,ASESOR_4,AUTOPARTES,CAÑOS Y TUBOS,C,1727.29,1587.5,1
2026-06-10,2026-06-08,PED0001924,CLI_0013,CORDOBA,ASESOR_4,AUTOPARTES,CH304,C,1134.96,1540.5,5
2026-06-09,2026-06-08,PED0001925,CLI_0032,MENDOZA,ASESOR_5,ENERGIA,BULONERIA,B,1637.02,1327.9,3
2026-06-11,2026-06-08,PED0001926,CLI_0035,CORDOBA,ASESOR_2,METALMECANICA,CH316,B,840.28,1027.4,3
2026-06-11,2026-06-08,PED0001927,CLI_0021,CAPITAL,ASESOR_1,CONSTRUCCION,CH304,C,3222.35,3414.6,1
2026-06-11,2026-06-08,PED0001927,CLI_0021,CAPITAL,ASESOR_1,CONSTRUCCION,CH430,C,787.58,903.0,5
2026-06-11,2026-06-08,PED0001927,CLI_0021,CAPITAL,ASESOR_1,CONSTRUCCION,CH316,C,3042.87,3971.1,1
2026-06-08,2026-06-08,PED0001928,CLI_0018,MENDOZA,ASESOR_5,CONSTRUCCION,CAÑOS Y TUBOS,B,1347.77,1403.0,3
2026-06-08,2026-06-08,PED0001928,CLI_0018,MENDOZA,ASESOR_5,CONSTRUCCION,PERFILES,B,1965.93,2892.2,4
2026-06-09,2026-06-08,PED0001929,CLI_0030,CAPITAL,ASESOR_2,METALMECANICA,BULONERIA,C,2173.44,2050.3,6
2026-06-09,2026-06-08,PED0001929,CLI_0030,CAPITAL,ASESOR_2,METALMECANICA,CH304,C,2624.83,2948.7,1
2026-06-09,2026-06-08,PED0001929,CLI_0030,CAPITAL,ASESOR_2,METALMECANICA,CH430,C,758.11,639.4,5
2026-06-10,2026-06-08,PED0001930,CLI_0014,MENDOZA,ASESOR_3,AGRO,CH316,C,1617.93,1418.4,2
2026-06-10,2026-06-08,PED0001930,CLI_0014,MENDOZA,ASESOR_3,AGRO,BULONERIA,C,1657.89,1868.6,1
2026-06-10,2026-06-08,PED0001930,CLI_0014,MENDOZA,ASESOR_3,AGRO,CH430,C,982.7,845.4,3
2026-06-11,2026-06-08,PED0001931,CLI_0012,ROSARIO,ASESOR_1,CONSTRUCCION,CH316,C,1167.8,1731.0,3
2026-06-11,2026-06-08,PED0001931,CLI_0012,ROSARIO,ASESOR_1,CONSTRUCCION,PERFILES,C,1646.51,2622.8,2
2026-06-11,2026-06-08,PED0001931,CLI_0012,ROSARIO,ASESOR_1,CONSTRUCCION,BULONERIA,C,1497.25,1901.0,2
2026-06-08,2026-06-08,PED0001932,CLI_0003,ROSARIO,ASESOR_1,AGRO,BULONERIA,B,1485.41,1323.6,2
2026-06-08,2026-06-08,PED0001932,CLI_0003,ROSARIO,ASESOR_1,AGRO,PERFILES,B,1880.7,1966.1,2
2026-06-08,2026-06-08,PED0001932,CLI_0003,ROSARIO,ASESOR_1,AGRO,CH304,B,1153.15,1100.1,6
2026-06-09,2026-06-08,PED0001933,CLI_0012,ROSARIO,ASESOR_3,AUTOPARTES,BULONERIA,B,1325.75,1416.5,4
2026-06-12,2026-06-08,PED0001934,CLI_0030,CORDOBA,ASESOR_3,AUTOPARTES,CH430,B,1372.17,1567.8,1
2026-06-09,2026-06-08,PED0001935,CLI_0006,ROSARIO,ASESOR_3,ENERGIA,BULONERIA,B,982.45,1422.8,3
2026-06-09,2026-06-08,PED0001936,CLI_0036,ROSARIO,ASESOR_4,METALMECANICA,PERFILES,C,2195.71,2854.6,2
2026-06-10,2026-06-08,PED0001937,CLI_0031,MENDOZA,ASESOR_2,AGRO,CAÑOS Y TUBOS,B,1385.42,1476.9,1
2026-06-10,2026-06-08,PED0001937,CLI_0031,MENDOZA,ASESOR_2,AGRO,BULONERIA,B,1918.63,2707.6,4
2026-06-08,2026-06-08,PED0001938,CLI_0035,ROSARIO,ASESOR_3,AUTOPARTES,CAÑOS Y TUBOS,C,2160.18,2188.9,3
2026-06-08,2026-06-08,PED0001938,CLI_0035,ROSARIO,ASESOR_3,AUTOPARTES,BULONERIA,C,1086.52,1220.7,5
2026-06-11,2026-06-08,PED0001939,CLI_0008,CORDOBA,ASESOR_2,AGRO,CH430,C,1409.58,1508.9,5
2026-06-09,2026-06-08,PED0001940,CLI_0025,MENDOZA,ASESOR_2,ENERGIA,CH316,C,1716.5,2344.2,4
2026-06-11,2026-06-08,PED0001941,CLI_0034,MENDOZA,ASESOR_5,AUTOPARTES,BULONERIA,B,2125.05,2796.3,4
2026-06-10,2026-06-08,PED0001942,CLI_0006,ROSARIO,ASESOR_6,ENERGIA,BULONERIA,C,1129.14,1398.8,5
2026-06-11,2026-06-08,PED0001943,CLI_0009,MENDOZA,ASESOR_2,ENERGIA,CH316,A,1491.3,1897.2,2
2026-06-11,2026-06-08,PED0001943,CLI_0009,MENDOZA,ASESOR_2,ENERGIA,CH430,A,1297.05,1818.0,5
2026-06-12,2026-06-08,PED0001944,CLI_0031,CAPITAL,ASESOR_4,CONSTRUCCION,CAÑOS Y TUBOS,B,2257.91,2737.1,2
2026-06-09,2026-06-08,PED0001945,CLI_0024,MENDOZA,ASESOR_1,CONSTRUCCION,CAÑOS Y TUBOS,B,1154.39,1561.8,1
2026-06-12,2026-06-08,PED0001946,CLI_0038,CAPITAL,ASESOR_3,ENERGIA,CH304,C,2919.51,2978.1,2
2026-06-12,2026-06-08,PED0001946,CLI_0038,CAPITAL,ASESOR_3,ENERGIA,PERFILES,C,1315.29,2082.6,3
2026-06-12,2026-06-08,PED0001946,CLI_0038,CAPITAL,ASESOR_3,ENERGIA,CH316,C,3020.09,2890.7,3
2026-06-09,2026-06-08,PED0001947,CLI_0033,MENDOZA,ASESOR_4,AUTOPARTES,BULONERIA,B,2050.08,2792.3,3
2026-06-09,2026-06-08,PED0001947,CLI_0033,MENDOZA,ASESOR_4,AUTOPARTES,CH316,B,1624.97,1566.6,2
2026-06-08,2026-06-08,PED0001948,CLI_0038,CAPITAL,ASESOR_4,AUTOPARTES,PERFILES,C,1432.72,2116.4,1
2026-06-10,2026-06-08,PED0001949,CLI_0033,CAPITAL,ASESOR_2,METALMECANICA,CH304,C,2955.72,4704.5,1
2026-06-10,2026-06-08,PED0001949,CLI_0033,CAPITAL,ASESOR_2,METALMECANICA,PERFILES,C,1554.21,2348.7,2
2026-06-08,2026-06-08,PED0001950,CLI_0027,ROSARIO,ASESOR_3,AUTOPARTES,CH304,C,1269.47,1595.7,1
2026-06-08,2026-06-08,PED0001950,CLI_0027,ROSARIO,ASESOR_3,AUTOPARTES,CH316,C,1363.27,1874.1,5
2026-06-08,2026-06-08,PED0001950,CLI_0027,ROSARIO,ASESOR_3,AUTOPARTES,CH430,C,1277.79,1769.9,1
2026-06-09,2026-06-08,PED0001951,CLI_0013,CAPITAL,ASESOR_2,AUTOPARTES,BULONERIA,B,1708.14,2025.2,2
2026-06-10,2026-06-08,PED0001952,CLI_0046,CORDOBA,ASESOR_5,CONSTRUCCION,CH304,B,1725.87,2575.0,4
2026-06-08,2026-06-08,PED0001953,CLI_0014,ROSARIO,ASESOR_1,CONSTRUCCION,CH304,C,1375.04,1736.2,6
2026-06-08,2026-06-08,PED0001954,CLI_0015,CAPITAL,ASESOR_1,CONSTRUCCION,PERFILES,C,1894.94,2148.4,4
2026-06-12,2026-06-08,PED0001955,CLI_0032,CAPITAL,ASESOR_4,ENERGIA,CH316,C,2616.21,4091.3,2
2026-06-12,2026-06-08,PED0001955,CLI_0032,CAPITAL,ASESOR_4,ENERGIA,CH430,C,791.02,1199.4,3
2026-06-09,2026-06-08,PED0001956,CLI_0004,CORDOBA,ASESOR_5,AGRO,CH304,C,1353.6,1835.9,5
2026-06-11,2026-06-08,PED0001957,CLI_0011,CAPITAL,ASESOR_4,ENERGIA,CH430,A,1029.24,904.8,6
2026-06-08,2026-06-08,PED0001958,CLI_0030,CAPITAL,ASESOR_4,CONSTRUCCION,CH430,B,1123.36,1171.4,4
2026-06-08,2026-06-08,PED0001958,CLI_0030,CAPITAL,ASESOR_4,CONSTRUCCION,CH304,B,3356.54,2696.8,5
2026-06-11,2026-06-08,PED0001959,CLI_0041,CAPITAL,ASESOR_3,CONSTRUCCION,CH430,A,1083.89,1676.9,1
2026-06-11,2026-06-08,PED0001959,CLI_0041,CAPITAL,ASESOR_3,CONSTRUCCION,BULONERIA,A,2022.62,2601.2,4
2026-06-11,2026-06-08,PED0001959,CLI_0041,CAPITAL,ASESOR_3,CONSTRUCCION,CH316,A,3144.51,3798.8,4
2026-06-09,2026-06-08,PED0001960,CLI_0037,MENDOZA,ASESOR_3,METALMECANICA,CH304,A,3348.89,4016.8,5
2026-06-09,2026-06-08,PED0001960,CLI_0037,MENDOZA,ASESOR_3,METALMECANICA,BULONERIA,A,2681.86,3556.4,4
2026-06-08,2026-06-08,PED0001961,CLI_0008,CAPITAL,ASESOR_5,AGRO,CH304,A,2439.07,2414.6,3
2026-06-09,2026-06-08,PED0001962,CLI_0044,ROSARIO,ASESOR_3,CONSTRUCCION,CAÑOS Y TUBOS,B,2457.44,3566.5,3
2026-06-10,2026-06-08,PED0001963,CLI_0034,ROSARIO,ASESOR_3,AUTOPARTES,CH304,C,990.45,1363.4,1
2026-06-10,2026-06-08,PED0001963,CLI_0034,ROSARIO,ASESOR_3,AUTOPARTES,CH316,C,1745.35,2047.7,5
2026-06-10,2026-06-08,PED0001963,CLI_0034,ROSARIO,ASESOR_3,AUTOPARTES,CH430,C,1275.1,1646.0,5
2026-06-12,2026-06-08,PED0001964,CLI_0045,CORDOBA,ASESOR_4,METALMECANICA,PERFILES,C,2200.27,1946.7,6
2026-06-12,2026-06-08,PED0001964,CLI_0045,CORDOBA,ASESOR_4,METALMECANICA,CH316,C,1191.71,1278.2,4
2026-06-12,2026-06-08,PED0001964,CLI_0045,CORDOBA,ASESOR_4,METALMECANICA,CH304,C,1299.05,1728.7,4
2026-06-09,2026-06-08,PED0001965,CLI_0040,ROSARIO,ASESOR_3,AGRO,CH316,C,1402.23,1559.0,2
2026-06-09,2026-06-08,PED0001965,CLI_0040,ROSARIO,ASESOR_3,AGRO,CAÑOS Y TUBOS,C,2712.51,2954.7,3
2026-06-09,2026-06-08,PED0001965,CLI_0040,ROSARIO,ASESOR_3,AGRO,CH304,C,847.63,937.7,1
2026-06-08,2026-06-08,PED0001966,CLI_0042,MENDOZA,ASESOR_1,CONSTRUCCION,CH304,A,2782.8,4353.9,4
2026-06-08,2026-06-08,PED0001966,CLI_0042,MENDOZA,ASESOR_1,CONSTRUCCION,CAÑOS Y TUBOS,A,1748.43,1763.4,6
2026-06-11,2026-06-08,PED0001967,CLI_0044,MENDOZA,ASESOR_1,CONSTRUCCION,CH304,A,3008.66,4785.6,1
2026-06-11,2026-06-08,PED0001968,CLI_0015,MENDOZA,ASESOR_2,ENERGIA,PERFILES,A,1930.39,1732.3,6
2026-06-09,2026-06-08,PED0001969,CLI_0034,ROSARIO,ASESOR_2,AUTOPARTES,CH316,A,1279.06,1571.8,4
2026-06-08,2026-06-08,PED0001970,CLI_0042,CORDOBA,ASESOR_2,ENERGIA,CH304,A,1081.93,1515.8,3
2026-06-08,2026-06-08,PED0001971,CLI_0018,MENDOZA,ASESOR_5,CONSTRUCCION,CH430,B,1038.57,1634.4,4
2026-06-08,2026-06-08,PED0001971,CLI_0018,MENDOZA,ASESOR_5,CONSTRUCCION,CH304,B,3362.29,3132.9,6
2026-06-08,2026-06-08,PED0001971,CLI_0018,MENDOZA,ASESOR_5,CONSTRUCCION,BULONERIA,B,2204.23,1994.8,1
2026-06-11,2026-06-08,PED0001972,CLI_0015,MENDOZA,ASESOR_3,CONSTRUCCION,CH304,C,3128.95,3815.3,1
2026-06-11,2026-06-08,PED0001972,CLI_0015,MENDOZA,ASESOR_3,CONSTRUCCION,PERFILES,C,1415.22,1744.1,1
2026-06-09,2026-06-08,PED0001973,CLI_0018,CAPITAL,ASESOR_3,CONSTRUCCION,PERFILES,C,1490.16,2097.0,5
2026-06-11,2026-06-08,PED0001974,CLI_0009,CAPITAL,ASESOR_6,AGRO,CH430,B,922.77,867.6,6
2026-06-11,2026-06-08,PED0001974,CLI_0009,CAPITAL,ASESOR_6,AGRO,CH316,B,3197.81,3979.3,5
2026-06-11,2026-06-08,PED0001975,CLI_0041,ROSARIO,ASESOR_1,METALMECANICA,PERFILES,B,2104.15,2668.4,1
2026-06-11,2026-06-08,PED0001975,CLI_0041,ROSARIO,ASESOR_1,METALMECANICA,CH304,B,1204.12,1057.1,6
2026-06-11,2026-06-08,PED0001975,CLI_0041,ROSARIO,ASESOR_1,METALMECANICA,CH316,B,1520.45,2317.0,4
2026-06-10,2026-06-08,PED0001976,CLI_0037,CORDOBA,ASESOR_2,METALMECANICA,PERFILES,C,3533.12,5412.6,3
2026-06-10,2026-06-08,PED0001976,CLI_0037,CORDOBA,ASESOR_2,METALMECANICA,CH430,C,1361.08,1422.1,1
2026-06-11,2026-06-08,PED0001977,CLI_0001,CORDOBA,ASESOR_2,ENERGIA,CAÑOS Y TUBOS,C,1585.05,2142.3,3
2026-06-11,2026-06-08,PED0001977,CLI_0001,CORDOBA,ASESOR_2,ENERGIA,PERFILES,C,3441.18,4184.0,5
2026-06-11,2026-06-08,PED0001978,CLI_0036,MENDOZA,ASESOR_1,METALMECANICA,CAÑOS Y TUBOS,A,1288.91,1497.6,3
2026-06-09,2026-06-08,PED0001979,CLI_0008,CORDOBA,ASESOR_4,CONSTRUCCION,CH304,A,1705.79,1935.4,5
2026-06-09,2026-06-08,PED0001980,CLI_0031,CAPITAL,ASESOR_3,ENERGIA,BULONERIA,C,1353.24,1386.1,4
2026-06-10,2026-06-08,PED0001981,CLI_0014,MENDOZA,ASESOR_5,ENERGIA,CAÑOS Y TUBOS,A,1683.8,2019.1,2
2026-06-09,2026-06-08,PED0001982,CLI_0019,CORDOBA,ASESOR_1,ENERGIA,CH430,B,1114.04,1347.8,1
2026-06-09,2026-06-08,PED0001982,CLI_0019,CORDOBA,ASESOR_1,ENERGIA,CH316,B,960.57,1117.6,2
2026-06-12,2026-06-08,PED0001983,CLI_0017,CORDOBA,ASESOR_1,AGRO,PERFILES,B,2642.18,3083.0,5
2026-06-08,2026-06-08,PED0001984,CLI_0040,CAPITAL,ASESOR_4,AUTOPARTES,CH316,C,2973.46,2524.9,2
2026-06-12,2026-06-08,PED0001985,CLI_0032,ROSARIO,ASESOR_6,AUTOPARTES,CH316,C,1742.97,2577.3,3
2026-06-08,2026-06-08,PED0001986,CLI_0040,ROSARIO,ASESOR_5,METALMECANICA,CH316,B,1356.79,2067.5,6
2026-06-08,2026-06-08,PED0001986,CLI_0040,ROSARIO,ASESOR_5,METALMECANICA,PERFILES,B,2267.56,1978.5,2
2026-06-08,2026-06-08,PED0001986,CLI_0040,ROSARIO,ASESOR_5,METALMECANICA,CAÑOS Y TUBOS,B,1919.05,1988.9,2
2026-06-11,2026-06-08,PED0001987,CLI_0044,ROSARIO,ASESOR_2,CONSTRUCCION,CH316,B,1724.51,1875.1,2
2026-06-08,2026-06-08,PED0001988,CLI_0036,ROSARIO,ASESOR_4,METALMECANICA,CH316,C,1663.01,2330.2,2
2026-06-10,2026-06-08,PED0001989,CLI_0003,CAPITAL,ASESOR_2,ENERGIA,CH430,A,678.42,624.8,4
2026-06-09,2026-06-08,PED0001990,CLI_0006,CAPITAL,ASESOR_6,ENERGIA,PERFILES,A,1402.99,1800.5,1
2026-06-12,2026-06-08,PED0001991,CLI_0015,CAPITAL,ASESOR_1,CONSTRUCCION,CAÑOS Y TUBOS,C,1767.93,1674.9,3
2026-06-12,2026-06-08,PED0001991,CLI_0015,CAPITAL,ASESOR_1,CONSTRUCCION,CH304,C,2904.0,3991.1,3
2026-06-12,2026-06-08,PED0001992,CLI_0025,MENDOZA,ASESOR_1,ENERGIA,BULONERIA,C,2116.18,3381.7,2
2026-06-09,2026-06-08,PED0001993,CLI_0041,ROSARIO,ASESOR_1,AGRO,CH316,C,1134.9,1257.5,6
2026-06-10,2026-06-08,PED0001994,CLI_0024,MENDOZA,ASESOR_4,ENERGIA,CAÑOS Y TUBOS,C,1654.22,2432.2,4
2026-06-09,2026-06-08,PED0001995,CLI_0018,CAPITAL,ASESOR_6,CONSTRUCCION,BULONERIA,C,2153.8,2877.6,4
2026-06-09,2026-06-08,PED0001995,CLI_0018,CAPITAL,ASESOR_6,CONSTRUCCION,CH304,C,2983.44,3390.9,4
2026-06-11,2026-06-08,PED0001996,CLI_0039,CORDOBA,ASESOR_1,AGRO,CH304,A,1605.48,1490.0,1
2026-06-12,2026-06-08,PED0001997,CLI_0039,CORDOBA,ASESOR_4,ENERGIA,CH316,A,945.41,1267.0,4
2026-06-08,2026-06-08,PED0001998,CLI_0027,MENDOZA,ASESOR_6,ENERGIA,CAÑOS Y TUBOS,C,1579.2,1521.7,2
2026-06-12,2026-06-08,PED0001999,CLI_0028,ROSARIO,ASESOR_2,AUTOPARTES,CH316,C,1126.85,1025.9,6
2026-06-11,2026-06-08,PED0002000,CLI_0020,CORDOBA,ASESOR_6,ENERGIA,CH430,B,1525.94,1960.9,2
2026-06-11,2026-06-08,PED0002001,CLI_0016,CAPITAL,ASESOR_1,CONSTRUCCION,CH316,C,3583.48,4485.4,6
2026-06-11,2026-06-08,PED0002001,CLI_0016,CAPITAL,ASESOR_1,CONSTRUCCION,PERFILES,C,1340.23,1333.0,6
2026-06-12,2026-06-08,PED0002002,CLI_0014,CAPITAL,ASESOR_2,AUTOPARTES,PERFILES,B,1528.43,1477.9,4
2026-06-12,2026-06-08,PED0002002,CLI_0014,CAPITAL,ASESOR_2,AUTOPARTES,CAÑOS Y TUBOS,B,2124.18,2609.1,3
2026-06-11,2026-06-08,PED0002003,CLI_0014,CAPITAL,ASESOR_4,ENERGIA,CH304,B,3686.74,3954.6,2
2026-06-08,2026-06-08,PED0002004,CLI_0015,ROSARIO,ASESOR_1,CONSTRUCCION,CH430,A,1337.8,1490.8,2
2026-06-08,2026-06-08,PED0002004,CLI_0015,ROSARIO,ASESOR_1,CONSTRUCCION,CH316,A,1384.59,2066.7,2
2026-06-10,2026-06-08,PED0002005,CLI_0032,CORDOBA,ASESOR_1,AUTOPARTES,CH316,B,1326.77,1449.3,4
2026-06-10,2026-06-08,PED0002005,CLI_0032,CORDOBA,ASESOR_1,AUTOPARTES,BULONERIA,B,1978.18,2771.6,5
2026-06-10,2026-06-08,PED0002005,CLI_0032,CORDOBA,ASESOR_1,AUTOPARTES,CAÑOS Y TUBOS,B,1460.21,1648.0,5
2026-06-09,2026-06-08,PED0002006,CLI_0016,MENDOZA,ASESOR_5,AGRO,PERFILES,C,1554.65,1700.9,1
2026-06-08,2026-06-08,PED0002007,CLI_0032,CAPITAL,ASESOR_3,METALMECANICA,PERFILES,C,1485.34,1822.6,3
2026-06-08,2026-06-08,PED0002007,CLI_0032,CAPITAL,ASESOR_3,METALMECANICA,CH316,C,3752.77,3431.5,6
2026-06-08,2026-06-08,PED0002007,CLI_0032,CAPITAL,ASESOR_3,METALMECANICA,CAÑOS Y TUBOS,C,1464.09,1665.2,2
2026-06-10,2026-06-08,PED0002008,CLI_0039,MENDOZA,ASESOR_4,METALMECANICA,PERFILES,A,1812.3,1762.3,6
2026-06-10,2026-06-08,PED0002008,CLI_0039,MENDOZA,ASESOR_4,METALMECANICA,CAÑOS Y TUBOS,A,1760.42,2628.6,1
2026-06-08,2026-06-08,PED0002009,CLI_0043,ROSARIO,ASESOR_5,CONSTRUCCION,CH316,B,1285.37,1535.7,5
2026-06-09,2026-06-08,PED0002010,CLI_0016,CAPITAL,ASESOR_3,AGRO,PERFILES,C,1456.33,1928.7,4
2026-06-09,2026-06-08,PED0002011,CLI_0042,CAPITAL,ASESOR_2,AUTOPARTES,CAÑOS Y TUBOS,C,1936.28,2851.6,2
2026-06-08,2026-06-08,PED0002012,CLI_0031,ROSARIO,ASESOR_2,METALMECANICA,BULONERIA,C,988.47,1520.3,4
2026-06-08,2026-06-08,PED0002012,CLI_0031,ROSARIO,ASESOR_2,METALMECANICA,CH430,C,1155.32,1598.8,1
2026-06-08,2026-06-08,PED0002012,CLI_0031,ROSARIO,ASESOR_2,METALMECANICA,PERFILES,C,2030.0,2285.0,2
2026-06-08,2026-06-08,PED0002013,CLI_0037,ROSARIO,ASESOR_5,METALMECANICA,CH316,B,1714.59,2359.3,5
2026-06-08,2026-06-08,PED0002013,CLI_0037,ROSARIO,ASESOR_5,METALMECANICA,CH304,B,995.55,1527.7,2
2026-06-08,2026-06-08,PED0002013,CLI_0037,ROSARIO,ASESOR_5,METALMECANICA,PERFILES,B,2021.72,2026.8,5
2026-06-12,2026-06-08,PED0002014,CLI_0018,ROSARIO,ASESOR_2,AUTOPARTES,PERFILES,B,1784.7,2823.1,5
2026-06-08,2026-06-08,PED0002015,CLI_0016,MENDOZA,ASESOR_4,CONSTRUCCION,BULONERIA,C,2595.05,3896.1,5
2026-06-08,2026-06-08,PED0002015,CLI_0016,MENDOZA,ASESOR_4,CONSTRUCCION,CH430,C,1001.08,1251.2,3
2026-06-08,2026-06-08,PED0002015,CLI_0016,MENDOZA,ASESOR_4,CONSTRUCCION,PERFILES,C,2101.78,2152.1,6
2026-06-08,2026-06-08,PED0002016,CLI_0019,CAPITAL,ASESOR_1,AUTOPARTES,CH316,A,3698.87,5826.8,1
2026-06-08,2026-06-08,PED0002016,CLI_0019,CAPITAL,ASESOR_1,AUTOPARTES,CH430,A,709.85,1078.4,3
2026-06-08,2026-06-08,PED0002016,CLI_0019,CAPITAL,ASESOR_1,AUTOPARTES,CH304,A,2927.1,3454.4,5
2026-06-12,2026-06-08,PED0002017,CLI_0036,CAPITAL,ASESOR_5,CONSTRUCCION,BULONERIA,B,1589.4,2082.8,1
2026-06-12,2026-06-08,PED0002017,CLI_0036,CAPITAL,ASESOR_5,CONSTRUCCION,CH304,B,2757.41,2805.8,1
2026-06-08,2026-06-08,PED0002018,CLI_0042,CORDOBA,ASESOR_4,METALMECANICA,CH430,C,1315.6,1741.4,3
2026-06-08,2026-06-08,PED0002018,CLI_0042,CORDOBA,ASESOR_4,METALMECANICA,CH316,C,1091.15,1062.6,3
2026-06-08,2026-06-08,PED0002019,CLI_0033,MENDOZA,ASESOR_3,AGRO,CH304,B,3354.71,4069.5,3
2026-06-08,2026-06-08,PED0002019,CLI_0033,MENDOZA,ASESOR_3,AGRO,BULONERIA,B,2042.3,2364.8,4
2026-06-09,2026-06-08,PED0002020,CLI_0003,MENDOZA,ASESOR_5,AGRO,BULONERIA,A,2602.44,3179.4,5
2026-06-09,2026-06-08,PED0002020,CLI_0003,MENDOZA,ASESOR_5,AGRO,CH304,A,2971.99,2863.1,6
2026-06-09,2026-06-08,PED0002020,CLI_0003,MENDOZA,ASESOR_5,AGRO,CAÑOS Y TUBOS,A,1186.9,1038.2,3
2026-06-08,2026-06-08,PED0002021,CLI_0021,MENDOZA,ASESOR_4,ENERGIA,CAÑOS Y TUBOS,C,1435.49,1813.5,6
2026-06-08,2026-06-08,PED0002021,CLI_0021,MENDOZA,ASESOR_4,ENERGIA,BULONERIA,C,2194.14,2920.8,2
2026-06-08,2026-06-08,PED0002022,CLI_0021,MENDOZA,ASESOR_1,METALMECANICA,PERFILES,C,1484.57,1412.8,3
2026-06-09,2026-06-08,PED0002023,CLI_0008,CAPITAL,ASESOR_5,AGRO,CH316,B,2966.81,2941.7,2
2026-06-08,2026-06-08,PED0002024,CLI_0013,ROSARIO,ASESOR_3,AUTOPARTES,BULONERIA,B,1252.61,1562.8,1
2026-06-12,2026-06-08,PED0002025,CLI_0010,CORDOBA,ASESOR_5,AGRO,CH316,C,814.58,1221.8,2
2026-06-11,2026-06-08,PED0002026,CLI_0009,CAPITAL,ASESOR_2,ENERGIA,CAÑOS Y TUBOS,B,1818.06,2269.2,6
2026-06-08,2026-06-08,PED0002027,CLI_0021,ROSARIO,ASESOR_3,AGRO,CH316,A,1702.72,1867.0,3
2026-06-11,2026-06-08,PED0002028,CLI_0042,MENDOZA,ASESOR_1,AUTOPARTES,CH304,A,3346.3,5150.2,2
2026-06-11,2026-06-08,PED0002028,CLI_0042,MENDOZA,ASESOR_1,AUTOPARTES,PERFILES,A,2074.63,3057.8,6
2026-06-11,2026-06-08,PED0002029,CLI_0022,MENDOZA,ASESOR_2,ENERGIA,CAÑOS Y TUBOS,C,1791.9,2795.5,1
2026-06-11,2026-06-08,PED0002029,CLI_0022,MENDOZA,ASESOR_2,ENERGIA,BULONERIA,C,1759.46,2477.2,3
2026-06-12,2026-06-08,PED0002030,CLI_0034,ROSARIO,ASESOR_3,AUTOPARTES,CH316,C,1081.68,1650.6,2
2026-06-12,2026-06-08,PED0002030,CLI_0034,ROSARIO,ASESOR_3,AUTOPARTES,CH304,C,873.9,1277.5,6
2026-06-12,2026-06-08,PED0002030,CLI_0034,ROSARIO,ASESOR_3,AUTOPARTES,PERFILES,C,2524.94,2304.4,3
2026-06-10,2026-06-08,PED0002031,CLI_0012,CORDOBA,ASESOR_4,AUTOPARTES,CAÑOS Y TUBOS,C,1842.97,1612.9,5
2026-06-10,2026-06-08,PED0002031,CLI_0012,CORDOBA,ASESOR_4,AUTOPARTES,BULONERIA,C,2545.47,3632.3,4
2026-06-08,2026-06-08,PED0002032,CLI_0038,CAPITAL,ASESOR_6,ENERGIA,BULONERIA,C,1877.82,2027.8,4
2026-06-19,2026-06-15,PED0002033,CLI_0009,MENDOZA,ASESOR_4,AGRO,CH316,A,1094.61,1414.2,3
2026-06-19,2026-06-15,PED0002033,CLI_0009,MENDOZA,ASESOR_4,AGRO,CH430,A,1012.88,1568.9,3
2026-06-19,2026-06-15,PED0002033,CLI_0009,MENDOZA,ASESOR_4,AGRO,PERFILES,A,2125.91,3378.3,4
2026-06-16,2026-06-15,PED0002034,CLI_0039,CORDOBA,ASESOR_2,METALMECANICA,PERFILES,C,3249.09,3233.2,5
2026-06-16,2026-06-15,PED0002034,CLI_0039,CORDOBA,ASESOR_2,METALMECANICA,CH304,C,1549.0,1807.6,3
2026-06-17,2026-06-15,PED0002035,CLI_0029,CORDOBA,ASESOR_4,AUTOPARTES,BULONERIA,B,2275.59,1970.9,3
2026-06-16,2026-06-15,PED0002036,CLI_0039,CAPITAL,ASESOR_6,CONSTRUCCION,CH304,A,3101.07,2814.7,3
2026-06-19,2026-06-15,PED0002037,CLI_0041,ROSARIO,ASESOR_6,AGRO,PERFILES,C,2590.23,2493.5,3
2026-06-18,2026-06-15,PED0002038,CLI_0006,CORDOBA,ASESOR_5,ENERGIA,PERFILES,C,2564.05,2877.7,5
2026-06-18,2026-06-15,PED0002038,CLI_0006,CORDOBA,ASESOR_5,ENERGIA,CH316,C,861.68,863.2,2
2026-06-18,2026-06-15,PED0002038,CLI_0006,CORDOBA,ASESOR_5,ENERGIA,CH304,C,1736.62,2376.9,4
2026-06-16,2026-06-15,PED0002039,CLI_0014,MENDOZA,ASESOR_3,AUTOPARTES,CAÑOS Y TUBOS,C,1623.67,2360.5,4
2026-06-17,2026-06-15,PED0002040,CLI_0016,MENDOZA,ASESOR_3,AUTOPARTES,CH430,C,1081.25,1634.0,2
2026-06-15,2026-06-15,PED0002041,CLI_0029,MENDOZA,ASESOR_6,AUTOPARTES,BULONERIA,B,1650.82,1837.2,1
2026-06-15,2026-06-15,PED0002041,CLI_0029,MENDOZA,ASESOR_6,AUTOPARTES,CH316,B,1145.35,1527.0,4
2026-06-17,2026-06-15,PED0002042,CLI_0021,CAPITAL,ASESOR_3,CONSTRUCCION,CH316,C,3174.85,2830.8,6
2026-06-16,2026-06-15,PED0002043,CLI_0009,ROSARIO,ASESOR_6,CONSTRUCCION,CAÑOS Y TUBOS,C,2814.02,4298.9,4
2026-06-15,2026-06-15,PED0002044,CLI_0006,ROSARIO,ASESOR_1,CONSTRUCCION,PERFILES,C,2236.94,1907.6,4
2026-06-15,2026-06-15,PED0002044,CLI_0006,ROSARIO,ASESOR_1,CONSTRUCCION,BULONERIA,C,1277.3,1764.8,3
2026-06-17,2026-06-15,PED0002045,CLI_0034,CAPITAL,ASESOR_2,ENERGIA,CH430,C,825.8,1242.5,5
2026-06-17,2026-06-15,PED0002045,CLI_0034,CAPITAL,ASESOR_2,ENERGIA,CH304,C,3491.16,4538.5,1
2026-06-18,2026-06-15,PED0002046,CLI_0043,ROSARIO,ASESOR_1,AGRO,CH316,C,1627.82,1815.2,5
2026-06-18,2026-06-15,PED0002047,CLI_0035,CAPITAL,ASESOR_5,CONSTRUCCION,CH430,A,1058.87,1580.0,5
2026-06-17,2026-06-15,PED0002048,CLI_0004,CORDOBA,ASESOR_4,AGRO,CH316,C,831.93,897.7,5
2026-06-17,2026-06-15,PED0002048,CLI_0004,CORDOBA,ASESOR_4,AGRO,CH304,C,1720.15,2304.1,6
2026-06-17,2026-06-15,PED0002048,CLI_0004,CORDOBA,ASESOR_4,AGRO,PERFILES,C,2507.73,3735.5,4
2026-06-17,2026-06-15,PED0002049,CLI_0035,MENDOZA,ASESOR_2,ENERGIA,CH304,B,3112.09,2838.1,4
2026-06-17,2026-06-15,PED0002049,CLI_0035,MENDOZA,ASESOR_2,ENERGIA,PERFILES,B,1831.52,2160.3,4
2026-06-17,2026-06-15,PED0002049,CLI_0035,MENDOZA,ASESOR_2,ENERGIA,BULONERIA,B,2424.41,2630.0,1
2026-06-19,2026-06-15,PED0002050,CLI_0004,CAPITAL,ASESOR_4,METALMECANICA,CAÑOS Y TUBOS,B,2232.29,2009.5,5
2026-06-17,2026-06-15,PED0002051,CLI_0019,ROSARIO,ASESOR_4,AUTOPARTES,BULONERIA,B,1361.8,2047.2,6
2026-06-16,2026-06-15,PED0002052,CLI_0019,ROSARIO,ASESOR_4,METALMECANICA,CAÑOS Y TUBOS,A,2332.62,3416.5,5
2026-06-15,2026-06-15,PED0002053,CLI_0015,CAPITAL,ASESOR_5,AUTOPARTES,CH430,B,922.63,1211.1,6
2026-06-15,2026-06-15,PED0002053,CLI_0015,CAPITAL,ASESOR_5,AUTOPARTES,CH316,B,3805.66,4681.8,5
2026-06-15,2026-06-15,PED0002053,CLI_0015,CAPITAL,ASESOR_5,AUTOPARTES,PERFILES,B,1220.05,1260.5,5
2026-06-17,2026-06-15,PED0002054,CLI_0002,ROSARIO,ASESOR_3,ENERGIA,CAÑOS Y TUBOS,B,2376.33,2190.6,3
2026-06-19,2026-06-15,PED0002055,CLI_0006,MENDOZA,ASESOR_4,AGRO,BULONERIA,A,2205.95,2324.3,1
2026-06-17,2026-06-15,PED0002056,CLI_0032,CORDOBA,ASESOR_1,METALMECANICA,PERFILES,A,2427.18,2077.6,2
2026-06-19,2026-06-15,PED0002057,CLI_0012,CORDOBA,ASESOR_4,AGRO,BULONERIA,C,1760.23,2784.0,5
2026-06-15,2026-06-15,PED0002058,CLI_0015,MENDOZA,ASESOR_1,CONSTRUCCION,PERFILES,C,1463.92,1487.1,6
2026-06-17,2026-06-15,PED0002059,CLI_0036,ROSARIO,ASESOR_5,METALMECANICA,CH304,C,1190.19,1689.1,5
2026-06-17,2026-06-15,PED0002059,CLI_0036,ROSARIO,ASESOR_5,METALMECANICA,CH316,C,1216.16,1093.1,6
2026-06-18,2026-06-15,PED0002060,CLI_0019,ROSARIO,ASESOR_3,CONSTRUCCION,CH304,A,986.14,1239.9,1
2026-06-18,2026-06-15,PED0002060,CLI_0019,ROSARIO,ASESOR_3,CONSTRUCCION,CAÑOS Y TUBOS,A,2281.8,2999.4,3
2026-06-18,2026-06-15,PED0002061,CLI_0014,ROSARIO,ASESOR_2,AUTOPARTES,CH304,B,841.96,786.8,1
2026-06-18,2026-06-15,PED0002061,CLI_0014,ROSARIO,ASESOR_2,AUTOPARTES,PERFILES,B,1621.11,2531.8,6
2026-06-18,2026-06-15,PED0002062,CLI_0029,ROSARIO,ASESOR_1,AUTOPARTES,CAÑOS Y TUBOS,C,2111.47,3048.9,4
2026-06-18,2026-06-15,PED0002062,CLI_0029,ROSARIO,ASESOR_1,AUTOPARTES,CH316,C,1336.12,1570.8,6
2026-06-17,2026-06-15,PED0002063,CLI_0012,CORDOBA,ASESOR_1,AGRO,BULONERIA,B,2683.75,2936.0,4
2026-06-18,2026-06-15,PED0002064,CLI_0018,MENDOZA,ASESOR_3,CONSTRUCCION,CH430,C,1074.68,1180.2,3
2026-06-18,2026-06-15,PED0002064,CLI_0018,MENDOZA,ASESOR_3,CONSTRUCCION,BULONERIA,C,1986.8,1693.7,4
2026-06-17,2026-06-15,PED0002065,CLI_0026,MENDOZA,ASESOR_5,ENERGIA,PERFILES,C,1744.81,2493.7,5
2026-06-17,2026-06-15,PED0002065,CLI_0026,MENDOZA,ASESOR_5,ENERGIA,CH316,C,1618.3,1590.6,3
2026-06-17,2026-06-15,PED0002065,CLI_0026,MENDOZA,ASESOR_5,ENERGIA,CH430,C,1320.96,2055.1,6
2026-06-17,2026-06-15,PED0002066,CLI_0042,ROSARIO,ASESOR_4,METALMECANICA,CH316,B,1186.1,1765.6,4
2026-06-19,2026-06-15,PED0002067,CLI_0035,MENDOZA,ASESOR_3,ENERGIA,CH316,B,1641.21,2167.0,5
2026-06-19,2026-06-15,PED0002068,CLI_0009,ROSARIO,ASESOR_6,AGRO,PERFILES,B,1987.81,2803.9,3
2026-06-19,2026-06-15,PED0002068,CLI_0009,ROSARIO,ASESOR_6,AGRO,CH304,B,1010.53,856.6,6
2026-06-18,2026-06-15,PED0002069,CLI_0015,CAPITAL,ASESOR_5,AUTOPARTES,CH304,B,2400.38,2298.7,2
2026-06-16,2026-06-15,PED0002070,CLI_0013,ROSARIO,ASESOR_5,CONSTRUCCION,CAÑOS Y TUBOS,C,2123.57,3038.4,3
2026-06-16,2026-06-15,PED0002070,CLI_0013,ROSARIO,ASESOR_5,CONSTRUCCION,CH316,C,1553.71,2448.0,1
2026-06-16,2026-06-15,PED0002070,CLI_0013,ROSARIO,ASESOR_5,CONSTRUCCION,CH430,C,1058.95,1631.1,1
2026-06-15,2026-06-15,PED0002071,CLI_0019,MENDOZA,ASESOR_2,AGRO,BULONERIA,C,1772.25,2406.3,1
2026-06-15,2026-06-15,PED0002072,CLI_0039,CORDOBA,ASESOR_3,CONSTRUCCION,CH430,C,1123.4,956.9,4
2026-06-19,2026-06-15,PED0002073,CLI_0019,CORDOBA,ASESOR_6,AUTOPARTES,CH430,C,1494.52,2062.3,1
2026-06-19,2026-06-15,PED0002073,CLI_0019,CORDOBA,ASESOR_6,AUTOPARTES,CH316,C,872.72,865.0,3
2026-06-19,2026-06-15,PED0002073,CLI_0019,CORDOBA,ASESOR_6,AUTOPARTES,CH304,C,1459.5,1488.4,2
2026-06-16,2026-06-15,PED0002074,CLI_0018,MENDOZA,ASESOR_3,AUTOPARTES,BULONERIA,C,2611.83,3773.8,3
2026-06-16,2026-06-15,PED0002074,CLI_0018,MENDOZA,ASESOR_3,AUTOPARTES,CAÑOS Y TUBOS,C,1192.95,1003.1,3
2026-06-17,2026-06-15,PED0002075,CLI_0013,MENDOZA,ASESOR_2,ENERGIA,CH304,A,2436.97,3424.6,1
2026-06-18,2026-06-15,PED0002076,CLI_0010,CAPITAL,ASESOR_5,AUTOPARTES,CH430,B,1047.96,1100.5,6
2026-06-18,2026-06-15,PED0002076,CLI_0010,CAPITAL,ASESOR_5,AUTOPARTES,BULONERIA,B,1530.73,1780.2,1
2026-06-18,2026-06-15,PED0002077,CLI_0037,MENDOZA,ASESOR_2,METALMECANICA,CH316,A,1402.31,1554.1,2
2026-06-18,2026-06-15,PED0002078,CLI_0014,CAPITAL,ASESOR_6,AGRO,BULONERIA,C,2012.33,2024.1,1
2026-06-18,2026-06-15,PED0002078,CLI_0014,CAPITAL,ASESOR_6,AGRO,CH316,C,2663.02,3034.4,5
2026-06-18,2026-06-15,PED0002079,CLI_0045,CORDOBA,ASESOR_5,CONSTRUCCION,PERFILES,B,3049.56,2584.1,5
2026-06-15,2026-06-15,PED0002080,CLI_0004,ROSARIO,ASESOR_1,ENERGIA,CH316,C,1504.06,2346.1,4
2026-06-15,2026-06-15,PED0002080,CLI_0004,ROSARIO,ASESOR_1,ENERGIA,PERFILES,C,2404.11,3733.1,3
2026-06-16,2026-06-15,PED0002081,CLI_0012,CORDOBA,ASESOR_1,AGRO,CH316,C,935.48,1350.0,2
2026-06-16,2026-06-15,PED0002081,CLI_0012,CORDOBA,ASESOR_1,AGRO,CAÑOS Y TUBOS,C,1818.36,1767.9,2
2026-06-16,2026-06-15,PED0002081,CLI_0012,CORDOBA,ASESOR_1,AGRO,PERFILES,C,3346.19,4098.5,5
2026-06-17,2026-06-15,PED0002082,CLI_0008,CAPITAL,ASESOR_3,ENERGIA,CH304,B,2892.74,4202.4,4
2026-06-17,2026-06-15,PED0002082,CLI_0008,CAPITAL,ASESOR_3,ENERGIA,CH316,B,2860.27,2393.9,6
2026-06-15,2026-06-15,PED0002083,CLI_0030,ROSARIO,ASESOR_5,AUTOPARTES,CH316,C,1413.48,1998.2,4
2026-06-15,2026-06-15,PED0002084,CLI_0015,MENDOZA,ASESOR_4,AUTOPARTES,CH430,C,934.39,960.7,3
2026-06-15,2026-06-15,PED0002084,CLI_0015,MENDOZA,ASESOR_4,AUTOPARTES,PERFILES,C,1473.0,1278.7,6
2026-06-16,2026-06-15,PED0002085,CLI_0008,ROSARIO,ASESOR_6,AGRO,CH304,B,1202.36,1524.8,4
2026-06-16,2026-06-15,PED0002085,CLI_0008,ROSARIO,ASESOR_6,AGRO,BULONERIA,B,1023.02,1344.3,3
2026-06-16,2026-06-15,PED0002085,CLI_0008,ROSARIO,ASESOR_6,AGRO,CH316,B,1086.83,997.3,5
2026-06-17,2026-06-15,PED0002086,CLI_0033,CAPITAL,ASESOR_6,METALMECANICA,CAÑOS Y TUBOS,C,2220.51,2681.0,4
2026-06-17,2026-06-15,PED0002086,CLI_0033,CAPITAL,ASESOR_6,METALMECANICA,CH316,C,2611.24,3372.4,6
2026-06-16,2026-06-15,PED0002087,CLI_0009,CAPITAL,ASESOR_6,ENERGIA,PERFILES,B,1419.65,1779.9,1
2026-06-18,2026-06-15,PED0002088,CLI_0018,CORDOBA,ASESOR_4,AUTOPARTES,CH304,C,1306.87,1636.1,6
2026-06-17,2026-06-15,PED0002089,CLI_0021,MENDOZA,ASESOR_4,CONSTRUCCION,BULONERIA,B,2033.32,1946.3,3
2026-06-17,2026-06-15,PED0002089,CLI_0021,MENDOZA,ASESOR_4,CONSTRUCCION,PERFILES,B,1542.64,1297.2,2
2026-06-17,2026-06-15,PED0002089,CLI_0021,MENDOZA,ASESOR_4,CONSTRUCCION,CH304,B,2085.64,2963.5,4
2026-06-16,2026-06-15,PED0002090,CLI_0029,ROSARIO,ASESOR_5,METALMECANICA,CH430,C,1447.34,1354.8,3
2026-06-16,2026-06-15,PED0002090,CLI_0029,ROSARIO,ASESOR_5,METALMECANICA,BULONERIA,C,1265.9,1471.1,4
2026-06-17,2026-06-15,PED0002091,CLI_0031,CAPITAL,ASESOR_2,CONSTRUCCION,BULONERIA,B,1743.72,1880.4,6
2026-06-19,2026-06-15,PED0002092,CLI_0015,CAPITAL,ASESOR_5,AUTOPARTES,CH304,B,2438.11,2425.6,5
2026-06-15,2026-06-15,PED0002093,CLI_0037,ROSARIO,ASESOR_4,AUTOPARTES,CH430,A,1140.18,1003.9,3
2026-06-19,2026-06-15,PED0002094,CLI_0019,ROSARIO,ASESOR_2,CONSTRUCCION,CH316,A,1200.12,1700.3,6
2026-06-19,2026-06-15,PED0002095,CLI_0012,ROSARIO,ASESOR_6,CONSTRUCCION,BULONERIA,C,1207.8,1367.6,1
2026-06-18,2026-06-15,PED0002096,CLI_0002,ROSARIO,ASESOR_5,ENERGIA,BULONERIA,C,1242.42,1501.1,6
2026-06-18,2026-06-15,PED0002096,CLI_0002,ROSARIO,ASESOR_5,ENERGIA,CAÑOS Y TUBOS,C,2167.51,2576.9,4
2026-06-18,2026-06-15,PED0002096,CLI_0002,ROSARIO,ASESOR_5,ENERGIA,CH304,C,935.57,780.4,3
2026-06-15,2026-06-15,PED0002097,CLI_0037,ROSARIO,ASESOR_1,AGRO,CH304,C,1074.17,1090.5,3
2026-06-15,2026-06-15,PED0002097,CLI_0037,ROSARIO,ASESOR_1,AGRO,CAÑOS Y TUBOS,C,2845.63,2339.3,6
2026-06-15,2026-06-15,PED0002097,CLI_0037,ROSARIO,ASESOR_1,AGRO,BULONERIA,C,1372.26,2017.7,3
2026-06-17,2026-06-15,PED0002098,CLI_0017,CAPITAL,ASESOR_2,AUTOPARTES,CH304,B,3686.38,4671.8,1
2026-06-18,2026-06-15,PED0002099,CLI_0016,CORDOBA,ASESOR_6,AGRO,CH316,B,1026.37,1099.0,1
2026-06-18,2026-06-15,PED0002099,CLI_0016,CORDOBA,ASESOR_6,AGRO,PERFILES,B,3018.81,3510.3,4
2026-06-19,2026-06-15,PED0002100,CLI_0004,CAPITAL,ASESOR_2,METALMECANICA,CH316,B,3733.21,3704.9,3
2026-06-18,2026-06-15,PED0002101,CLI_0020,MENDOZA,ASESOR_1,AUTOPARTES,CH304,C,2593.07,3100.1,4
2026-06-18,2026-06-15,PED0002102,CLI_0039,CAPITAL,ASESOR_2,ENERGIA,CH304,C,3450.06,3360.1,6
2026-06-18,2026-06-15,PED0002102,CLI_0039,CAPITAL,ASESOR_2,ENERGIA,CH316,C,3862.36,5442.6,3
2026-06-18,2026-06-15,PED0002103,CLI_0036,MENDOZA,ASESOR_1,AGRO,CAÑOS Y TUBOS,B,1262.4,1230.5,3
2026-06-17,2026-06-15,PED0002104,CLI_0004,CAPITAL,ASESOR_1,METALMECANICA,BULONERIA,B,1426.02,1352.5,5
2026-06-18,2026-06-15,PED0002105,CLI_0008,ROSARIO,ASESOR_1,ENERGIA,CAÑOS Y TUBOS,B,2114.32,1737.5,3
2026-06-19,2026-06-15,PED0002106,CLI_0006,MENDOZA,ASESOR_3,METALMECANICA,CAÑOS Y TUBOS,B,1797.17,1748.9,5
2026-06-18,2026-06-15,PED0002107,CLI_0041,ROSARIO,ASESOR_1,CONSTRUCCION,BULONERIA,B,1201.79,1179.7,1
2026-06-18,2026-06-15,PED0002107,CLI_0041,ROSARIO,ASESOR_1,CONSTRUCCION,CH316,B,1624.37,2048.9,2
2026-06-18,2026-06-15,PED0002108,CLI_0023,ROSARIO,ASESOR_6,ENERGIA,CAÑOS Y TUBOS,A,2136.19,1783.6,3
2026-06-18,2026-06-15,PED0002108,CLI_0023,ROSARIO,ASESOR_6,ENERGIA,CH430,A,942.33,1313.8,6
2026-06-18,2026-06-15,PED0002108,CLI_0023,ROSARIO,ASESOR_6,ENERGIA,CH316,A,1179.58,1032.5,5
2026-06-18,2026-06-15,PED0002109,CLI_0033,MENDOZA,ASESOR_2,AUTOPARTES,CH316,B,1097.74,1349.3,4
2026-06-17,2026-06-15,PED0002110,CLI_0017,MENDOZA,ASESOR_6,CONSTRUCCION,PERFILES,C,1938.2,2847.6,5
2026-06-17,2026-06-15,PED0002110,CLI_0017,MENDOZA,ASESOR_6,CONSTRUCCION,BULONERIA,C,2340.52,3431.4,4
2026-06-17,2026-06-15,PED0002111,CLI_0017,CORDOBA,ASESOR_5,ENERGIA,CH316,B,869.9,782.4,3
2026-06-19,2026-06-15,PED0002112,CLI_0001,MENDOZA,ASESOR_3,METALMECANICA,BULONERIA,B,2708.21,4097.8,1
2026-06-19,2026-06-15,PED0002112,CLI_0001,MENDOZA,ASESOR_3,METALMECANICA,CH304,B,2676.75,3196.1,6
2026-06-16,2026-06-15,PED0002113,CLI_0030,CORDOBA,ASESOR_4,AUTOPARTES,CH316,A,1061.88,1660.9,3
2026-06-16,2026-06-15,PED0002113,CLI_0030,CORDOBA,ASESOR_4,AUTOPARTES,PERFILES,A,2801.16,2639.8,4
2026-06-16,2026-06-15,PED0002114,CLI_0013,CAPITAL,ASESOR_4,ENERGIA,PERFILES,B,1631.79,1421.2,2
2026-06-15,2026-06-15,PED0002115,CLI_0033,CAPITAL,ASESOR_4,ENERGIA,CH316,C,3409.52,2763.0,1
2026-06-15,2026-06-15,PED0002116,CLI_0005,MENDOZA,ASESOR_4,AGRO,BULONERIA,A,1839.35,2826.6,2
2026-06-17,2026-06-15,PED0002117,CLI_0036,CAPITAL,ASESOR_4,ENERGIA,CH304,C,3387.86,4972.8,2
2026-06-17,2026-06-15,PED0002117,CLI_0036,CAPITAL,ASESOR_4,ENERGIA,CH430,C,889.3,827.6,3
2026-06-16,2026-06-15,PED0002118,CLI_0009,CORDOBA,ASESOR_3,ENERGIA,CAÑOS Y TUBOS,C,1782.42,2595.7,2
2026-06-19,2026-06-15,PED0002119,CLI_0030,CAPITAL,ASESOR_2,METALMECANICA,CH316,C,3623.02,5483.7,1
2026-06-19,2026-06-15,PED0002119,CLI_0030,CAPITAL,ASESOR_2,METALMECANICA,CH430,C,872.08,887.7,5
2026-06-17,2026-06-15,PED0002120,CLI_0002,ROSARIO,ASESOR_3,ENERGIA,CAÑOS Y TUBOS,C,2885.52,2553.8,6
2026-06-17,2026-06-15,PED0002120,CLI_0002,ROSARIO,ASESOR_3,ENERGIA,CH316,C,1786.38,2439.0,4
2026-06-17,2026-06-15,PED0002121,CLI_0011,CAPITAL,ASESOR_1,ENERGIA,CH316,B,3537.31,4400.0,3
2026-06-19,2026-06-15,PED0002122,CLI_0003,ROSARIO,ASESOR_1,AGRO,CAÑOS Y TUBOS,B,2517.38,3063.8,6
2026-06-17,2026-06-15,PED0002123,CLI_0037,CORDOBA,ASESOR_5,CONSTRUCCION,PERFILES,C,2930.17,2662.0,3
2026-06-15,2026-06-15,PED0002124,CLI_0033,CAPITAL,ASESOR_5,ENERGIA,BULONERIA,C,2026.0,1925.8,6
2026-06-16,2026-06-15,PED0002125,CLI_0004,CAPITAL,ASESOR_4,METALMECANICA,PERFILES,B,1601.99,2479.0,4
2026-06-17,2026-06-15,PED0002126,CLI_0017,CAPITAL,ASESOR_4,AUTOPARTES,BULONERIA,A,1453.02,1361.9,2
2026-06-17,2026-06-15,PED0002126,CLI_0017,CAPITAL,ASESOR_4,AUTOPARTES,CH316,A,3555.85,5533.2,1
2026-06-17,2026-06-15,PED0002126,CLI_0017,CAPITAL,ASESOR_4,AUTOPARTES,CH430,A,984.76,1201.6,6
2026-06-16,2026-06-15,PED0002127,CLI_0032,ROSARIO,ASESOR_1,METALMECANICA,CAÑOS Y TUBOS,C,2170.25,1761.2,5
2026-06-16,2026-06-15,PED0002127,CLI_0032,ROSARIO,ASESOR_1,METALMECANICA,CH430,C,972.73,1393.6,3
2026-06-17,2026-06-15,PED0002128,CLI_0012,CORDOBA,ASESOR_2,AGRO,BULONERIA,C,1669.36,2261.1,2
2026-06-17,2026-06-15,PED0002129,CLI_0023,CORDOBA,ASESOR_1,ENERGIA,CH304,B,1524.32,1847.2,6
2026-06-17,2026-06-15,PED0002129,CLI_0023,CORDOBA,ASESOR_1,ENERGIA,BULONERIA,B,1706.77,1824.7,3
2026-06-18,2026-06-15,PED0002130,CLI_0011,CAPITAL,ASESOR_5,ENERGIA,PERFILES,B,1657.83,2263.5,2
2026-06-17,2026-06-15,PED0002131,CLI_0032,MENDOZA,ASESOR_1,AGRO,CH304,B,2154.79,3291.3,2
2026-06-17,2026-06-15,PED0002131,CLI_0032,MENDOZA,ASESOR_1,AGRO,PERFILES,B,1639.48,1411.4,1
2026-06-19,2026-06-15,PED0002132,CLI_0014,CAPITAL,ASESOR_6,AUTOPARTES,BULONERIA,B,1849.34,2944.3,1
2026-06-18,2026-06-15,PED0002133,CLI_0042,ROSARIO,ASESOR_2,METALMECANICA,CAÑOS Y TUBOS,B,2007.92,1876.0,3
2026-06-18,2026-06-15,PED0002133,CLI_0042,ROSARIO,ASESOR_2,METALMECANICA,PERFILES,B,1856.82,2283.5,1
2026-06-16,2026-06-15,PED0002134,CLI_0039,CORDOBA,ASESOR_1,CONSTRUCCION,CH304,C,1612.01,2299.9,3
2026-06-16,2026-06-15,PED0002134,CLI_0039,CORDOBA,ASESOR_1,CONSTRUCCION,PERFILES,C,2338.55,3093.8,2
2026-06-19,2026-06-15,PED0002135,CLI_0031,CORDOBA,ASESOR_1,METALMECANICA,CH430,B,1100.2,1589.5,6
2026-06-19,2026-06-15,PED0002135,CLI_0031,CORDOBA,ASESOR_1,METALMECANICA,CAÑOS Y TUBOS,B,1495.9,1920.1,2
2026-06-18,2026-06-15,PED0002136,CLI_0037,CORDOBA,ASESOR_2,METALMECANICA,PERFILES,B,2521.95,2092.8,4
2026-06-16,2026-06-15,PED0002137,CLI_0036,CORDOBA,ASESOR_3,AUTOPARTES,PERFILES,B,3514.28,4370.3,3
2026-06-19,2026-06-15,PED0002138,CLI_0001,CAPITAL,ASESOR_4,AGRO,CH316,B,3355.07,5043.7,4
2026-06-19,2026-06-15,PED0002138,CLI_0001,CAPITAL,ASESOR_4,AGRO,PERFILES,B,1905.29,2843.6,2
2026-06-19,2026-06-15,PED0002138,CLI_0001,CAPITAL,ASESOR_4,AGRO,CH430,B,931.19,1345.9,5
2026-06-18,2026-06-15,PED0002139,CLI_0031,MENDOZA,ASESOR_3,AGRO,CH304,B,2435.68,2191.3,5
2026-06-17,2026-06-15,PED0002140,CLI_0011,ROSARIO,ASESOR_1,CONSTRUCCION,PERFILES,C,2623.46,2544.3,3
2026-06-19,2026-06-15,PED0002141,CLI_0007,CORDOBA,ASESOR_6,ENERGIA,CAÑOS Y TUBOS,C,1451.1,1635.2,1
2026-06-19,2026-06-15,PED0002141,CLI_0007,CORDOBA,ASESOR_6,ENERGIA,BULONERIA,C,2134.74,3165.1,6
2026-06-19,2026-06-15,PED0002141,CLI_0007,CORDOBA,ASESOR_6,ENERGIA,CH430,C,990.22,1476.1,4
2026-06-15,2026-06-15,PED0002142,CLI_0010,CAPITAL,ASESOR_1,AGRO,CH316,C,3656.79,3688.1,6
2026-06-18,2026-06-15,PED0002143,CLI_0035,MENDOZA,ASESOR_1,AGRO,CH430,B,919.53,984.8,5
2026-06-17,2026-06-15,PED0002144,CLI_0021,MENDOZA,ASESOR_1,CONSTRUCCION,BULONERIA,B,1850.14,2507.7,3
2026-06-17,2026-06-15,PED0002144,CLI_0021,MENDOZA,ASESOR_1,CONSTRUCCION,CH316,B,1523.92,1999.0,4
2026-06-17,2026-06-15,PED0002145,CLI_0011,CORDOBA,ASESOR_1,AGRO,CAÑOS Y TUBOS,B,1698.77,1670.7,3
2026-06-17,2026-06-15,PED0002145,CLI_0011,CORDOBA,ASESOR_1,AGRO,PERFILES,B,2603.12,2365.1,6
2026-06-19,2026-06-15,PED0002146,CLI_0024,CORDOBA,ASESOR_2,ENERGIA,CH430,B,1056.65,1656.0,2
2026-06-19,2026-06-15,PED0002146,CLI_0024,CORDOBA,ASESOR_2,ENERGIA,CAÑOS Y TUBOS,B,1357.27,2150.3,6
2026-06-18,2026-06-15,PED0002147,CLI_0043,ROSARIO,ASESOR_5,AGRO,CAÑOS Y TUBOS,C,2416.99,3460.3,6
2026-06-18,2026-06-15,PED0002147,CLI_0043,ROSARIO,ASESOR_5,AGRO,CH430,C,1162.05,1632.3,5
2026-06-19,2026-06-15,PED0002148,CLI_0018,CORDOBA,ASESOR_5,AUTOPARTES,BULONERIA,C,1988.06,2148.4,1
2026-06-19,2026-06-15,PED0002148,CLI_0018,CORDOBA,ASESOR_5,AUTOPARTES,CAÑOS Y TUBOS,C,1646.2,1428.3,1
2026-06-19,2026-06-15,PED0002148,CLI_0018,CORDOBA,ASESOR_5,AUTOPARTES,CH316,C,1272.61,1161.9,5
2026-06-15,2026-06-15,PED0002149,CLI_0006,MENDOZA,ASESOR_5,AGRO,BULONERIA,A,2561.4,2351.2,6
2026-06-15,2026-06-15,PED0002149,CLI_0006,MENDOZA,ASESOR_5,AGRO,PERFILES,A,1730.07,1868.9,4
2026-06-16,2026-06-15,PED0002150,CLI_0035,MENDOZA,ASESOR_1,AUTOPARTES,CH316,B,1622.59,1578.0,3
2026-06-19,2026-06-15,PED0002151,CLI_0025,CORDOBA,ASESOR_2,ENERGIA,BULONERIA,B,2419.53,2385.9,5
2026-06-18,2026-06-15,PED0002152,CLI_0019,CAPITAL,ASESOR_6,AUTOPARTES,CH304,A,3426.26,4777.0,1
2026-06-18,2026-06-15,PED0002152,CLI_0019,CAPITAL,ASESOR_6,AUTOPARTES,CAÑOS Y TUBOS,A,1835.48,1791.2,1
2026-06-18,2026-06-15,PED0002153,CLI_0021,MENDOZA,ASESOR_3,AGRO,CH316,C,1363.23,2119.2,4
2026-06-18,2026-06-15,PED0002153,CLI_0021,MENDOZA,ASESOR_3,AGRO,CAÑOS Y TUBOS,C,1509.27,2048.5,5
2026-06-18,2026-06-15,PED0002153,CLI_0021,MENDOZA,ASESOR_3,AGRO,BULONERIA,C,2295.02,3505.9,5
2026-06-19,2026-06-15,PED0002154,CLI_0019,MENDOZA,ASESOR_4,AGRO,CH430,C,1317.99,2046.5,5
2026-06-18,2026-06-15,PED0002155,CLI_0020,CORDOBA,ASESOR_2,ENERGIA,CH430,B,1601.73,2286.0,4
2026-06-18,2026-06-15,PED0002155,CLI_0020,CORDOBA,ASESOR_2,ENERGIA,CH304,B,1328.17,1508.7,4
2026-06-18,2026-06-15,PED0002156,CLI_0004,CORDOBA,ASESOR_1,AGRO,CH430,C,1028.13,1313.3,3
2026-06-16,2026-06-15,PED0002157,CLI_0018,ROSARIO,ASESOR_3,CONSTRUCCION,CH316,A,1521.47,1288.0,1
2026-06-16,2026-06-15,PED0002157,CLI_0018,ROSARIO,ASESOR_3,CONSTRUCCION,CH304,A,1190.63,996.8,3
2026-06-16,2026-06-15,PED0002158,CLI_0009,CAPITAL,ASESOR_4,AGRO,CH430,B,1000.06,1074.8,5
2026-06-16,2026-06-15,PED0002159,CLI_0034,CORDOBA,ASESOR_6,METALMECANICA,BULONERIA,B,2104.49,1737.3,6
2026-06-16,2026-06-15,PED0002159,CLI_0034,CORDOBA,ASESOR_6,METALMECANICA,CH316,B,1307.95,1748.6,1
2026-06-16,2026-06-15,PED0002159,CLI_0034,CORDOBA,ASESOR_6,METALMECANICA,CAÑOS Y TUBOS,B,1751.2,1452.5,4
2026-06-17,2026-06-15,PED0002160,CLI_0036,CAPITAL,ASESOR_5,CONSTRUCCION,BULONERIA,A,2068.78,1783.8,5
2026-06-17,2026-06-15,PED0002160,CLI_0036,CAPITAL,ASESOR_5,CONSTRUCCION,CH430,A,985.25,1259.4,5
2026-06-17,2026-06-15,PED0002161,CLI_0039,MENDOZA,ASESOR_3,CONSTRUCCION,BULONERIA,A,2672.13,3821.3,3
2026-06-18,2026-06-15,PED0002162,CLI_0021,MENDOZA,ASESOR_4,CONSTRUCCION,CH304,B,2784.86,3930.2,4
2026-06-19,2026-06-15,PED0002163,CLI_0024,MENDOZA,ASESOR_6,CONSTRUCCION,BULONERIA,B,2334.8,3328.4,4
2026-06-16,2026-06-15,PED0002164,CLI_0026,ROSARIO,ASESOR_6,ENERGIA,CH430,A,1506.59,1911.8,1
2026-06-15,2026-06-15,PED0002165,CLI_0037,CAPITAL,ASESOR_3,AUTOPARTES,PERFILES,C,1623.06,2477.8,1
2026-06-15,2026-06-15,PED0002165,CLI_0037,CAPITAL,ASESOR_3,AUTOPARTES,CH316,C,2888.53,4247.7,6
2026-06-15,2026-06-15,PED0002166,CLI_0002,ROSARIO,ASESOR_5,ENERGIA,CH430,B,952.88,1429.8,5
2026-06-18,2026-06-15,PED0002167,CLI_0021,MENDOZA,ASESOR_4,CONSTRUCCION,CH316,B,1265.9,1755.3,5
2026-06-18,2026-06-15,PED0002167,CLI_0021,MENDOZA,ASESOR_4,CONSTRUCCION,PERFILES,B,1599.52,1613.8,3
2026-06-18,2026-06-15,PED0002167,CLI_0021,MENDOZA,ASESOR_4,CONSTRUCCION,CH304,B,3275.17,4788.6,1
2026-06-15,2026-06-15,PED0002168,CLI_0001,ROSARIO,ASESOR_3,ENERGIA,BULONERIA,B,1442.91,1709.4,2
2026-06-15,2026-06-15,PED0002168,CLI_0001,ROSARIO,ASESOR_3,ENERGIA,CH316,B,1676.56,2671.9,5
2026-06-15,2026-06-15,PED0002168,CLI_0001,ROSARIO,ASESOR_3,ENERGIA,PERFILES,B,2587.3,3481.4,4
2026-06-16,2026-06-15,PED0002169,CLI_0001,MENDOZA,ASESOR_3,METALMECANICA,CH316,B,1746.28,1503.7,6
2026-06-16,2026-06-15,PED0002170,CLI_0016,ROSARIO,ASESOR_1,AUTOPARTES,CAÑOS Y TUBOS,B,2726.94,3347.6,1
2026-06-17,2026-06-15,PED0002171,CLI_0009,CORDOBA,ASESOR_2,ENERGIA,BULONERIA,C,2168.96,2780.3,3
2026-06-17,2026-06-15,PED0002171,CLI_0009,CORDOBA,ASESOR_2,ENERGIA,CH304,C,1670.91,2415.1,1
2026-06-18,2026-06-15,PED0002172,CLI_0039,CORDOBA,ASESOR_6,CONSTRUCCION,PERFILES,C,3363.04,5308.2,1
2026-06-16,2026-06-15,PED0002173,CLI_0016,MENDOZA,ASESOR_4,AGRO,CH304,C,2891.32,3032.5,5
2026-06-19,2026-06-15,PED0002174,CLI_0016,CAPITAL,ASESOR_5,CONSTRUCCION,CH430,C,1064.77,1012.9,2
2026-06-19,2026-06-15,PED0002175,CLI_0037,ROSARIO,ASESOR_3,AUTOPARTES,CH316,A,1776.78,2625.4,5
2026-06-18,2026-06-15,PED0002176,CLI_0030,CAPITAL,ASESOR_2,CONSTRUCCION,CH430,B,808.08,906.1,2
2026-06-18,2026-06-15,PED0002176,CLI_0030,CAPITAL,ASESOR_2,CONSTRUCCION,CH304,B,2707.29,2885.6,6
2026-06-18,2026-06-15,PED0002176,CLI_0030,CAPITAL,ASESOR_2,CONSTRUCCION,PERFILES,B,1509.22,1443.8,1
2026-06-17,2026-06-15,PED0002177,CLI_0014,CAPITAL,ASESOR_3,AUTOPARTES,CAÑOS Y TUBOS,A,1828.38,1591.3,6
2026-06-17,2026-06-15,PED0002178,CLI_0037,CAPITAL,ASESOR_1,ENERGIA,CH430,C,818.9,921.6,6
2026-06-17,2026-06-15,PED0002178,CLI_0037,CAPITAL,ASESOR_1,ENERGIA,BULONERIA,C,1719.62,2406.5,3
2026-06-19,2026-06-15,PED0002179,CLI_0033,CORDOBA,ASESOR_3,CONSTRUCCION,CH316,C,1320.59,1962.6,5
2026-06-19,2026-06-15,PED0002179,CLI_0033,CORDOBA,ASESOR_3,CONSTRUCCION,CAÑOS Y TUBOS,C,1310.16,1208.2,4
2026-06-15,2026-06-15,PED0002180,CLI_0032,CORDOBA,ASESOR_6,CONSTRUCCION,CH304,C,1699.66,2377.1,6
2026-06-19,2026-06-15,PED0002181,CLI_0008,MENDOZA,ASESOR_6,ENERGIA,CH316,A,1179.75,1642.3,4
2026-06-19,2026-06-15,PED0002181,CLI_0008,MENDOZA,ASESOR_6,ENERGIA,CH430,A,1247.79,1414.9,5
2026-06-17,2026-06-15,PED0002182,CLI_0013,ROSARIO,ASESOR_2,CONSTRUCCION,CAÑOS Y TUBOS,C,2802.79,3516.9,4
2026-06-17,2026-06-15,PED0002182,CLI_0013,ROSARIO,ASESOR_2,CONSTRUCCION,CH316,C,1759.95,1450.9,2
2026-06-17,2026-06-15,PED0002182,CLI_0013,ROSARIO,ASESOR_2,CONSTRUCCION,BULONERIA,C,1347.06,1612.8,6
2026-06-16,2026-06-15,PED0002183,CLI_0036,CAPITAL,ASESOR_6,CONSTRUCCION,BULONERIA,A,1773.13,2496.7,5
2026-06-16,2026-06-15,PED0002183,CLI_0036,CAPITAL,ASESOR_6,CONSTRUCCION,CH430,A,957.28,803.5,2
2026-06-17,2026-06-15,PED0002184,CLI_0018,ROSARIO,ASESOR_2,CONSTRUCCION,PERFILES,A,2393.7,2401.5,2
2026-06-17,2026-06-15,PED0002184,CLI_0018,ROSARIO,ASESOR_2,CONSTRUCCION,CAÑOS Y TUBOS,A,2467.8,3828.6,2
2026-06-17,2026-06-15,PED0002185,CLI_0011,CORDOBA,ASESOR_1,AGRO,PERFILES,B,3171.84,2911.5,6
2026-06-17,2026-06-15,PED0002185,CLI_0011,CORDOBA,ASESOR_1,AGRO,CH304,B,1720.75,1926.5,4
2026-06-17,2026-06-15,PED0002186,CLI_0005,CAPITAL,ASESOR_3,ENERGIA,CH430,A,1056.24,1594.0,3
2026-06-19,2026-06-15,PED0002187,CLI_0020,MENDOZA,ASESOR_4,ENERGIA,CH304,C,2956.37,4664.1,5
2026-06-16,2026-06-15,PED0002188,CLI_0041,CORDOBA,ASESOR_4,METALMECANICA,CAÑOS Y TUBOS,C,1356.37,1997.7,4
2026-06-19,2026-06-15,PED0002189,CLI_0009,ROSARIO,ASESOR_2,ENERGIA,CAÑOS Y TUBOS,C,2310.68,3664.8,5
2026-06-19,2026-06-15,PED0002189,CLI_0009,ROSARIO,ASESOR_2,ENERGIA,BULONERIA,C,1342.01,1328.8,2
2026-06-19,2026-06-15,PED0002189,CLI_0009,ROSARIO,ASESOR_2,ENERGIA,CH430,C,1148.73,1800.3,4
2026-06-15,2026-06-15,PED0002190,CLI_0022,ROSARIO,ASESOR_2,ENERGIA,CH316,A,1349.53,2075.2,4
2026-06-15,2026-06-15,PED0002190,CLI_0022,ROSARIO,ASESOR_2,ENERGIA,PERFILES,A,2496.19,2550.3,4
2026-06-15,2026-06-15,PED0002191,CLI_0011,CAPITAL,ASESOR_5,ENERGIA,CH304,A,3497.24,4841.0,5
2026-06-17,2026-06-15,PED0002192,CLI_0016,CORDOBA,ASESOR_6,AUTOPARTES,BULONERIA,C,2457.43,2476.3,5
2026-06-19,2026-06-15,PED0002193,CLI_0011,CAPITAL,ASESOR_3,AUTOPARTES,CH430,B,1072.22,1678.9,4
2026-06-16,2026-06-15,PED0002194,CLI_0015,MENDOZA,ASESOR_2,CONSTRUCCION,BULONERIA,C,2055.77,1657.5,5
2026-06-18,2026-06-15,PED0002195,CLI_0025,CORDOBA,ASESOR_5,ENERGIA,CH430,B,1423.79,1309.0,2
2026-06-18,2026-06-15,PED0002195,CLI_0025,CORDOBA,ASESOR_5,ENERGIA,CAÑOS Y TUBOS,B,1384.8,1842.9,6
2026-06-15,2026-06-15,PED0002196,CLI_0009,ROSARIO,ASESOR_2,ENERGIA,CH304,C,954.53,951.1,2
2026-06-15,2026-06-15,PED0002196,CLI_0009,ROSARIO,ASESOR_2,ENERGIA,PERFILES,C,1651.2,2507.5,5
2026-06-18,2026-06-15,PED0002197,CLI_0007,CORDOBA,ASESOR_4,ENERGIA,BULONERIA,C,2301.84,2576.6,3
2026-06-18,2026-06-15,PED0002197,CLI_0007,CORDOBA,ASESOR_4,ENERGIA,CAÑOS Y TUBOS,C,1706.72,1664.1,3
2026-06-18,2026-06-15,PED0002197,CLI_0007,CORDOBA,ASESOR_4,ENERGIA,CH304,C,1570.55,1978.3,5
2026-06-16,2026-06-15,PED0002198,CLI_0039,MENDOZA,ASESOR_3,AUTOPARTES,CAÑOS Y TUBOS,A,1349.47,1451.6,6
2026-06-17,2026-06-15,PED0002199,CLI_0019,CORDOBA,ASESOR_5,AUTOPARTES,CAÑOS Y TUBOS,C,1828.07,1589.7,6
2026-06-16,2026-06-15,PED0002200,CLI_0015,CAPITAL,ASESOR_6,AGRO,CH430,C,1017.28,1496.6,6
2026-06-17,2026-06-15,PED0002201,CLI_0011,CAPITAL,ASESOR_5,ENERGIA,PERFILES,B,1549.79,2215.7,1
2026-06-19,2026-06-15,PED0002202,CLI_0030,CORDOBA,ASESOR_6,METALMECANICA,PERFILES,B,3017.1,2987.1,6
2026-06-19,2026-06-15,PED0002203,CLI_0036,CAPITAL,ASESOR_1,ENERGIA,CH304,C,2934.06,2797.2,1
2026-06-19,2026-06-15,PED0002203,CLI_0036,CAPITAL,ASESOR_1,ENERGIA,BULONERIA,C,1411.42,1960.6,5
2026-06-16,2026-06-15,PED0002204,CLI_0038,MENDOZA,ASESOR_6,AUTOPARTES,CH430,A,1384.97,1985.4,2
2026-06-18,2026-06-15,PED0002205,CLI_0044,CORDOBA,ASESOR_6,ENERGIA,PERFILES,A,3257.8,3742.3,6
2026-06-18,2026-06-15,PED0002205,CLI_0044,CORDOBA,ASESOR_6,ENERGIA,BULONERIA,A,1689.53,1463.6,6
2026-06-17,2026-06-15,PED0002206,CLI_0016,CAPITAL,ASESOR_3,CONSTRUCCION,CH304,C,3668.3,4221.9,2
2026-06-17,2026-06-15,PED0002206,CLI_0016,CAPITAL,ASESOR_3,CONSTRUCCION,CH430,C,843.63,1269.6,4
2026-06-17,2026-06-15,PED0002207,CLI_0041,MENDOZA,ASESOR_6,METALMECANICA,CAÑOS Y TUBOS,A,1762.95,1897.0,5
2026-06-18,2026-06-15,PED0002208,CLI_0012,ROSARIO,ASESOR_4,CONSTRUCCION,BULONERIA,C,1261.33,1057.6,3
2026-06-18,2026-06-15,PED0002208,CLI_0012,ROSARIO,ASESOR_4,CONSTRUCCION,CAÑOS Y TUBOS,C,2699.26,3012.6,6
2026-06-18,2026-06-15,PED0002208,CLI_0012,ROSARIO,ASESOR_4,CONSTRUCCION,CH316,C,1686.79,1752.8,5
2026-06-17,2026-06-15,PED0002209,CLI_0039,CAPITAL,ASESOR_1,ENERGIA,BULONERIA,C,1892.62,2547.9,5
2026-06-17,2026-06-15,PED0002210,CLI_0004,CORDOBA,ASESOR_6,CONSTRUCCION,BULONERIA,A,2574.56,3447.0,4
2026-06-17,2026-06-15,PED0002210,CLI_0004,CORDOBA,ASESOR_6,CONSTRUCCION,CH316,A,996.46,1052.3,2
2026-06-17,2026-06-15,PED0002210,CLI_0004,CORDOBA,ASESOR_6,CONSTRUCCION,PERFILES,A,2284.68,2117.8,2
2026-06-18,2026-06-15,PED0002211,CLI_0019,MENDOZA,ASESOR_3,AUTOPARTES,PERFILES,C,1536.4,2149.0,1
2026-06-18,2026-06-15,PED0002212,CLI_0020,MENDOZA,ASESOR_5,ENERGIA,CH304,C,3042.8,4717.9,5
2026-06-18,2026-06-15,PED0002212,CLI_0020,MENDOZA,ASESOR_5,ENERGIA,PERFILES,C,1743.24,2030.6,3
2026-06-17,2026-06-15,PED0002213,CLI_0016,CORDOBA,ASESOR_1,AUTOPARTES,CH430,C,1368.66,1275.8,2
2026-06-19,2026-06-15,PED0002214,CLI_0011,CAPITAL,ASESOR_4,AGRO,CH316,C,3628.47,3879.1,5
2026-06-19,2026-06-15,PED0002214,CLI_0011,CAPITAL,ASESOR_4,AGRO,PERFILES,C,1606.38,1850.5,4
2026-06-18,2026-06-15,PED0002215,CLI_0004,CORDOBA,ASESOR_4,AGRO,CH430,C,1172.85,1513.2,6
2026-06-19,2026-06-15,PED0002216,CLI_0009,ROSARIO,ASESOR_6,AGRO,CAÑOS Y TUBOS,B,1922.22,2860.0,5
2026-06-19,2026-06-15,PED0002217,CLI_0010,ROSARIO,ASESOR_2,CONSTRUCCION,CH304,C,1359.09,1841.8,3
2026-06-19,2026-06-15,PED0002217,CLI_0010,ROSARIO,ASESOR_2,CONSTRUCCION,CAÑOS Y TUBOS,C,2838.15,3055.6,3
2026-06-19,2026-06-15,PED0002217,CLI_0010,ROSARIO,ASESOR_2,CONSTRUCCION,PERFILES,C,2242.4,2631.0,1
2026-06-18,2026-06-15,PED0002218,CLI_0017,CAPITAL,ASESOR_1,CONSTRUCCION,CH316,C,3606.0,4657.7,3
2026-06-19,2026-06-15,PED0002219,CLI_0010,ROSARIO,ASESOR_6,CONSTRUCCION,CH316,C,1328.17,1450.7,5
2026-06-17,2026-06-15,PED0002220,CLI_0037,CORDOBA,ASESOR_4,AGRO,BULONERIA,A,1972.74,2199.2,3
2026-06-17,2026-06-15,PED0002220,CLI_0037,CORDOBA,ASESOR_4,AGRO,CAÑOS Y TUBOS,A,1761.46,1936.3,2
2026-06-17,2026-06-15,PED0002221,CLI_0020,CORDOBA,ASESOR_2,AUTOPARTES,CH430,C,1518.26,2033.4,5
2026-06-17,2026-06-15,PED0002221,CLI_0020,CORDOBA,ASESOR_2,AUTOPARTES,PERFILES,C,3285.77,4827.9,4
2026-06-17,2026-06-15,PED0002221,CLI_0020,CORDOBA,ASESOR_2,AUTOPARTES,CH304,C,1579.53,1644.5,4
2026-06-15,2026-06-15,PED0002222,CLI_0037,CORDOBA,ASESOR_5,CONSTRUCCION,PERFILES,C,3268.03,3300.7,6
2026-06-17,2026-06-15,PED0002223,CLI_0027,CAPITAL,ASESOR_2,METALMECANICA,CH430,A,683.21,602.2,4
2026-06-19,2026-06-15,PED0002224,CLI_0024,MENDOZA,ASESOR_6,CONSTRUCCION,BULONERIA,B,1894.8,1956.7,5
2026-06-19,2026-06-15,PED0002225,CLI_0004,CORDOBA,ASESOR_6,AGRO,CAÑOS Y TUBOS,C,1388.73,1962.6,1
2026-06-19,2026-06-15,PED0002225,CLI_0004,CORDOBA,ASESOR_6,AGRO,CH430,C,1055.54,865.9,5
2026-06-19,2026-06-15,PED0002226,CLI_0043,MENDOZA,ASESOR_1,CONSTRUCCION,BULONERIA,A,2451.04,2820.3,1
2026-06-19,2026-06-15,PED0002226,CLI_0043,MENDOZA,ASESOR_1,CONSTRUCCION,CH304,A,3379.56,3947.4,6
2026-06-19,2026-06-15,PED0002227,CLI_0044,CORDOBA,ASESOR_5,CONSTRUCCION,PERFILES,B,2605.61,3501.7,4
2026-06-26,2026-06-22,PED0002228,CLI_0039,ROSARIO,ASESOR_1,AGRO,PERFILES,C,2083.28,2794.7,3
2026-06-26,2026-06-22,PED0002228,CLI_0039,ROSARIO,ASESOR_1,AGRO,CAÑOS Y TUBOS,C,2997.86,4294.3,4
2026-06-22,2026-06-22,PED0002229,CLI_0042,ROSARIO,ASESOR_3,AGRO,CAÑOS Y TUBOS,C,1953.7,2397.6,2
2026-06-22,2026-06-22,PED0002230,CLI_0033,CORDOBA,ASESOR_1,AUTOPARTES,PERFILES,B,2263.22,2153.8,5
2026-06-22,2026-06-22,PED0002230,CLI_0033,CORDOBA,ASESOR_1,AUTOPARTES,CH304,B,1383.57,2055.7,2
2026-06-25,2026-06-22,PED0002231,CLI_0017,MENDOZA,ASESOR_6,AGRO,BULONERIA,C,2630.04,2764.0,6
2026-06-26,2026-06-22,PED0002232,CLI_0014,MENDOZA,ASESOR_4,CONSTRUCCION,CH316,C,1743.03,2333.6,2
2026-06-26,2026-06-22,PED0002232,CLI_0014,MENDOZA,ASESOR_4,CONSTRUCCION,CH304,C,3191.86,4530.3,4
2026-06-26,2026-06-22,PED0002232,CLI_0014,MENDOZA,ASESOR_4,CONSTRUCCION,PERFILES,C,2037.66,2544.2,2
2026-06-23,2026-06-22,PED0002233,CLI_0013,MENDOZA,ASESOR_1,ENERGIA,BULONERIA,A,2601.86,3061.6,5
2026-06-23,2026-06-22,PED0002233,CLI_0013,MENDOZA,ASESOR_1,ENERGIA,CAÑOS Y TUBOS,A,1811.25,2474.2,1
2026-06-23,2026-06-22,PED0002233,CLI_0013,MENDOZA,ASESOR_1,ENERGIA,CH316,A,1185.16,1428.4,5
2026-06-23,2026-06-22,PED0002234,CLI_0010,MENDOZA,ASESOR_4,ENERGIA,CH316,A,1535.42,1432.7,2
2026-06-23,2026-06-22,PED0002234,CLI_0010,MENDOZA,ASESOR_4,ENERGIA,CH304,A,3192.57,2765.0,1
2026-06-23,2026-06-22,PED0002234,CLI_0010,MENDOZA,ASESOR_4,ENERGIA,CH430,A,1278.46,1830.5,5
2026-06-24,2026-06-22,PED0002235,CLI_0007,ROSARIO,ASESOR_3,ENERGIA,CH430,C,1294.54,1318.2,3
2026-06-24,2026-06-22,PED0002236,CLI_0041,ROSARIO,ASESOR_2,AGRO,CH304,C,894.01,785.0,6
2026-06-23,2026-06-22,PED0002237,CLI_0035,CORDOBA,ASESOR_1,AUTOPARTES,CH304,B,1537.57,1407.7,2
2026-06-26,2026-06-22,PED0002238,CLI_0013,CAPITAL,ASESOR_6,ENERGIA,CH304,B,3152.35,4786.0,4
2026-06-22,2026-06-22,PED0002239,CLI_0029,CAPITAL,ASESOR_3,METALMECANICA,CH430,C,764.25,809.3,1
2026-06-22,2026-06-22,PED0002239,CLI_0029,CAPITAL,ASESOR_3,METALMECANICA,PERFILES,C,1950.71,1734.2,4
2026-06-22,2026-06-22,PED0002239,CLI_0029,CAPITAL,ASESOR_3,METALMECANICA,CH316,C,2655.35,2564.1,4
2026-06-24,2026-06-22,PED0002240,CLI_0034,CAPITAL,ASESOR_2,CONSTRUCCION,CAÑOS Y TUBOS,B,1456.53,1832.9,4
2026-06-25,2026-06-22,PED0002241,CLI_0013,MENDOZA,ASESOR_4,CONSTRUCCION,BULONERIA,C,2283.57,1831.6,4
2026-06-22,2026-06-22,PED0002242,CLI_0012,MENDOZA,ASESOR_6,CONSTRUCCION,CH304,C,2467.99,3008.1,5
2026-06-26,2026-06-22,PED0002243,CLI_0011,MENDOZA,ASESOR_5,CONSTRUCCION,PERFILES,C,1497.6,1469.1,6
2026-06-24,2026-06-22,PED0002244,CLI_0042,ROSARIO,ASESOR_4,AGRO,CAÑOS Y TUBOS,C,1931.03,2491.6,4
2026-06-24,2026-06-22,PED0002244,CLI_0042,ROSARIO,ASESOR_4,AGRO,CH430,C,934.5,1284.3,6
2026-06-26,2026-06-22,PED0002245,CLI_0042,ROSARIO,ASESOR_5,CONSTRUCCION,PERFILES,B,2376.89,3329.0,6
2026-06-26,2026-06-22,PED0002246,CLI_0007,CAPITAL,ASESOR_2,AGRO,CH304,A,2512.18,2148.7,3
2026-06-26,2026-06-22,PED0002247,CLI_0029,CAPITAL,ASESOR_2,METALMECANICA,CH304,C,3036.77,2854.9,3
2026-06-23,2026-06-22,PED0002248,CLI_0006,ROSARIO,ASESOR_1,ENERGIA,CH430,B,1156.13,928.1,2
2026-06-23,2026-06-22,PED0002248,CLI_0006,ROSARIO,ASESOR_1,ENERGIA,CH316,B,1156.58,1453.9,1
2026-06-26,2026-06-22,PED0002249,CLI_0032,MENDOZA,ASESOR_3,AGRO,CH430,B,1253.73,1761.2,3
2026-06-25,2026-06-22,PED0002250,CLI_0001,ROSARIO,ASESOR_6,ENERGIA,CH316,C,1710.32,1814.7,1
2026-06-26,2026-06-22,PED0002251,CLI_0020,MENDOZA,ASESOR_3,AGRO,BULONERIA,C,2394.63,2149.6,2
2026-06-23,2026-06-22,PED0002252,CLI_0014,CAPITAL,ASESOR_3,CONSTRUCCION,CH316,C,3295.53,3605.7,6
2026-06-23,2026-06-22,PED0002252,CLI_0014,CAPITAL,ASESOR_3,CONSTRUCCION,BULONERIA,C,1853.79,2198.1,5
2026-06-23,2026-06-22,PED0002252,CLI_0014,CAPITAL,ASESOR_3,CONSTRUCCION,CH304,C,2339.72,2284.6,5
2026-06-25,2026-06-22,PED0002253,CLI_0017,MENDOZA,ASESOR_1,METALMECANICA,CH316,C,1332.38,1599.2,1
2026-06-25,2026-06-22,PED0002253,CLI_0017,MENDOZA,ASESOR_1,METALMECANICA,CH304,C,3314.65,3456.4,2
2026-06-25,2026-06-22,PED0002254,CLI_0027,CORDOBA,ASESOR_6,METALMECANICA,CH316,A,1224.2,1597.5,5
2026-06-24,2026-06-22,PED0002255,CLI_0036,CORDOBA,ASESOR_2,AUTOPARTES,PERFILES,B,2808.22,4117.4,4
2026-06-25,2026-06-22,PED0002256,CLI_0016,MENDOZA,ASESOR_6,METALMECANICA,CH430,C,1118.48,1748.6,6
2026-06-23,2026-06-22,PED0002257,CLI_0021,MENDOZA,ASESOR_6,AUTOPARTES,CH316,C,1210.83,1530.6,4
2026-06-24,2026-06-22,PED0002258,CLI_0020,MENDOZA,ASESOR_3,METALMECANICA,CH304,C,2496.04,2557.8,5
2026-06-23,2026-06-22,PED0002259,CLI_0016,CAPITAL,ASESOR_5,AGRO,PERFILES,C,2025.04,2247.0,3
2026-06-23,2026-06-22,PED0002259,CLI_0016,CAPITAL,ASESOR_5,AGRO,CH304,C,3629.08,3374.2,1
2026-06-26,2026-06-22,PED0002260,CLI_0025,MENDOZA,ASESOR_5,ENERGIA,CH430,C,1173.01,1048.5,1
2026-06-26,2026-06-22,PED0002260,CLI_0025,MENDOZA,ASESOR_5,ENERGIA,CAÑOS Y TUBOS,C,1148.68,1795.0,5
2026-06-24,2026-06-22,PED0002261,CLI_0019,MENDOZA,ASESOR_4,AGRO,CH430,C,1128.79,1038.4,5
2026-06-24,2026-06-22,PED0002261,CLI_0019,MENDOZA,ASESOR_4,AGRO,CAÑOS Y TUBOS,C,1695.93,1562.6,4
2026-06-23,2026-06-22,PED0002262,CLI_0000,ROSARIO,ASESOR_3,ENERGIA,PERFILES,B,1882.63,2538.2,5
2026-06-23,2026-06-22,PED0002262,CLI_0000,ROSARIO,ASESOR_3,ENERGIA,BULONERIA,B,1490.43,2076.6,1
2026-06-25,2026-06-22,PED0002263,CLI_0022,MENDOZA,ASESOR_4,ENERGIA,PERFILES,C,1419.21,1600.6,5
2026-06-25,2026-06-22,PED0002264,CLI_0027,MENDOZA,ASESOR_1,ENERGIA,CAÑOS Y TUBOS,C,1457.59,2048.6,2
2026-06-25,2026-06-22,PED0002264,CLI_0027,MENDOZA,ASESOR_1,ENERGIA,PERFILES,C,1799.43,2725.2,4
2026-06-25,2026-06-22,PED0002264,CLI_0027,MENDOZA,ASESOR_1,ENERGIA,CH430,C,1007.97,986.0,4
2026-06-22,2026-06-22,PED0002265,CLI_0018,ROSARIO,ASESOR_6,METALMECANICA,CH316,A,1168.72,1493.2,2
2026-06-22,2026-06-22,PED0002265,CLI_0018,ROSARIO,ASESOR_6,METALMECANICA,CH430,A,1025.96,1471.6,4
2026-06-22,2026-06-22,PED0002265,CLI_0018,ROSARIO,ASESOR_6,METALMECANICA,CH304,A,1133.02,1723.1,2
2026-06-22,2026-06-22,PED0002266,CLI_0031,CORDOBA,ASESOR_2,AUTOPARTES,CH316,B,1131.4,1113.1,3
2026-06-22,2026-06-22,PED0002266,CLI_0031,CORDOBA,ASESOR_2,AUTOPARTES,PERFILES,B,2701.19,3862.7,6
2026-06-23,2026-06-22,PED0002267,CLI_0035,CAPITAL,ASESOR_4,ENERGIA,CH304,C,3268.28,4325.5,2
2026-06-23,2026-06-22,PED0002267,CLI_0035,CAPITAL,ASESOR_4,ENERGIA,CAÑOS Y TUBOS,C,1734.24,2133.4,4
2026-06-26,2026-06-22,PED0002268,CLI_0019,CORDOBA,ASESOR_2,ENERGIA,CAÑOS Y TUBOS,B,1642.72,1378.0,4
2026-06-24,2026-06-22,PED0002269,CLI_0009,CORDOBA,ASESOR_3,ENERGIA,CAÑOS Y TUBOS,C,1690.53,1813.1,1
2026-06-23,2026-06-22,PED0002270,CLI_0035,CAPITAL,ASESOR_5,ENERGIA,CH430,C,1082.03,1323.9,1
2026-06-23,2026-06-22,PED0002271,CLI_0033,CORDOBA,ASESOR_2,METALMECANICA,CH304,B,1391.71,2070.5,4
2026-06-22,2026-06-22,PED0002272,CLI_0038,MENDOZA,ASESOR_5,METALMECANICA,PERFILES,A,2131.11,1992.6,2
2026-06-26,2026-06-22,PED0002273,CLI_0014,CAPITAL,ASESOR_4,CONSTRUCCION,CH430,C,1109.01,1705.7,5
2026-06-26,2026-06-22,PED0002273,CLI_0014,CAPITAL,ASESOR_4,CONSTRUCCION,PERFILES,C,1850.13,2459.7,5
2026-06-26,2026-06-22,PED0002273,CLI_0014,CAPITAL,ASESOR_4,CONSTRUCCION,CAÑOS Y TUBOS,C,2177.07,2727.2,4
2026-06-24,2026-06-22,PED0002274,CLI_0037,ROSARIO,ASESOR_5,METALMECANICA,CH430,B,1132.27,1276.0,5
2026-06-24,2026-06-22,PED0002274,CLI_0037,ROSARIO,ASESOR_5,METALMECANICA,PERFILES,B,2481.97,2926.5,6
2026-06-23,2026-06-22,PED0002275,CLI_0003,MENDOZA,ASESOR_3,AGRO,CH316,A,1474.25,1776.8,4
2026-06-23,2026-06-22,PED0002276,CLI_0006,CAPITAL,ASESOR_1,AGRO,CH430,A,827.31,714.3,1
2026-06-22,2026-06-22,PED0002277,CLI_0027,ROSARIO,ASESOR_6,AUTOPARTES,CAÑOS Y TUBOS,C,2157.07,3360.0,1
2026-06-22,2026-06-22,PED0002277,CLI_0027,ROSARIO,ASESOR_6,AUTOPARTES,CH430,C,1154.2,1412.6,5
2026-06-25,2026-06-22,PED0002278,CLI_0015,ROSARIO,ASESOR_6,CONSTRUCCION,CAÑOS Y TUBOS,A,2183.45,3038.9,1
2026-06-24,2026-06-22,PED0002279,CLI_0044,CORDOBA,ASESOR_2,METALMECANICA,CH304,C,1216.06,1674.6,1
2026-06-23,2026-06-22,PED0002280,CLI_0038,MENDOZA,ASESOR_5,AGRO,PERFILES,B,2145.57,2587.9,4
2026-06-22,2026-06-22,PED0002281,CLI_0008,ROSARIO,ASESOR_2,ENERGIA,CH304,B,1313.44,1403.4,5
2026-06-24,2026-06-22,PED0002282,CLI_0012,ROSARIO,ASESOR_2,AUTOPARTES,PERFILES,B,2142.18,1884.6,6
2026-06-24,2026-06-22,PED0002282,CLI_0012,ROSARIO,ASESOR_2,AUTOPARTES,CH430,B,1191.86,1044.7,1
2026-06-23,2026-06-22,PED0002283,CLI_0010,CAPITAL,ASESOR_5,METALMECANICA,CH316,B,2943.98,3701.1,1
2026-06-23,2026-06-22,PED0002284,CLI_0014,CAPITAL,ASESOR_5,AUTOPARTES,BULONERIA,B,1467.96,1838.0,1
2026-06-26,2026-06-22,PED0002285,CLI_0017,CORDOBA,ASESOR_5,AUTOPARTES,CH304,C,1296.1,2037.1,6
2026-06-26,2026-06-22,PED0002286,CLI_0006,CORDOBA,ASESOR_3,CONSTRUCCION,CH304,A,1477.38,2332.6,4
2026-06-26,2026-06-22,PED0002286,CLI_0006,CORDOBA,ASESOR_3,CONSTRUCCION,CH430,A,1193.18,1848.3,3
2026-06-23,2026-06-22,PED0002287,CLI_0016,CAPITAL,ASESOR_3,AUTOPARTES,CH316,B,2593.79,3322.7,5
2026-06-23,2026-06-22,PED0002287,CLI_0016,CAPITAL,ASESOR_3,AUTOPARTES,CAÑOS Y TUBOS,B,2284.99,2262.6,1
2026-06-25,2026-06-22,PED0002288,CLI_0008,ROSARIO,ASESOR_3,ENERGIA,BULONERIA,C,1222.44,1750.0,4
2026-06-23,2026-06-22,PED0002289,CLI_0020,ROSARIO,ASESOR_3,AGRO,CH430,A,1290.56,1509.9,4
2026-06-23,2026-06-22,PED0002289,CLI_0020,ROSARIO,ASESOR_3,AGRO,BULONERIA,A,1052.15,1662.0,4
2026-06-24,2026-06-22,PED0002290,CLI_0044,CORDOBA,ASESOR_4,CONSTRUCCION,PERFILES,B,3401.91,4484.0,2
2026-06-24,2026-06-22,PED0002291,CLI_0009,CAPITAL,ASESOR_2,AGRO,CAÑOS Y TUBOS,C,1960.47,2225.2,1
2026-06-26,2026-06-22,PED0002292,CLI_0013,CAPITAL,ASESOR_6,CONSTRUCCION,BULONERIA,C,1650.36,1621.4,4
2026-06-23,2026-06-22,PED0002293,CLI_0013,ROSARIO,ASESOR_3,AUTOPARTES,PERFILES,B,1771.21,1463.8,4
2026-06-22,2026-06-22,PED0002294,CLI_0005,ROSARIO,ASESOR_1,ENERGIA,BULONERIA,C,1242.99,1102.5,6
2026-06-22,2026-06-22,PED0002294,CLI_0005,ROSARIO,ASESOR_1,ENERGIA,CH430,C,981.1,1146.0,2
2026-06-22,2026-06-22,PED0002294,CLI_0005,ROSARIO,ASESOR_1,ENERGIA,CH316,C,1359.43,2078.8,3
2026-06-22,2026-06-22,PED0002295,CLI_0016,MENDOZA,ASESOR_3,METALMECANICA,PERFILES,C,1413.7,1821.3,2
2026-06-22,2026-06-22,PED0002295,CLI_0016,MENDOZA,ASESOR_3,METALMECANICA,CH430,C,1052.78,1120.1,5
2026-06-23,2026-06-22,PED0002296,CLI_0040,CORDOBA,ASESOR_4,AGRO,BULONERIA,A,2308.0,3110.1,6
2026-06-23,2026-06-22,PED0002296,CLI_0040,CORDOBA,ASESOR_4,AGRO,CH430,A,1288.84,1522.5,1
2026-06-23,2026-06-22,PED0002297,CLI_0040,CORDOBA,ASESOR_2,ENERGIA,CH316,A,1213.91,1422.7,2
2026-06-23,2026-06-22,PED0002298,CLI_0041,MENDOZA,ASESOR_3,CONSTRUCCION,CH304,A,2130.04,3359.3,1
2026-06-23,2026-06-22,PED0002298,CLI_0041,MENDOZA,ASESOR_3,CONSTRUCCION,PERFILES,A,1680.16,2476.5,4
2026-06-26,2026-06-22,PED0002299,CLI_0008,CAPITAL,ASESOR_6,AGRO,BULONERIA,B,1963.04,2070.0,6
2026-06-22,2026-06-22,PED0002300,CLI_0009,CAPITAL,ASESOR_6,AGRO,CAÑOS Y TUBOS,A,1976.97,2726.8,6
2026-06-24,2026-06-22,PED0002301,CLI_0008,CAPITAL,ASESOR_6,METALMECANICA,CH316,B,2872.99,2829.8,5
2026-06-24,2026-06-22,PED0002301,CLI_0008,CAPITAL,ASESOR_6,METALMECANICA,PERFILES,B,1544.9,1259.7,3
2026-06-24,2026-06-22,PED0002301,CLI_0008,CAPITAL,ASESOR_6,METALMECANICA,BULONERIA,B,2094.77,2914.8,6
2026-06-26,2026-06-22,PED0002302,CLI_0023,ROSARIO,ASESOR_6,AGRO,CH430,A,1032.46,1509.2,5
2026-06-26,2026-06-22,PED0002302,CLI_0023,ROSARIO,ASESOR_6,AGRO,CAÑOS Y TUBOS,A,1918.33,1874.3,1
2026-06-22,2026-06-22,PED0002303,CLI_0033,MENDOZA,ASESOR_2,AGRO,CH316,B,1388.48,1223.5,2
2026-06-26,2026-06-22,PED0002304,CLI_0029,ROSARIO,ASESOR_3,METALMECANICA,CH316,C,1587.85,1852.9,1
2026-06-25,2026-06-22,PED0002305,CLI_0017,ROSARIO,ASESOR_2,AGRO,CH316,A,1664.52,1766.6,1
2026-06-24,2026-06-22,PED0002306,CLI_0022,MENDOZA,ASESOR_6,CONSTRUCCION,CAÑOS Y TUBOS,B,1150.84,1461.8,3
2026-06-24,2026-06-22,PED0002307,CLI_0018,CAPITAL,ASESOR_3,AUTOPARTES,CH304,A,2443.03,3167.4,3
2026-06-22,2026-06-22,PED0002308,CLI_0036,CORDOBA,ASESOR_1,AUTOPARTES,PERFILES,B,3370.19,4913.2,6
2026-06-22,2026-06-22,PED0002308,CLI_0036,CORDOBA,ASESOR_1,AUTOPARTES,CH304,B,1739.02,1871.5,1
2026-06-22,2026-06-22,PED0002308,CLI_0036,CORDOBA,ASESOR_1,AUTOPARTES,BULONERIA,B,2016.66,2811.9,6
2026-06-26,2026-06-22,PED0002309,CLI_0005,CORDOBA,ASESOR_5,AGRO,CAÑOS Y TUBOS,C,1359.3,1628.1,3
2026-06-26,2026-06-22,PED0002309,CLI_0005,CORDOBA,ASESOR_5,AGRO,CH304,C,1306.13,2036.9,4
2026-06-24,2026-06-22,PED0002310,CLI_0016,MENDOZA,ASESOR_2,AUTOPARTES,CH304,C,3240.76,3708.9,6
2026-06-24,2026-06-22,PED0002311,CLI_0018,MENDOZA,ASESOR_2,CONSTRUCCION,BULONERIA,C,1971.21,1591.6,1
2026-06-24,2026-06-22,PED0002311,CLI_0018,MENDOZA,ASESOR_2,CONSTRUCCION,CAÑOS Y TUBOS,C,1450.05,2250.0,3
2026-06-24,2026-06-22,PED0002311,CLI_0018,MENDOZA,ASESOR_2,CONSTRUCCION,CH316,C,1112.99,1027.4,3
2026-06-26,2026-06-22,PED0002312,CLI_0020,MENDOZA,ASESOR_5,AGRO,CH304,C,2501.41,3373.6,6
2026-06-22,2026-06-22,PED0002313,CLI_0008,MENDOZA,ASESOR_1,ENERGIA,CH430,A,1388.62,1574.8,1
2026-06-26,2026-06-22,PED0002314,CLI_0041,CAPITAL,ASESOR_6,AUTOPARTES,PERFILES,C,1299.31,1656.8,1
2026-06-26,2026-06-22,PED0002315,CLI_0041,CORDOBA,ASESOR_4,CONSTRUCCION,CAÑOS Y TUBOS,B,1829.2,2155.7,5
2026-06-25,2026-06-22,PED0002316,CLI_0006,CORDOBA,ASESOR_1,ENERGIA,CH304,C,1519.07,1679.3,4
2026-06-25,2026-06-22,PED0002316,CLI_0006,CORDOBA,ASESOR_1,ENERGIA,CH430,C,1469.31,1805.8,2
2026-06-25,2026-06-22,PED0002316,CLI_0006,CORDOBA,ASESOR_1,ENERGIA,BULONERIA,C,2050.35,1929.1,1
2026-06-22,2026-06-22,PED0002317,CLI_0036,CAPITAL,ASESOR_4,AUTOPARTES,PERFILES,C,1766.84,2747.3,3
2026-06-22,2026-06-22,PED0002317,CLI_0036,CAPITAL,ASESOR_4,AUTOPARTES,CH304,C,3013.65,3935.3,4
2026-06-26,2026-06-22,PED0002318,CLI_0043,ROSARIO,ASESOR_3,METALMECANICA,BULONERIA,B,1397.93,1150.5,5
2026-06-26,2026-06-22,PED0002319,CLI_0037,ROSARIO,ASESOR_1,METALMECANICA,PERFILES,C,1717.07,1724.4,3
2026-06-26,2026-06-22,PED0002319,CLI_0037,ROSARIO,ASESOR_1,METALMECANICA,CH430,C,1281.4,1234.7,4
2026-06-25,2026-06-22,PED0002320,CLI_0003,CAPITAL,ASESOR_3,METALMECANICA,PERFILES,B,1807.48,2095.9,1
2026-06-24,2026-06-22,PED0002321,CLI_0007,CORDOBA,ASESOR_4,CONSTRUCCION,CH430,A,1410.83,2026.6,4
2026-06-26,2026-06-22,PED0002322,CLI_0028,ROSARIO,ASESOR_3,AUTOPARTES,BULONERIA,C,1362.48,1318.3,2
2026-06-24,2026-06-22,PED0002323,CLI_0041,CAPITAL,ASESOR_6,CONSTRUCCION,CH316,A,2768.7,3255.4,4
2026-06-25,2026-06-22,PED0002324,CLI_0011,MENDOZA,ASESOR_2,CONSTRUCCION,PERFILES,C,1722.51,2193.7,2
2026-06-23,2026-06-22,PED0002325,CLI_0037,MENDOZA,ASESOR_1,AGRO,CH304,B,2276.35,3031.7,2
2026-06-24,2026-06-22,PED0002326,CLI_0011,CORDOBA,ASESOR_3,AGRO,CH304,B,1411.12,1969.2,1
2026-06-23,2026-06-22,PED0002327,CLI_0043,ROSARIO,ASESOR_5,METALMECANICA,CAÑOS Y TUBOS,B,1962.13,2162.3,4
2026-06-23,2026-06-22,PED0002328,CLI_0031,ROSARIO,ASESOR_1,AUTOPARTES,BULONERIA,C,985.57,812.0,1
2026-06-26,2026-06-22,PED0002329,CLI_0036,CORDOBA,ASESOR_2,AGRO,CH304,A,1129.27,1799.2,5
2026-06-26,2026-06-22,PED0002329,CLI_0036,CORDOBA,ASESOR_2,AGRO,CAÑOS Y TUBOS,A,1825.41,2063.1,3
2026-06-26,2026-06-22,PED0002329,CLI_0036,CORDOBA,ASESOR_2,AGRO,CH430,A,1244.61,1381.5,5
2026-06-26,2026-06-22,PED0002330,CLI_0037,MENDOZA,ASESOR_6,AUTOPARTES,CH316,B,1326.19,1540.9,3
2026-06-26,2026-06-22,PED0002330,CLI_0037,MENDOZA,ASESOR_6,AUTOPARTES,BULONERIA,B,2314.11,1954.4,2
2026-06-22,2026-06-22,PED0002331,CLI_0015,ROSARIO,ASESOR_2,CONSTRUCCION,BULONERIA,A,1243.84,1844.0,1
2026-06-26,2026-06-22,PED0002332,CLI_0014,ROSARIO,ASESOR_3,CONSTRUCCION,CH430,C,1473.2,2181.3,2
2026-06-26,2026-06-22,PED0002332,CLI_0014,ROSARIO,ASESOR_3,CONSTRUCCION,CH304,C,1262.21,1521.6,1
2026-06-26,2026-06-22,PED0002333,CLI_0029,CORDOBA,ASESOR_1,METALMECANICA,CH316,B,1125.84,1340.0,5
2026-06-26,2026-06-22,PED0002333,CLI_0029,CORDOBA,ASESOR_1,METALMECANICA,BULONERIA,B,1956.26,1996.0,6
2026-06-25,2026-06-22,PED0002334,CLI_0010,CAPITAL,ASESOR_5,ENERGIA,CH316,B,3140.05,4048.2,5
2026-06-23,2026-06-22,PED0002335,CLI_0034,CORDOBA,ASESOR_3,AGRO,CH430,A,1072.79,1318.8,4
2026-06-23,2026-06-22,PED0002335,CLI_0034,CORDOBA,ASESOR_3,AGRO,PERFILES,A,2431.38,2082.2,4
2026-06-23,2026-06-22,PED0002336,CLI_0038,ROSARIO,ASESOR_4,CONSTRUCCION,CH304,B,1219.57,1346.7,4
2026-06-23,2026-06-22,PED0002336,CLI_0038,ROSARIO,ASESOR_4,CONSTRUCCION,PERFILES,B,2282.62,3309.2,3
2026-06-23,2026-06-22,PED0002336,CLI_0038,ROSARIO,ASESOR_4,CONSTRUCCION,BULONERIA,B,1446.01,1855.8,2
2026-06-25,2026-06-22,PED0002337,CLI_0040,MENDOZA,ASESOR_1,METALMECANICA,CH304,A,3228.18,4686.2,5
2026-06-25,2026-06-22,PED0002337,CLI_0040,MENDOZA,ASESOR_1,METALMECANICA,PERFILES,A,1413.11,1487.0,4
2026-06-25,2026-06-22,PED0002337,CLI_0040,MENDOZA,ASESOR_1,METALMECANICA,BULONERIA,A,2666.44,3576.3,2
2026-06-23,2026-06-22,PED0002338,CLI_0037,CORDOBA,ASESOR_6,METALMECANICA,CH304,B,1209.47,1043.5,1
2026-06-22,2026-06-22,PED0002339,CLI_0029,ROSARIO,ASESOR_1,ENERGIA,CH430,A,1472.35,1999.3,2
2026-06-24,2026-06-22,PED0002340,CLI_0038,ROSARIO,ASESOR_3,CONSTRUCCION,CH304,B,1112.29,1258.3,5
2026-06-26,2026-06-22,PED0002341,CLI_0033,CORDOBA,ASESOR_1,METALMECANICA,CH316,B,849.73,814.3,3
2026-06-23,2026-06-22,PED0002342,CLI_0013,CORDOBA,ASESOR_4,AGRO,BULONERIA,B,2700.86,3456.3,1
2026-06-25,2026-06-22,PED0002343,CLI_0006,MENDOZA,ASESOR_6,AGRO,PERFILES,A,1849.76,2387.6,5
2026-06-26,2026-06-22,PED0002344,CLI_0023,MENDOZA,ASESOR_1,ENERGIA,CH316,C,1366.88,2153.8,5
2026-06-24,2026-06-22,PED0002345,CLI_0018,CORDOBA,ASESOR_1,AUTOPARTES,CAÑOS Y TUBOS,C,1124.8,1050.9,4
2026-06-22,2026-06-22,PED0002346,CLI_0039,CORDOBA,ASESOR_2,CONSTRUCCION,CAÑOS Y TUBOS,C,1291.27,1741.1,1
2026-06-24,2026-06-22,PED0002347,CLI_0036,CAPITAL,ASESOR_1,ENERGIA,CH304,C,2577.74,2528.0,1
2026-06-24,2026-06-22,PED0002348,CLI_0045,MENDOZA,ASESOR_3,CONSTRUCCION,CAÑOS Y TUBOS,A,1760.03,1941.1,6
2026-06-24,2026-06-22,PED0002348,CLI_0045,MENDOZA,ASESOR_3,CONSTRUCCION,BULONERIA,A,2318.79,3369.3,5
2026-06-24,2026-06-22,PED0002348,CLI_0045,MENDOZA,ASESOR_3,CONSTRUCCION,CH430,A,1086.01,1088.0,1
2026-06-22,2026-06-22,PED0002349,CLI_0030,MENDOZA,ASESOR_1,AUTOPARTES,CAÑOS Y TUBOS,B,1668.71,1928.4,2
2026-06-22,2026-06-22,PED0002349,CLI_0030,MENDOZA,ASESOR_1,AUTOPARTES,BULONERIA,B,2338.0,2456.2,3
2026-06-22,2026-06-22,PED0002349,CLI_0030,MENDOZA,ASESOR_1,AUTOPARTES,CH304,B,2902.29,4200.1,1
2026-06-25,2026-06-22,PED0002350,CLI_0039,MENDOZA,ASESOR_5,CONSTRUCCION,BULONERIA,A,2452.02,3594.0,1
2026-06-24,2026-06-22,PED0002351,CLI_0004,CORDOBA,ASESOR_5,CONSTRUCCION,CH304,A,1718.7,2488.9,3
2026-06-26,2026-06-22,PED0002352,CLI_0033,MENDOZA,ASESOR_4,AGRO,PERFILES,B,1939.34,3079.6,3
2026-06-25,2026-06-22,PED0002353,CLI_0013,CORDOBA,ASESOR_2,AUTOPARTES,CH304,C,1565.51,1703.5,1
2026-06-25,2026-06-22,PED0002353,CLI_0013,CORDOBA,ASESOR_2,AUTOPARTES,CH316,C,1286.84,1808.9,3
2026-06-25,2026-06-22,PED0002354,CLI_0032,ROSARIO,ASESOR_4,METALMECANICA,BULONERIA,C,1249.86,1831.3,2
2026-06-25,2026-06-22,PED0002354,CLI_0032,ROSARIO,ASESOR_4,METALMECANICA,PERFILES,C,1717.63,1998.5,5
2026-06-23,2026-06-22,PED0002355,CLI_0035,CORDOBA,ASESOR_4,AUTOPARTES,CH316,B,1270.25,1398.4,3
2026-06-23,2026-06-22,PED0002355,CLI_0035,CORDOBA,ASESOR_4,AUTOPARTES,PERFILES,B,3550.26,3532.1,5
2026-06-23,2026-06-22,PED0002355,CLI_0035,CORDOBA,ASESOR_4,AUTOPARTES,CH430,B,1075.56,1272.7,4
2026-06-23,2026-06-22,PED0002356,CLI_0018,MENDOZA,ASESOR_6,CONSTRUCCION,CH316,B,1654.12,2507.1,4
2026-06-24,2026-06-22,PED0002357,CLI_0022,MENDOZA,ASESOR_4,CONSTRUCCION,CH304,B,3286.21,4797.2,4
2026-06-24,2026-06-22,PED0002357,CLI_0022,MENDOZA,ASESOR_4,CONSTRUCCION,CAÑOS Y TUBOS,B,1560.62,1396.4,6
2026-06-26,2026-06-22,PED0002358,CLI_0015,CAPITAL,ASESOR_4,AUTOPARTES,CH316,B,3579.93,3989.9,4
2026-06-26,2026-06-22,PED0002358,CLI_0015,CAPITAL,ASESOR_4,AUTOPARTES,CH430,B,768.88,979.6,6
2026-06-24,2026-06-22,PED0002359,CLI_0015,MENDOZA,ASESOR_1,CONSTRUCCION,CH316,C,1515.69,1500.3,6
2026-06-25,2026-06-22,PED0002360,CLI_0012,ROSARIO,ASESOR_4,CONSTRUCCION,PERFILES,C,1951.53,2504.7,6
2026-06-25,2026-06-22,PED0002360,CLI_0012,ROSARIO,ASESOR_4,CONSTRUCCION,CH316,C,1114.76,913.1,2
2026-06-25,2026-06-22,PED0002360,CLI_0012,ROSARIO,ASESOR_4,CONSTRUCCION,CH430,C,1148.77,968.3,1
2026-06-25,2026-06-22,PED0002361,CLI_0038,CAPITAL,ASESOR_1,CONSTRUCCION,CH304,A,3630.57,4239.6,5
2026-06-23,2026-06-22,PED0002362,CLI_0002,CORDOBA,ASESOR_3,ENERGIA,CH316,C,1176.46,1464.5,2
2026-06-23,2026-06-22,PED0002362,CLI_0002,CORDOBA,ASESOR_3,ENERGIA,CH304,C,1515.07,1446.2,3
2026-06-23,2026-06-22,PED0002362,CLI_0002,CORDOBA,ASESOR_3,ENERGIA,PERFILES,C,3113.64,3426.2,5
2026-06-23,2026-06-22,PED0002363,CLI_0038,CAPITAL,ASESOR_6,ENERGIA,CH316,C,2503.56,2531.0,3
2026-06-25,2026-06-22,PED0002364,CLI_0030,CAPITAL,ASESOR_4,METALMECANICA,CH430,C,706.59,643.6,1
2026-06-25,2026-06-22,PED0002364,CLI_0030,CAPITAL,ASESOR_4,METALMECANICA,BULONERIA,C,2022.17,2475.6,2
2026-06-25,2026-06-22,PED0002364,CLI_0030,CAPITAL,ASESOR_4,METALMECANICA,CAÑOS Y TUBOS,C,2240.82,1830.3,2
2026-06-25,2026-06-22,PED0002365,CLI_0028,CAPITAL,ASESOR_5,METALMECANICA,BULONERIA,C,1895.43,2994.4,2
2026-06-25,2026-06-22,PED0002366,CLI_0010,CAPITAL,ASESOR_2,AUTOPARTES,CAÑOS Y TUBOS,B,1591.3,2435.4,5
2026-06-25,2026-06-22,PED0002366,CLI_0010,CAPITAL,ASESOR_2,AUTOPARTES,PERFILES,B,1700.03,1922.8,4
2026-06-23,2026-06-22,PED0002367,CLI_0012,MENDOZA,ASESOR_3,CONSTRUCCION,BULONERIA,C,2402.23,3332.7,6
2026-06-23,2026-06-22,PED0002367,CLI_0012,MENDOZA,ASESOR_3,CONSTRUCCION,CH304,C,2326.36,2500.0,5
2026-06-23,2026-06-22,PED0002368,CLI_0030,ROSARIO,ASESOR_6,METALMECANICA,PERFILES,C,1863.97,2360.8,5
2026-06-24,2026-06-22,PED0002369,CLI_0034,CORDOBA,ASESOR_2,AUTOPARTES,BULONERIA,B,2203.07,3102.1,2
2026-06-22,2026-06-22,PED0002370,CLI_0028,MENDOZA,ASESOR_6,ENERGIA,CH316,B,1242.41,1417.4,1
2026-06-24,2026-06-22,PED0002371,CLI_0008,CAPITAL,ASESOR_3,ENERGIA,CH430,B,942.22,1251.2,6
2026-06-25,2026-06-22,PED0002372,CLI_0029,CAPITAL,ASESOR_6,METALMECANICA,PERFILES,C,1261.88,1940.6,5
2026-06-25,2026-06-22,PED0002373,CLI_0018,CAPITAL,ASESOR_6,AUTOPARTES,CAÑOS Y TUBOS,A,1801.53,2718.6,4
2026-06-25,2026-06-22,PED0002373,CLI_0018,CAPITAL,ASESOR_6,AUTOPARTES,CH316,A,3015.37,2466.5,2
2026-06-25,2026-06-22,PED0002373,CLI_0018,CAPITAL,ASESOR_6,AUTOPARTES,CH304,A,2615.68,3157.1,1
2026-06-25,2026-06-22,PED0002374,CLI_0014,CAPITAL,ASESOR_2,ENERGIA,BULONERIA,B,2198.45,3159.9,2
2026-06-25,2026-06-22,PED0002374,CLI_0014,CAPITAL,ASESOR_2,ENERGIA,CAÑOS Y TUBOS,B,1979.75,2152.4,4
2026-06-24,2026-06-22,PED0002375,CLI_0033,CORDOBA,ASESOR_3,CONSTRUCCION,CH430,C,1023.56,1211.5,2
2026-06-24,2026-06-22,PED0002375,CLI_0033,CORDOBA,ASESOR_3,CONSTRUCCION,CH304,C,1748.81,2746.6,4
2026-06-25,2026-06-22,PED0002376,CLI_0012,CAPITAL,ASESOR_2,ENERGIA,CAÑOS Y TUBOS,B,1510.41,1649.1,5
2026-06-25,2026-06-22,PED0002376,CLI_0012,CAPITAL,ASESOR_2,ENERGIA,BULONERIA,B,1594.58,2360.2,2
2026-06-25,2026-06-22,PED0002376,CLI_0012,CAPITAL,ASESOR_2,ENERGIA,CH304,B,2643.12,3798.7,5
2026-06-26,2026-06-22,PED0002377,CLI_0027,CAPITAL,ASESOR_3,METALMECANICA,PERFILES,C,1730.29,2760.5,5
2026-06-26,2026-06-22,PED0002377,CLI_0027,CAPITAL,ASESOR_3,METALMECANICA,CH316,C,2608.15,3059.5,2
2026-06-26,2026-06-22,PED0002378,CLI_0035,CAPITAL,ASESOR_1,METALMECANICA,CH316,C,3399.45,3343.8,4
2026-06-22,2026-06-22,PED0002379,CLI_0019,CORDOBA,ASESOR_3,ENERGIA,CH304,B,1099.53,1274.7,1
2026-06-25,2026-06-22,PED0002380,CLI_0018,CORDOBA,ASESOR_2,ENERGIA,CH316,B,1144.23,1308.9,2
2026-06-25,2026-06-22,PED0002380,CLI_0018,CORDOBA,ASESOR_2,ENERGIA,CAÑOS Y TUBOS,B,1578.82,1675.1,2
2026-06-22,2026-06-22,PED0002381,CLI_0032,CORDOBA,ASESOR_3,AGRO,CH304,A,1489.27,2011.9,3
2026-06-22,2026-06-22,PED0002381,CLI_0032,CORDOBA,ASESOR_3,AGRO,BULONERIA,A,2410.01,2176.4,2
2026-06-22,2026-06-22,PED0002381,CLI_0032,CORDOBA,ASESOR_3,AGRO,PERFILES,A,2455.24,2057.8,2
2026-06-24,2026-06-22,PED0002382,CLI_0039,MENDOZA,ASESOR_1,METALMECANICA,BULONERIA,A,2338.38,2302.7,6
2026-06-23,2026-06-22,PED0002383,CLI_0040,ROSARIO,ASESOR_6,AGRO,CH430,C,1508.21,2132.6,2
2026-06-23,2026-06-22,PED0002383,CLI_0040,ROSARIO,ASESOR_6,AGRO,CH316,C,1684.53,2102.6,5
2026-06-23,2026-06-22,PED0002383,CLI_0040,ROSARIO,ASESOR_6,AGRO,CH304,C,895.39,1014.0,4
2026-06-26,2026-06-22,PED0002384,CLI_0035,ROSARIO,ASESOR_1,METALMECANICA,PERFILES,C,2111.2,2830.8,1
2026-06-24,2026-06-22,PED0002385,CLI_0042,ROSARIO,ASESOR_2,CONSTRUCCION,CH304,B,1049.64,1205.7,3
2026-06-24,2026-06-22,PED0002386,CLI_0014,MENDOZA,ASESOR_1,CONSTRUCCION,CH430,C,936.34,995.7,6
2026-06-24,2026-06-22,PED0002386,CLI_0014,MENDOZA,ASESOR_1,CONSTRUCCION,PERFILES,C,1386.84,1561.3,2
2026-06-24,2026-06-22,PED0002387,CLI_0031,MENDOZA,ASESOR_6,AUTOPARTES,CH430,B,923.22,1342.8,6
2026-06-22,2026-06-22,PED0002388,CLI_0026,MENDOZA,ASESOR_5,ENERGIA,CH316,C,1321.19,1228.6,3
2026-06-22,2026-06-22,PED0002388,CLI_0026,MENDOZA,ASESOR_5,ENERGIA,CH304,C,2593.38,3523.1,6
2026-06-26,2026-06-22,PED0002389,CLI_0006,ROSARIO,ASESOR_2,ENERGIA,CH316,C,1540.06,2015.6,2
2026-06-26,2026-06-22,PED0002389,CLI_0006,ROSARIO,ASESOR_2,ENERGIA,CAÑOS Y TUBOS,C,2219.81,2257.1,1
2026-06-23,2026-06-22,PED0002390,CLI_0031,CORDOBA,ASESOR_4,METALMECANICA,CH304,A,1115.62,1708.8,2
2026-06-23,2026-06-22,PED0002390,CLI_0031,CORDOBA,ASESOR_4,METALMECANICA,BULONERIA,A,2526.77,2666.9,6
2026-06-26,2026-06-22,PED0002391,CLI_0008,MENDOZA,ASESOR_2,METALMECANICA,CAÑOS Y TUBOS,B,1140.65,987.8,4
2026-06-22,2026-06-22,PED0002392,CLI_0041,CORDOBA,ASESOR_5,ENERGIA,CH430,A,1497.67,1837.5,5
2026-06-25,2026-06-22,PED0002393,CLI_0015,CAPITAL,ASESOR_6,ENERGIA,CH430,B,1047.07,947.6,5
2026-06-24,2026-06-22,PED0002394,CLI_0040,ROSARIO,ASESOR_3,AGRO,CH316,C,1309.23,1878.4,5
2026-06-24,2026-06-22,PED0002394,CLI_0040,ROSARIO,ASESOR_3,AGRO,CH304,C,1059.21,1119.5,4
2026-06-23,2026-06-22,PED0002395,CLI_0042,CAPITAL,ASESOR_1,AUTOPARTES,CH430,C,1016.37,1193.4,2
2026-06-22,2026-06-22,PED0002396,CLI_0015,MENDOZA,ASESOR_3,AGRO,CH304,C,3418.15,4294.4,1
2026-06-22,2026-06-22,PED0002396,CLI_0015,MENDOZA,ASESOR_3,AGRO,PERFILES,C,1998.1,1772.8,3
2026-06-22,2026-06-22,PED0002396,CLI_0015,MENDOZA,ASESOR_3,AGRO,CH430,C,1323.65,2080.0,2
2026-06-26,2026-06-22,PED0002397,CLI_0017,CAPITAL,ASESOR_2,AUTOPARTES,CH304,B,3737.85,3575.7,4
2026-06-26,2026-06-22,PED0002397,CLI_0017,CAPITAL,ASESOR_2,AUTOPARTES,BULONERIA,B,1720.03,2405.8,2
2026-06-22,2026-06-22,PED0002398,CLI_0037,ROSARIO,ASESOR_1,METALMECANICA,BULONERIA,B,1329.92,1743.8,5
2026-06-22,2026-06-22,PED0002398,CLI_0037,ROSARIO,ASESOR_1,METALMECANICA,PERFILES,B,2553.11,3769.7,2
2026-06-23,2026-06-22,PED0002399,CLI_0014,MENDOZA,ASESOR_1,AGRO,BULONERIA,C,2155.53,2657.3,5
2026-06-26,2026-06-22,PED0002400,CLI_0025,CORDOBA,ASESOR_2,ENERGIA,PERFILES,B,3093.44,3826.2,3
2026-06-22,2026-06-22,PED0002401,CLI_0039,ROSARIO,ASESOR_5,METALMECANICA,PERFILES,B,2297.35,2702.2,4
2026-06-22,2026-06-22,PED0002401,CLI_0039,ROSARIO,ASESOR_5,METALMECANICA,CH304,B,1159.54,1498.6,5
2026-06-24,2026-06-22,PED0002402,CLI_0015,CORDOBA,ASESOR_3,AGRO,CH304,B,1372.19,1736.1,2
2026-06-24,2026-06-22,PED0002403,CLI_0021,MENDOZA,ASESOR_2,METALMECANICA,CH430,C,1428.5,2278.2,1
2026-06-24,2026-06-22,PED0002403,CLI_0021,MENDOZA,ASESOR_2,METALMECANICA,CAÑOS Y TUBOS,C,1621.23,1337.2,6
2026-06-23,2026-06-22,PED0002404,CLI_0012,CORDOBA,ASESOR_2,AGRO,PERFILES,C,2820.46,3623.7,5
2026-06-23,2026-06-22,PED0002404,CLI_0012,CORDOBA,ASESOR_2,AGRO,CH430,C,1604.22,1750.4,3
2026-06-23,2026-06-22,PED0002404,CLI_0012,CORDOBA,ASESOR_2,AGRO,CH304,C,1371.16,1926.6,6
2026-06-22,2026-06-22,PED0002405,CLI_0024,MENDOZA,ASESOR_3,METALMECANICA,PERFILES,C,1573.3,2295.5,3
2026-06-22,2026-06-22,PED0002406,CLI_0021,CAPITAL,ASESOR_4,AUTOPARTES,CAÑOS Y TUBOS,A,2314.78,2025.7,6
2026-06-22,2026-06-22,PED0002406,CLI_0021,CAPITAL,ASESOR_4,AUTOPARTES,BULONERIA,A,1901.77,1815.5,6
2026-06-23,2026-06-22,PED0002407,CLI_0036,CAPITAL,ASESOR_6,CONSTRUCCION,CH316,B,2622.94,2512.5,6
2026-06-25,2026-06-22,PED0002408,CLI_0041,CORDOBA,ASESOR_3,CONSTRUCCION,PERFILES,B,2342.98,2913.4,6
2026-06-25,2026-06-22,PED0002408,CLI_0041,CORDOBA,ASESOR_3,CONSTRUCCION,CH430,B,1473.92,2037.6,2
2026-06-25,2026-06-22,PED0002409,CLI_0005,CAPITAL,ASESOR_2,METALMECANICA,BULONERIA,B,1932.16,2057.4,1
2026-06-23,2026-06-22,PED0002410,CLI_0026,CORDOBA,ASESOR_5,METALMECANICA,CH316,A,945.28,1120.8,1
2026-06-26,2026-06-22,PED0002411,CLI_0017,CORDOBA,ASESOR_4,ENERGIA,CH430,B,1179.98,1269.4,4
2026-06-25,2026-06-22,PED0002412,CLI_0034,CAPITAL,ASESOR_2,CONSTRUCCION,CH316,A,3051.69,3196.1,3
2026-06-22,2026-06-22,PED0002413,CLI_0028,CORDOBA,ASESOR_4,METALMECANICA,CH316,A,862.74,1128.4,4
2026-06-22,2026-06-22,PED0002413,CLI_0028,CORDOBA,ASESOR_4,METALMECANICA,PERFILES,A,3129.44,4395.8,1
2026-06-22,2026-06-22,PED0002414,CLI_0023,MENDOZA,ASESOR_3,CONSTRUCCION,CH316,B,1556.79,2032.9,3
2026-06-22,2026-06-22,PED0002414,CLI_0023,MENDOZA,ASESOR_3,CONSTRUCCION,BULONERIA,B,2047.47,2102.0,5
2026-06-22,2026-06-22,PED0002414,CLI_0023,MENDOZA,ASESOR_3,CONSTRUCCION,PERFILES,B,1908.53,1906.0,1
2026-06-26,2026-06-22,PED0002415,CLI_0016,CORDOBA,ASESOR_3,AGRO,CH316,B,1337.25,1296.9,3
2026-06-26,2026-06-22,PED0002416,CLI_0008,MENDOZA,ASESOR_1,METALMECANICA,CH430,B,1061.77,965.7,4
2026-06-26,2026-06-22,PED0002416,CLI_0008,MENDOZA,ASESOR_1,METALMECANICA,CH316,B,1702.35,1622.9,6
2026-06-23,2026-06-22,PED0002417,CLI_0032,CAPITAL,ASESOR_3,METALMECANICA,CH316,A,3286.31,4524.3,2
2026-06-23,2026-06-22,PED0002417,CLI_0032,CAPITAL,ASESOR_3,METALMECANICA,CAÑOS Y TUBOS,A,2306.05,2627.2,5
2026-06-24,2026-06-22,PED0002418,CLI_0021,CAPITAL,ASESOR_2,AUTOPARTES,BULONERIA,A,1427.72,2025.4,1
2026-06-24,2026-06-22,PED0002418,CLI_0021,CAPITAL,ASESOR_2,AUTOPARTES,CH304,A,2989.25,4635.9,4
2026-06-24,2026-06-22,PED0002418,CLI_0021,CAPITAL,ASESOR_2,AUTOPARTES,CAÑOS Y TUBOS,A,1435.38,1976.6,3
2026-06-24,2026-06-22,PED0002419,CLI_0036,CAPITAL,ASESOR_2,CONSTRUCCION,CH304,A,3028.61,3874.5,2
2026-06-23,2026-06-22,PED0002420,CLI_0042,CAPITAL,ASESOR_4,AUTOPARTES,BULONERIA,C,1858.47,2431.2,1
2026-06-23,2026-06-22,PED0002420,CLI_0042,CAPITAL,ASESOR_4,AUTOPARTES,CH316,C,3564.85,3301.2,4
2026-06-22,2026-06-22,PED0002421,CLI_0009,ROSARIO,ASESOR_1,CONSTRUCCION,CH316,C,1199.78,1360.9,1
2026-06-25,2026-06-22,PED0002422,CLI_0007,ROSARIO,ASESOR_2,ENERGIA,CH316,B,1634.33,1720.0,5
2026-06-25,2026-06-22,PED0002422,CLI_0007,ROSARIO,ASESOR_2,ENERGIA,CAÑOS Y TUBOS,B,2471.59,2948.1,5
2026-06-25,2026-06-22,PED0002423,CLI_0020,MENDOZA,ASESOR_2,ENERGIA,CH316,C,1583.32,1923.5,6
2026-06-22,2026-06-22,PED0002424,CLI_0017,CAPITAL,ASESOR_1,AUTOPARTES,CH430,B,839.55,1060.9,2
2026-06-22,2026-06-22,PED0002424,CLI_0017,CAPITAL,ASESOR_1,AUTOPARTES,CAÑOS Y TUBOS,B,2110.69,2145.7,4
2026-06-22,2026-06-22,PED0002424,CLI_0017,CAPITAL,ASESOR_1,AUTOPARTES,PERFILES,B,1230.18,1543.0,6
2026-06-25,2026-06-22,PED0002425,CLI_0031,CAPITAL,ASESOR_6,METALMECANICA,BULONERIA,C,1563.79,2272.6,3
2026-06-25,2026-06-22,PED0002426,CLI_0044,ROSARIO,ASESOR_3,METALMECANICA,CAÑOS Y TUBOS,B,2456.95,3019.8,1
2026-06-25,2026-06-22,PED0002426,CLI_0044,ROSARIO,ASESOR_3,METALMECANICA,BULONERIA,B,1227.04,1777.2,6
2026-06-22,2026-06-22,PED0002427,CLI_0018,CORDOBA,ASESOR_4,AGRO,CH304,B,1724.81,1591.2,3
2026-06-22,2026-06-22,PED0002427,CLI_0018,CORDOBA,ASESOR_4,AGRO,CH316,B,896.22,1091.6,5
2026-06-22,2026-06-22,PED0002427,CLI_0018,CORDOBA,ASESOR_4,AGRO,CAÑOS Y TUBOS,B,1213.34,1744.0,2
2026-06-24,2026-06-22,PED0002428,CLI_0016,MENDOZA,ASESOR_6,CONSTRUCCION,CH304,C,2079.31,1989.3,4
2026-06-24,2026-06-22,PED0002429,CLI_0031,CAPITAL,ASESOR_6,ENERGIA,BULONERIA,C,1689.05,2047.6,2
2026-06-26,2026-06-22,PED0002430,CLI_0010,CAPITAL,ASESOR_6,METALMECANICA,BULONERIA,B,1463.47,1852.9,2
2026-06-26,2026-06-22,PED0002430,CLI_0010,CAPITAL,ASESOR_6,METALMECANICA,CH304,B,3710.23,5580.5,3
2026-06-24,2026-06-22,PED0002431,CLI_0008,ROSARIO,ASESOR_5,AGRO,CAÑOS Y TUBOS,B,2750.16,2386.6,5
2026-06-22,2026-06-22,PED0002432,CLI_0039,CAPITAL,ASESOR_5,ENERGIA,CH304,C,3761.91,3366.2,1
2026-06-25,2026-06-22,PED0002433,CLI_0017,MENDOZA,ASESOR_4,CONSTRUCCION,CH304,B,3080.98,2599.9,3
2026-06-26,2026-06-22,PED0002434,CLI_0017,CAPITAL,ASESOR_3,AUTOPARTES,CAÑOS Y TUBOS,B,1975.47,2296.3,2
2026-06-22,2026-06-22,PED0002435,CLI_0036,CORDOBA,ASESOR_4,CONSTRUCCION,PERFILES,C,3486.16,2931.8,4
2026-06-22,2026-06-22,PED0002436,CLI_0032,CAPITAL,ASESOR_1,METALMECANICA,CH304,C,2395.63,2583.5,3
2026-06-22,2026-06-22,PED0002436,CLI_0032,CAPITAL,ASESOR_1,METALMECANICA,CH430,C,929.41,865.1,6
2026-06-22,2026-06-22,PED0002437,CLI_0022,ROSARIO,ASESOR_6,ENERGIA,CH316,A,1336.83,1737.2,5
2026-06-22,2026-06-22,PED0002437,CLI_0022,ROSARIO,ASESOR_6,ENERGIA,PERFILES,A,2113.48,2787.1,6
2026-06-22,2026-06-22,PED0002437,CLI_0022,ROSARIO,ASESOR_6,ENERGIA,CAÑOS Y TUBOS,A,2631.38,3502.1,3
2026-06-24,2026-06-22,PED0002438,CLI_0043,ROSARIO,ASESOR_5,METALMECANICA,CH316,B,1323.98,1465.5,6
2026-06-25,2026-06-22,PED0002439,CLI_0025,CORDOBA,ASESOR_6,AUTOPARTES,CH430,A,1482.2,1436.2,3
2026-06-23,2026-06-22,PED0002440,CLI_0009,CAPITAL,ASESOR_6,AGRO,PERFILES,A,1843.36,2755.3,4
2026-06-25,2026-06-22,PED0002441,CLI_0027,MENDOZA,ASESOR_6,ENERGIA,BULONERIA,C,2362.11,2601.6,1
2026-06-24,2026-06-22,PED0002442,CLI_0044,CORDOBA,ASESOR_3,METALMECANICA,CH304,C,1420.74,1836.0,4
2026-06-24,2026-06-22,PED0002442,CLI_0044,CORDOBA,ASESOR_3,METALMECANICA,CH430,C,1311.55,1132.0,3
2026-07-03,2026-06-29,PED0002443,CLI_0033,CAPITAL,ASESOR_5,CONSTRUCCION,CH430,B,1005.51,1346.5,4
2026-07-02,2026-06-29,PED0002444,CLI_0040,CORDOBA,ASESOR_3,AGRO,CH430,A,1218.96,1212.6,2
2026-06-29,2026-06-29,PED0002445,CLI_0009,MENDOZA,ASESOR_6,ENERGIA,CH304,A,2592.64,3511.4,1
2026-06-29,2026-06-29,PED0002445,CLI_0009,MENDOZA,ASESOR_6,ENERGIA,PERFILES,A,2140.85,2141.3,6
2026-07-03,2026-06-29,PED0002446,CLI_0025,MENDOZA,ASESOR_5,ENERGIA,CH316,C,1138.14,1235.5,5
2026-07-02,2026-06-29,PED0002447,CLI_0020,MENDOZA,ASESOR_1,ENERGIA,CH316,C,1583.48,2345.3,1
2026-07-02,2026-06-29,PED0002447,CLI_0020,MENDOZA,ASESOR_1,ENERGIA,CH430,C,1457.46,1212.5,2
2026-07-03,2026-06-29,PED0002448,CLI_0041,ROSARIO,ASESOR_6,METALMECANICA,CAÑOS Y TUBOS,B,2201.94,2346.2,5
2026-07-03,2026-06-29,PED0002448,CLI_0041,ROSARIO,ASESOR_6,METALMECANICA,CH316,B,1667.91,2432.0,5
2026-07-03,2026-06-29,PED0002448,CLI_0041,ROSARIO,ASESOR_6,METALMECANICA,CH304,B,1316.39,2029.6,5
2026-07-01,2026-06-29,PED0002449,CLI_0004,CAPITAL,ASESOR_6,ENERGIA,BULONERIA,A,1562.29,2160.8,3
2026-07-03,2026-06-29,PED0002450,CLI_0038,MENDOZA,ASESOR_3,METALMECANICA,CAÑOS Y TUBOS,A,1820.45,2158.0,5
2026-06-29,2026-06-29,PED0002451,CLI_0039,CORDOBA,ASESOR_6,METALMECANICA,CH304,C,1376.48,1650.7,5
2026-07-02,2026-06-29,PED0002452,CLI_0011,CAPITAL,ASESOR_3,AGRO,CAÑOS Y TUBOS,C,1996.73,2401.6,6
2026-07-01,2026-06-29,PED0002453,CLI_0034,MENDOZA,ASESOR_5,ENERGIA,CH430,B,1233.8,1859.1,3
2026-07-03,2026-06-29,PED0002454,CLI_0008,CAPITAL,ASESOR_2,AGRO,CH316,A,3486.29,5473.6,4
2026-07-03,2026-06-29,PED0002454,CLI_0008,CAPITAL,ASESOR_2,AGRO,CAÑOS Y TUBOS,A,1584.44,1842.6,6
2026-07-03,2026-06-29,PED0002454,CLI_0008,CAPITAL,ASESOR_2,AGRO,CH304,A,3854.89,6130.4,5
2026-07-03,2026-06-29,PED0002455,CLI_0037,ROSARIO,ASESOR_3,METALMECANICA,CH316,C,1677.99,2472.0,5
2026-07-01,2026-06-29,PED0002456,CLI_0043,CORDOBA,ASESOR_3,METALMECANICA,CH304,C,1744.28,1967.0,4
2026-06-29,2026-06-29,PED0002457,CLI_0030,ROSARIO,ASESOR_6,AUTOPARTES,CAÑOS Y TUBOS,C,2202.35,2206.4,1
2026-06-29,2026-06-29,PED0002457,CLI_0030,ROSARIO,ASESOR_6,AUTOPARTES,CH304,C,1314.53,2069.4,1
2026-06-29,2026-06-29,PED0002457,CLI_0030,ROSARIO,ASESOR_6,AUTOPARTES,BULONERIA,C,1187.38,1074.6,2
2026-06-30,2026-06-29,PED0002458,CLI_0030,MENDOZA,ASESOR_6,AGRO,BULONERIA,B,2505.8,3836.1,6
2026-06-30,2026-06-29,PED0002458,CLI_0030,MENDOZA,ASESOR_6,AGRO,CH316,B,1624.83,1939.5,5
2026-07-01,2026-06-29,PED0002459,CLI_0036,MENDOZA,ASESOR_6,AUTOPARTES,CH304,B,3185.22,2816.1,6
2026-07-03,2026-06-29,PED0002460,CLI_0038,CAPITAL,ASESOR_2,ENERGIA,PERFILES,C,1658.18,2385.1,4
2026-07-03,2026-06-29,PED0002460,CLI_0038,CAPITAL,ASESOR_2,ENERGIA,CAÑOS Y TUBOS,C,1805.06,1904.6,3
2026-07-02,2026-06-29,PED0002461,CLI_0023,CORDOBA,ASESOR_5,ENERGIA,CAÑOS Y TUBOS,B,1354.06,1986.0,1
2026-07-01,2026-06-29,PED0002462,CLI_0033,CAPITAL,ASESOR_2,ENERGIA,CH316,C,3842.06,4682.1,5
2026-07-03,2026-06-29,PED0002463,CLI_0013,MENDOZA,ASESOR_4,ENERGIA,PERFILES,A,2106.23,2705.6,3
2026-07-01,2026-06-29,PED0002464,CLI_0009,ROSARIO,ASESOR_5,ENERGIA,CH304,C,1015.64,848.6,1
2026-07-03,2026-06-29,PED0002465,CLI_0035,ROSARIO,ASESOR_6,AUTOPARTES,CAÑOS Y TUBOS,C,2051.53,1902.7,1
2026-07-03,2026-06-29,PED0002465,CLI_0035,ROSARIO,ASESOR_6,AUTOPARTES,CH304,C,948.79,1087.4,4
2026-07-03,2026-06-29,PED0002465,CLI_0035,ROSARIO,ASESOR_6,AUTOPARTES,CH316,C,1450.46,2297.7,2
2026-07-02,2026-06-29,PED0002466,CLI_0002,MENDOZA,ASESOR_6,METALMECANICA,BULONERIA,B,2139.74,2617.6,6
2026-07-02,2026-06-29,PED0002466,CLI_0002,MENDOZA,ASESOR_6,METALMECANICA,CH430,B,1151.65,948.1,2
2026-07-02,2026-06-29,PED0002466,CLI_0002,MENDOZA,ASESOR_6,METALMECANICA,CH316,B,1190.97,1434.7,4
2026-06-29,2026-06-29,PED0002467,CLI_0021,MENDOZA,ASESOR_5,AUTOPARTES,CH304,C,2999.69,2945.8,2
2026-06-29,2026-06-29,PED0002467,CLI_0021,MENDOZA,ASESOR_5,AUTOPARTES,CAÑOS Y TUBOS,C,1307.69,1708.7,6
2026-06-29,2026-06-29,PED0002467,CLI_0021,MENDOZA,ASESOR_5,AUTOPARTES,CH316,C,1591.46,1884.7,3
2026-07-02,2026-06-29,PED0002468,CLI_0016,MENDOZA,ASESOR_2,AUTOPARTES,BULONERIA,C,2460.94,2078.9,3
2026-06-30,2026-06-29,PED0002469,CLI_0007,ROSARIO,ASESOR_3,ENERGIA,CH316,B,1631.86,1593.5,6
2026-06-29,2026-06-29,PED0002470,CLI_0007,ROSARIO,ASESOR_2,ENERGIA,CH316,B,1640.97,1367.6,6
2026-07-03,2026-06-29,PED0002471,CLI_0009,ROSARIO,ASESOR_3,AGRO,BULONERIA,B,1568.06,2252.7,4
2026-07-03,2026-06-29,PED0002471,CLI_0009,ROSARIO,ASESOR_3,AGRO,CH316,B,1541.0,1594.2,1
2026-07-01,2026-06-29,PED0002472,CLI_0028,MENDOZA,ASESOR_4,ENERGIA,CAÑOS Y TUBOS,B,1406.75,1851.2,2
2026-07-01,2026-06-29,PED0002472,CLI_0028,MENDOZA,ASESOR_4,ENERGIA,CH430,B,1242.95,1831.0,3
2026-07-03,2026-06-29,PED0002473,CLI_0021,MENDOZA,ASESOR_5,CONSTRUCCION,CH430,B,1225.67,1204.4,2
2026-07-03,2026-06-29,PED0002473,CLI_0021,MENDOZA,ASESOR_5,CONSTRUCCION,CAÑOS Y TUBOS,B,1637.75,2127.2,1
2026-07-03,2026-06-29,PED0002474,CLI_0006,ROSARIO,ASESOR_3,ENERGIA,BULONERIA,C,1224.63,990.1,4
2026-07-03,2026-06-29,PED0002475,CLI_0005,ROSARIO,ASESOR_2,ENERGIA,BULONERIA,B,1554.02,1767.5,1
2026-07-03,2026-06-29,PED0002475,CLI_0005,ROSARIO,ASESOR_2,ENERGIA,CH430,B,1208.82,990.3,5
2026-06-30,2026-06-29,PED0002476,CLI_0003,CORDOBA,ASESOR_2,CONSTRUCCION,CH316,A,1187.95,1179.7,5
2026-06-30,2026-06-29,PED0002476,CLI_0003,CORDOBA,ASESOR_2,CONSTRUCCION,PERFILES,A,2873.27,4291.9,4
2026-06-30,2026-06-29,PED0002476,CLI_0003,CORDOBA,ASESOR_2,CONSTRUCCION,CH304,A,1155.58,1131.4,3
2026-06-29,2026-06-29,PED0002477,CLI_0016,MENDOZA,ASESOR_5,ENERGIA,BULONERIA,A,1646.6,1471.4,2
2026-07-01,2026-06-29,PED0002478,CLI_0039,ROSARIO,ASESOR_4,AGRO,CH304,C,905.08,1199.0,4
2026-07-02,2026-06-29,PED0002479,CLI_0022,ROSARIO,ASESOR_5,METALMECANICA,CAÑOS Y TUBOS,A,2592.06,2836.9,6
2026-07-03,2026-06-29,PED0002480,CLI_0034,CORDOBA,ASESOR_3,METALMECANICA,CH430,B,1555.37,1647.7,6
2026-07-03,2026-06-29,PED0002480,CLI_0034,CORDOBA,ASESOR_3,METALMECANICA,CH304,B,1223.21,1594.3,2
2026-07-01,2026-06-29,PED0002481,CLI_0033,CAPITAL,ASESOR_4,CONSTRUCCION,PERFILES,B,1985.39,2683.7,2
2026-07-01,2026-06-29,PED0002481,CLI_0033,CAPITAL,ASESOR_4,CONSTRUCCION,CH316,B,3562.36,4738.8,3
2026-07-01,2026-06-29,PED0002481,CLI_0033,CAPITAL,ASESOR_4,CONSTRUCCION,CH430,B,739.54,1143.6,4
2026-06-29,2026-06-29,PED0002482,CLI_0030,ROSARIO,ASESOR_1,METALMECANICA,BULONERIA,C,1006.48,1475.3,3
2026-06-29,2026-06-29,PED0002482,CLI_0030,ROSARIO,ASESOR_1,METALMECANICA,CH316,C,1427.85,1953.9,3
2026-07-02,2026-06-29,PED0002483,CLI_0034,ROSARIO,ASESOR_1,AUTOPARTES,PERFILES,A,2838.54,1725.4,6
2026-07-02,2026-06-29,PED0002483,CLI_0034,ROSARIO,ASESOR_1,AUTOPARTES,CH430,A,1382.96,1262.9,1
2026-06-30,2026-06-29,PED0002484,CLI_0039,ROSARIO,ASESOR_6,AGRO,CH304,C,1243.11,1277.4,3
2026-06-30,2026-06-29,PED0002484,CLI_0039,ROSARIO,ASESOR_6,AGRO,CH316,C,1082.39,1474.0,5
2026-07-03,2026-06-29,PED0002485,CLI_0011,ROSARIO,ASESOR_4,AUTOPARTES,CH316,B,1647.1,1434.4,5
2026-07-03,2026-06-29,PED0002486,CLI_0014,CAPITAL,ASESOR_3,AUTOPARTES,BULONERIA,B,1586.26,2306.2,5
2026-07-03,2026-06-29,PED0002486,CLI_0014,CAPITAL,ASESOR_3,AUTOPARTES,CH304,B,3734.27,3251.9,6
2026-06-29,2026-06-29,PED0002487,CLI_0003,ROSARIO,ASESOR_2,AGRO,PERFILES,B,3549.29,3747.5,2
2026-06-29,2026-06-29,PED0002487,CLI_0003,ROSARIO,ASESOR_2,AGRO,CH304,B,1277.6,1779.5,6
2026-06-29,2026-06-29,PED0002488,CLI_0008,ROSARIO,ASESOR_3,ENERGIA,PERFILES,C,3277.94,3153.5,6
2026-06-30,2026-06-29,PED0002489,CLI_0037,ROSARIO,ASESOR_4,METALMECANICA,CH430,B,1410.19,1259.0,1
2026-07-03,2026-06-29,PED0002490,CLI_0030,ROSARIO,ASESOR_1,AUTOPARTES,CH316,C,1103.77,1139.1,3
2026-07-03,2026-06-29,PED0002491,CLI_0007,CAPITAL,ASESOR_2,ENERGIA,PERFILES,B,1797.87,2270.2,6
2026-07-03,2026-06-29,PED0002492,CLI_0004,MENDOZA,ASESOR_3,AGRO,PERFILES,A,2059.72,1707.3,2
2026-07-03,2026-06-29,PED0002493,CLI_0020,CAPITAL,ASESOR_6,AUTOPARTES,BULONERIA,A,1418.75,2223.6,2
2026-07-03,2026-06-29,PED0002493,CLI_0020,CAPITAL,ASESOR_6,AUTOPARTES,CH316,A,3596.26,5411.7,6
2026-07-02,2026-06-29,PED0002494,CLI_0011,MENDOZA,ASESOR_4,CONSTRUCCION,BULONERIA,C,1864.51,2308.8,5
2026-07-01,2026-06-29,PED0002495,CLI_0020,CAPITAL,ASESOR_5,CONSTRUCCION,CH304,C,2494.59,3436.9,2
2026-07-03,2026-06-29,PED0002496,CLI_0013,CAPITAL,ASESOR_2,AGRO,CH304,C,3803.99,3276.3,5
2026-07-02,2026-06-29,PED0002497,CLI_0010,MENDOZA,ASESOR_4,AGRO,BULONERIA,A,1794.87,2451.8,6
2026-06-30,2026-06-29,PED0002498,CLI_0040,MENDOZA,ASESOR_2,AUTOPARTES,CH304,A,3234.32,4300.7,6
2026-06-29,2026-06-29,PED0002499,CLI_0035,CAPITAL,ASESOR_1,CONSTRUCCION,PERFILES,B,1918.45,1850.6,4
2026-06-29,2026-06-29,PED0002499,CLI_0035,CAPITAL,ASESOR_1,CONSTRUCCION,BULONERIA,B,1690.05,1976.2,1
2026-06-29,2026-06-29,PED0002499,CLI_0035,CAPITAL,ASESOR_1,CONSTRUCCION,CAÑOS Y TUBOS,B,1390.67,1900.2,4
2026-06-30,2026-06-29,PED0002500,CLI_0029,MENDOZA,ASESOR_4,ENERGIA,CAÑOS Y TUBOS,B,1154.64,1379.2,6
2026-06-29,2026-06-29,PED0002501,CLI_0038,CORDOBA,ASESOR_5,CONSTRUCCION,CH304,C,1447.78,1387.4,2
2026-07-01,2026-06-29,PED0002502,CLI_0033,ROSARIO,ASESOR_3,AUTOPARTES,CAÑOS Y TUBOS,C,2858.02,3525.0,5
2026-07-01,2026-06-29,PED0002502,CLI_0033,ROSARIO,ASESOR_3,AUTOPARTES,CH430,C,1247.65,1620.0,6
2026-07-01,2026-06-29,PED0002502,CLI_0033,ROSARIO,ASESOR_3,AUTOPARTES,PERFILES,C,2416.16,2102.1,5
2026-07-01,2026-06-29,PED0002503,CLI_0032,CAPITAL,ASESOR_5,METALMECANICA,BULONERIA,A,1824.86,1952.8,3
2026-07-01,2026-06-29,PED0002503,CLI_0032,CAPITAL,ASESOR_5,METALMECANICA,CH316,A,2953.01,4722.3,1
2026-07-01,2026-06-29,PED0002503,CLI_0032,CAPITAL,ASESOR_5,METALMECANICA,CH430,A,770.21,1090.2,5
2026-06-30,2026-06-29,PED0002504,CLI_0022,MENDOZA,ASESOR_1,AUTOPARTES,CH316,C,1440.83,1799.1,2
2026-06-30,2026-06-29,PED0002504,CLI_0022,MENDOZA,ASESOR_1,AUTOPARTES,CAÑOS Y TUBOS,C,1516.4,1806.4,4
2026-07-01,2026-06-29,PED0002505,CLI_0011,ROSARIO,ASESOR_2,AUTOPARTES,CAÑOS Y TUBOS,B,2326.77,2827.3,4
2026-07-01,2026-06-29,PED0002505,CLI_0011,ROSARIO,ASESOR_2,AUTOPARTES,CH430,B,1168.02,1681.5,5
2026-06-29,2026-06-29,PED0002506,CLI_0020,MENDOZA,ASESOR_6,METALMECANICA,CAÑOS Y TUBOS,C,1678.51,1517.7,4
2026-07-03,2026-06-29,PED0002507,CLI_0038,ROSARIO,ASESOR_1,METALMECANICA,CAÑOS Y TUBOS,B,1844.78,1859.8,5
2026-07-01,2026-06-29,PED0002508,CLI_0042,CORDOBA,ASESOR_1,ENERGIA,CH430,A,1091.71,971.8,3
2026-07-01,2026-06-29,PED0002508,CLI_0042,CORDOBA,ASESOR_1,ENERGIA,CAÑOS Y TUBOS,A,1639.71,2234.0,1
2026-07-01,2026-06-29,PED0002509,CLI_0008,CAPITAL,ASESOR_4,ENERGIA,CH304,B,3651.71,5484.7,1
2026-07-01,2026-06-29,PED0002510,CLI_0003,CAPITAL,ASESOR_5,ENERGIA,BULONERIA,A,1896.23,2092.0,3
2026-07-02,2026-06-29,PED0002511,CLI_0032,CORDOBA,ASESOR_2,METALMECANICA,CH430,B,1577.4,2452.0,2
2026-06-30,2026-06-29,PED0002512,CLI_0010,MENDOZA,ASESOR_4,CONSTRUCCION,BULONERIA,C,1924.26,2595.4,3
2026-06-29,2026-06-29,PED0002513,CLI_0010,CORDOBA,ASESOR_5,AGRO,CH304,C,1652.91,1444.9,4
2026-07-03,2026-06-29,PED0002514,CLI_0032,ROSARIO,ASESOR_2,METALMECANICA,PERFILES,C,2850.6,2140.4,2
2026-07-02,2026-06-29,PED0002515,CLI_0030,CAPITAL,ASESOR_6,METALMECANICA,CH316,C,2971.43,4245.8,1
2026-07-02,2026-06-29,PED0002515,CLI_0030,CAPITAL,ASESOR_6,METALMECANICA,PERFILES,C,1985.59,2104.5,6
2026-07-03,2026-06-29,PED0002516,CLI_0008,MENDOZA,ASESOR_1,ENERGIA,CAÑOS Y TUBOS,A,1135.29,1011.3,2
2026-07-03,2026-06-29,PED0002516,CLI_0008,MENDOZA,ASESOR_1,ENERGIA,CH430,A,1171.97,1587.5,3
2026-07-03,2026-06-29,PED0002517,CLI_0013,CAPITAL,ASESOR_2,AGRO,BULONERIA,C,2190.48,3177.0,1
2026-07-03,2026-06-29,PED0002518,CLI_0031,CAPITAL,ASESOR_6,METALMECANICA,BULONERIA,A,1848.0,2773.9,1
2026-07-01,2026-06-29,PED0002519,CLI_0005,CORDOBA,ASESOR_2,ENERGIA,CAÑOS Y TUBOS,C,1539.41,1593.2,1
2026-07-01,2026-06-29,PED0002519,CLI_0005,CORDOBA,ASESOR_2,ENERGIA,BULONERIA,C,2705.5,3791.1,4
2026-07-03,2026-06-29,PED0002520,CLI_0030,CORDOBA,ASESOR_4,AUTOPARTES,CH304,B,1133.41,1783.4,6
2026-07-02,2026-06-29,PED0002521,CLI_0007,CAPITAL,ASESOR_6,METALMECANICA,CH430,B,938.28,926.5,6
2026-07-02,2026-06-29,PED0002521,CLI_0007,CAPITAL,ASESOR_6,METALMECANICA,BULONERIA,B,1439.61,1623.1,2
2026-07-03,2026-06-29,PED0002522,CLI_0044,ROSARIO,ASESOR_2,METALMECANICA,CH304,B,1214.8,1636.1,1
2026-06-29,2026-06-29,PED0002523,CLI_0032,CAPITAL,ASESOR_1,METALMECANICA,BULONERIA,A,1889.44,2473.3,3
2026-06-29,2026-06-29,PED0002524,CLI_0013,MENDOZA,ASESOR_4,CONSTRUCCION,PERFILES,C,1382.39,2124.5,3
2026-06-29,2026-06-29,PED0002524,CLI_0013,MENDOZA,ASESOR_4,CONSTRUCCION,CH430,C,1026.0,1400.0,6
2026-06-29,2026-06-29,PED0002524,CLI_0013,MENDOZA,ASESOR_4,CONSTRUCCION,BULONERIA,C,2548.55,3670.8,3
2026-07-02,2026-06-29,PED0002525,CLI_0020,CORDOBA,ASESOR_2,ENERGIA,PERFILES,B,3320.16,4549.8,4
2026-06-29,2026-06-29,PED0002526,CLI_0011,MENDOZA,ASESOR_5,ENERGIA,CAÑOS Y TUBOS,A,1313.59,1530.4,6
2026-06-29,2026-06-29,PED0002526,CLI_0011,MENDOZA,ASESOR_5,ENERGIA,CH430,A,1209.05,1768.1,3
2026-06-29,2026-06-29,PED0002526,CLI_0011,MENDOZA,ASESOR_5,ENERGIA,BULONERIA,A,2190.16,1979.7,6
2026-07-03,2026-06-29,PED0002527,CLI_0035,CAPITAL,ASESOR_5,METALMECANICA,BULONERIA,C,2168.05,2580.2,5
2026-07-02,2026-06-29,PED0002528,CLI_0028,CAPITAL,ASESOR_1,METALMECANICA,CAÑOS Y TUBOS,A,2084.24,1803.7,1
2026-06-30,2026-06-29,PED0002529,CLI_0004,ROSARIO,ASESOR_1,ENERGIA,CH430,B,1041.43,1442.7,6
2026-06-30,2026-06-29,PED0002529,CLI_0004,ROSARIO,ASESOR_1,ENERGIA,CAÑOS Y TUBOS,B,2419.42,2993.5,6
2026-07-01,2026-06-29,PED0002530,CLI_0035,CORDOBA,ASESOR_6,AUTOPARTES,BULONERIA,B,2135.73,1805.1,5
2026-07-01,2026-06-29,PED0002530,CLI_0035,CORDOBA,ASESOR_6,AUTOPARTES,CAÑOS Y TUBOS,B,1527.87,1370.2,2
2026-06-30,2026-06-29,PED0002531,CLI_0029,CORDOBA,ASESOR_2,AUTOPARTES,BULONERIA,B,2428.62,3021.1,1
2026-07-03,2026-06-29,PED0002532,CLI_0036,ROSARIO,ASESOR_2,METALMECANICA,CAÑOS Y TUBOS,B,2294.32,1871.3,5
2026-07-03,2026-06-29,PED0002533,CLI_0032,MENDOZA,ASESOR_3,AUTOPARTES,CH430,B,958.23,1002.3,6
2026-07-03,2026-06-29,PED0002533,CLI_0032,MENDOZA,ASESOR_3,AUTOPARTES,CAÑOS Y TUBOS,B,1502.92,2374.7,6
2026-06-29,2026-06-29,PED0002534,CLI_0041,CAPITAL,ASESOR_1,AUTOPARTES,BULONERIA,C,2085.07,1703.4,1
2026-06-29,2026-06-29,PED0002534,CLI_0041,CAPITAL,ASESOR_1,AUTOPARTES,PERFILES,C,1878.63,2235.5,1
2026-06-30,2026-06-29,PED0002535,CLI_0019,MENDOZA,ASESOR_6,METALMECANICA,BULONERIA,C,1666.38,2618.1,5
2026-07-02,2026-06-29,PED0002536,CLI_0002,ROSARIO,ASESOR_3,ENERGIA,CH430,B,1240.82,1851.5,6
2026-07-01,2026-06-29,PED0002537,CLI_0043,ROSARIO,ASESOR_5,METALMECANICA,CH430,B,1152.14,1328.8,4
2026-07-01,2026-06-29,PED0002537,CLI_0043,ROSARIO,ASESOR_5,METALMECANICA,BULONERIA,B,1245.6,1355.7,3
2026-07-02,2026-06-29,PED0002538,CLI_0004,CAPITAL,ASESOR_5,ENERGIA,CH430,A,934.83,750.5,1
2026-07-02,2026-06-29,PED0002538,CLI_0004,CAPITAL,ASESOR_5,ENERGIA,CAÑOS Y TUBOS,A,1595.59,1702.6,2
2026-07-02,2026-06-29,PED0002538,CLI_0004,CAPITAL,ASESOR_5,ENERGIA,PERFILES,A,1833.15,1556.0,4
2026-06-29,2026-06-29,PED0002539,CLI_0004,ROSARIO,ASESOR_4,ENERGIA,BULONERIA,C,1193.81,1864.3,3
2026-06-30,2026-06-29,PED0002540,CLI_0007,CORDOBA,ASESOR_2,AGRO,BULONERIA,C,2463.37,3939.6,4
2026-07-02,2026-06-29,PED0002541,CLI_0030,CORDOBA,ASESOR_1,METALMECANICA,CH316,B,1162.76,1183.0,4
2026-06-30,2026-06-29,PED0002542,CLI_0046,MENDOZA,ASESOR_3,CONSTRUCCION,BULONERIA,A,2252.15,3573.6,1
2026-07-03,2026-06-29,PED0002543,CLI_0043,CORDOBA,ASESOR_2,METALMECANICA,CH316,C,1047.52,1019.9,3
2026-07-03,2026-06-29,PED0002543,CLI_0043,CORDOBA,ASESOR_2,METALMECANICA,BULONERIA,C,1776.99,2179.0,3
2026-07-03,2026-06-29,PED0002543,CLI_0043,CORDOBA,ASESOR_2,METALMECANICA,CAÑOS Y TUBOS,C,1629.19,1511.0,5
2026-07-02,2026-06-29,PED0002544,CLI_0030,ROSARIO,ASESOR_4,AUTOPARTES,CH316,C,1613.91,1559.5,1
2026-07-02,2026-06-29,PED0002544,CLI_0030,ROSARIO,ASESOR_4,AUTOPARTES,CH430,C,1053.71,1036.4,4
2026-06-30,2026-06-29,PED0002545,CLI_0035,CAPITAL,ASESOR_1,ENERGIA,CH430,C,766.99,887.1,3
2026-06-30,2026-06-29,PED0002545,CLI_0035,CAPITAL,ASESOR_1,ENERGIA,CH304,C,2626.9,2591.6,2
2026-06-30,2026-06-29,PED0002546,CLI_0039,CAPITAL,ASESOR_6,ENERGIA,CH430,C,854.38,1207.1,1
2026-07-01,2026-06-29,PED0002547,CLI_0029,ROSARIO,ASESOR_3,METALMECANICA,CAÑOS Y TUBOS,C,1921.23,2342.0,6
2026-07-03,2026-06-29,PED0002548,CLI_0044,CORDOBA,ASESOR_6,CONSTRUCCION,PERFILES,B,3440.87,4549.0,4
2026-07-03,2026-06-29,PED0002548,CLI_0044,CORDOBA,ASESOR_6,CONSTRUCCION,CH304,B,1262.44,1862.5,3
2026-07-03,2026-06-29,PED0002549,CLI_0031,CORDOBA,ASESOR_3,AUTOPARTES,CAÑOS Y TUBOS,A,1608.1,1846.2,1
2026-07-03,2026-06-29,PED0002549,CLI_0031,CORDOBA,ASESOR_3,AUTOPARTES,PERFILES,A,2620.86,3592.2,6
2026-07-01,2026-06-29,PED0002550,CLI_0035,MENDOZA,ASESOR_2,ENERGIA,CH430,B,1242.04,1546.2,6
2026-07-01,2026-06-29,PED0002550,CLI_0035,MENDOZA,ASESOR_2,ENERGIA,CH316,B,1662.61,1380.7,5
2026-06-30,2026-06-29,PED0002551,CLI_0035,MENDOZA,ASESOR_5,ENERGIA,CH304,B,2109.16,1965.7,5
2026-06-30,2026-06-29,PED0002551,CLI_0035,MENDOZA,ASESOR_5,ENERGIA,CH430,B,1232.01,1732.3,6
2026-06-30,2026-06-29,PED0002552,CLI_0014,MENDOZA,ASESOR_3,AGRO,CAÑOS Y TUBOS,C,1433.54,2152.6,6
2026-06-30,2026-06-29,PED0002553,CLI_0024,MENDOZA,ASESOR_6,CONSTRUCCION,CAÑOS Y TUBOS,B,1180.08,1225.2,5
2026-06-30,2026-06-29,PED0002553,CLI_0024,MENDOZA,ASESOR_6,CONSTRUCCION,BULONERIA,B,2254.59,2763.0,2
2026-06-30,2026-06-29,PED0002553,CLI_0024,MENDOZA,ASESOR_6,CONSTRUCCION,PERFILES,B,1428.0,1809.1,6
2026-06-30,2026-06-29,PED0002554,CLI_0033,CAPITAL,ASESOR_6,CONSTRUCCION,CAÑOS Y TUBOS,B,1417.62,1389.0,3
2026-07-01,2026-06-29,PED0002555,CLI_0036,CORDOBA,ASESOR_5,METALMECANICA,BULONERIA,B,2710.75,2662.7,5
2026-06-29,2026-06-29,PED0002556,CLI_0008,CORDOBA,ASESOR_5,AGRO,PERFILES,C,2656.31,3799.3,3
2026-06-30,2026-06-29,PED0002557,CLI_0021,MENDOZA,ASESOR_3,METALMECANICA,CH304,C,2788.76,2715.6,1
2026-07-02,2026-06-29,PED0002558,CLI_0013,ROSARIO,ASESOR_6,CONSTRUCCION,CAÑOS Y TUBOS,A,2619.48,4134.5,3
2026-07-02,2026-06-29,PED0002558,CLI_0013,ROSARIO,ASESOR_6,CONSTRUCCION,BULONERIA,A,1413.04,1872.9,4
2026-07-02,2026-06-29,PED0002558,CLI_0013,ROSARIO,ASESOR_6,CONSTRUCCION,CH316,A,1222.4,1666.8,2
2026-07-02,2026-06-29,PED0002559,CLI_0019,ROSARIO,ASESOR_6,AUTOPARTES,CH316,B,1504.55,1282.2,6
2026-07-03,2026-06-29,PED0002560,CLI_0010,MENDOZA,ASESOR_1,CONSTRUCCION,PERFILES,C,1755.87,1961.4,6
2026-07-02,2026-06-29,PED0002561,CLI_0005,CAPITAL,ASESOR_6,METALMECANICA,CAÑOS Y TUBOS,B,2141.68,2668.7,5
2026-07-01,2026-06-29,PED0002562,CLI_0041,ROSARIO,ASESOR_6,METALMECANICA,CAÑOS Y TUBOS,B,2753.95,3936.8,5
2026-07-01,2026-06-29,PED0002563,CLI_0015,CAPITAL,ASESOR_5,AUTOPARTES,BULONERIA,B,1347.89,1455.8,4
2026-07-01,2026-06-29,PED0002563,CLI_0015,CAPITAL,ASESOR_5,AUTOPARTES,CH430,B,1041.57,1429.7,4
2026-07-01,2026-06-29,PED0002563,CLI_0015,CAPITAL,ASESOR_5,AUTOPARTES,CH304,B,2994.92,3772.8,3
2026-07-03,2026-06-29,PED0002564,CLI_0015,CORDOBA,ASESOR_4,AUTOPARTES,PERFILES,C,3424.39,4778.3,6
2026-07-01,2026-06-29,PED0002565,CLI_0001,CORDOBA,ASESOR_2,ENERGIA,CH430,C,1573.16,1369.1,2
2026-06-29,2026-06-29,PED0002566,CLI_0021,MENDOZA,ASESOR_5,AGRO,PERFILES,C,1509.79,1745.4,2
2026-06-29,2026-06-29,PED0002566,CLI_0021,MENDOZA,ASESOR_5,AGRO,BULONERIA,C,2513.25,2723.9,5
2026-06-29,2026-06-29,PED0002567,CLI_0022,MENDOZA,ASESOR_5,AGRO,BULONERIA,C,1979.27,1820.6,1
2026-07-01,2026-06-29,PED0002568,CLI_0018,MENDOZA,ASESOR_3,METALMECANICA,CH430,C,1073.45,1207.2,3
2026-07-01,2026-06-29,PED0002568,CLI_0018,MENDOZA,ASESOR_3,METALMECANICA,CH316,C,1210.65,1077.1,1
2026-07-01,2026-06-29,PED0002568,CLI_0018,MENDOZA,ASESOR_3,METALMECANICA,BULONERIA,C,2372.93,2636.6,2
2026-06-30,2026-06-29,PED0002569,CLI_0017,MENDOZA,ASESOR_1,CONSTRUCCION,CH430,B,1176.72,1215.1,4
2026-07-02,2026-06-29,PED0002570,CLI_0034,CAPITAL,ASESOR_3,ENERGIA,CAÑOS Y TUBOS,C,1673.18,1914.5,5
2026-06-30,2026-06-29,PED0002571,CLI_0030,CAPITAL,ASESOR_6,CONSTRUCCION,CH430,B,694.93,975.4,6
2026-07-02,2026-06-29,PED0002572,CLI_0022,MENDOZA,ASESOR_6,AGRO,BULONERIA,C,2321.31,3533.9,1
2026-07-02,2026-06-29,PED0002572,CLI_0022,MENDOZA,ASESOR_6,AGRO,CH304,C,2136.23,3125.0,1
2026-07-01,2026-06-29,PED0002573,CLI_0020,CORDOBA,ASESOR_5,ENERGIA,PERFILES,B,2754.23,3779.1,4
2026-06-29,2026-06-29,PED0002574,CLI_0014,CAPITAL,ASESOR_1,AUTOPARTES,CH304,B,3228.27,4611.0,4
2026-06-29,2026-06-29,PED0002574,CLI_0014,CAPITAL,ASESOR_1,AUTOPARTES,CH316,B,2693.6,3272.5,1
2026-07-02,2026-06-29,PED0002575,CLI_0039,CAPITAL,ASESOR_1,AUTOPARTES,PERFILES,C,1294.82,1424.1,1
2026-06-30,2026-06-29,PED0002576,CLI_0011,MENDOZA,ASESOR_6,CONSTRUCCION,BULONERIA,C,2580.33,2757.9,5
2026-06-30,2026-06-29,PED0002576,CLI_0011,MENDOZA,ASESOR_6,CONSTRUCCION,CH430,C,977.67,1418.0,5
2026-06-30,2026-06-29,PED0002576,CLI_0011,MENDOZA,ASESOR_6,CONSTRUCCION,CH304,C,2385.82,3681.2,4
2026-06-29,2026-06-29,PED0002577,CLI_0034,MENDOZA,ASESOR_1,ENERGIA,PERFILES,B,1314.22,1378.6,2
2026-07-01,2026-06-29,PED0002578,CLI_0035,ROSARIO,ASESOR_6,AUTOPARTES,BULONERIA,C,1012.09,1151.8,2
2026-07-01,2026-06-29,PED0002579,CLI_0035,ROSARIO,ASESOR_2,AUTOPARTES,CH316,A,1105.68,1655.5,3
2026-07-01,2026-06-29,PED0002579,CLI_0035,ROSARIO,ASESOR_2,AUTOPARTES,BULONERIA,A,974.13,820.0,2
2026-07-02,2026-06-29,PED0002580,CLI_0017,MENDOZA,ASESOR_6,CONSTRUCCION,PERFILES,C,1607.49,1484.7,4
2026-06-29,2026-06-29,PED0002581,CLI_0039,CORDOBA,ASESOR_5,CONSTRUCCION,CH316,B,1239.49,1726.0,6
2026-06-29,2026-06-29,PED0002581,CLI_0039,CORDOBA,ASESOR_5,CONSTRUCCION,CAÑOS Y TUBOS,B,1136.59,1118.0,1
2026-07-01,2026-06-29,PED0002582,CLI_0020,MENDOZA,ASESOR_5,AGRO,CH304,C,2310.21,2066.0,4
2026-06-30,2026-06-29,PED0002583,CLI_0029,CAPITAL,ASESOR_6,CONSTRUCCION,BULONERIA,B,1509.14,1427.2,3
2026-06-30,2026-06-29,PED0002583,CLI_0029,CAPITAL,ASESOR_6,CONSTRUCCION,CH316,B,3315.19,4629.4,4
2026-06-30,2026-06-29,PED0002583,CLI_0029,CAPITAL,ASESOR_6,CONSTRUCCION,PERFILES,B,1691.7,2592.1,1
2026-07-01,2026-06-29,PED0002584,CLI_0038,MENDOZA,ASESOR_2,AUTOPARTES,PERFILES,A,1913.87,3056.7,1
2026-07-01,2026-06-29,PED0002584,CLI_0038,MENDOZA,ASESOR_2,AUTOPARTES,BULONERIA,A,2546.39,3832.8,6
2026-07-03,2026-06-29,PED0002585,CLI_0016,MENDOZA,ASESOR_6,CONSTRUCCION,CH430,C,1139.76,1225.3,1
2026-06-29,2026-06-29,PED0002586,CLI_0019,CAPITAL,ASESOR_2,CONSTRUCCION,CAÑOS Y TUBOS,C,1722.75,2600.6,6
2026-06-29,2026-06-29,PED0002587,CLI_0015,CAPITAL,ASESOR_3,AGRO,BULONERIA,C,2142.26,2153.7,5
2026-06-29,2026-06-29,PED0002587,CLI_0015,CAPITAL,ASESOR_3,AGRO,CH304,C,3622.36,3689.5,5
2026-06-29,2026-06-29,PED0002587,CLI_0015,CAPITAL,ASESOR_3,AGRO,CAÑOS Y TUBOS,C,1719.79,1761.7,3
2026-07-03,2026-06-29,PED0002588,CLI_0018,CAPITAL,ASESOR_4,CONSTRUCCION,CH316,C,3487.97,4064.8,3
2026-07-01,2026-06-29,PED0002589,CLI_0028,MENDOZA,ASESOR_4,ENERGIA,CH304,C,2434.68,3132.7,3
2026-07-01,2026-06-29,PED0002589,CLI_0028,MENDOZA,ASESOR_4,ENERGIA,CAÑOS Y TUBOS,C,1168.64,1068.7,5
2026-07-02,2026-06-29,PED0002590,CLI_0014,CAPITAL,ASESOR_3,ENERGIA,CH316,B,3459.6,4503.3,3
2026-06-30,2026-06-29,PED0002591,CLI_0021,MENDOZA,ASESOR_4,METALMECANICA,CAÑOS Y TUBOS,C,1805.45,2841.3,4
2026-07-02,2026-06-29,PED0002592,CLI_0021,ROSARIO,ASESOR_5,METALMECANICA,CH430,A,993.93,1417.2,6
2026-07-02,2026-06-29,PED0002592,CLI_0021,ROSARIO,ASESOR_5,METALMECANICA,PERFILES,A,2728.93,2601.6,4
2026-07-02,2026-06-29,PED0002592,CLI_0021,ROSARIO,ASESOR_5,METALMECANICA,CH304,A,1365.04,1184.6,4
2026-06-30,2026-06-29,PED0002593,CLI_0027,MENDOZA,ASESOR_2,ENERGIA,PERFILES,B,1415.09,2046.7,4
2026-07-02,2026-06-29,PED0002594,CLI_0043,MENDOZA,ASESOR_4,CONSTRUCCION,CAÑOS Y TUBOS,A,1663.17,2423.6,3
2026-06-30,2026-06-29,PED0002595,CLI_0020,CAPITAL,ASESOR_2,CONSTRUCCION,BULONERIA,C,2169.65,2295.1,3
2026-06-29,2026-06-29,PED0002596,CLI_0022,ROSARIO,ASESOR_2,AGRO,CH430,A,1365.04,1662.6,5
2026-06-30,2026-06-29,PED0002597,CLI_0044,CORDOBA,ASESOR_5,METALMECANICA,CH304,C,1293.15,1189.9,6
2026-06-30,2026-06-29,PED0002598,CLI_0029,CORDOBA,ASESOR_6,AUTOPARTES,PERFILES,B,2690.23,3042.6,3
2026-06-30,2026-06-29,PED0002598,CLI_0029,CORDOBA,ASESOR_6,AUTOPARTES,CH430,B,1374.26,2011.2,2
2026-06-29,2026-06-29,PED0002599,CLI_0030,CORDOBA,ASESOR_6,AUTOPARTES,CH304,B,1675.38,2575.2,5
2026-06-29,2026-06-29,PED0002600,CLI_0016,CORDOBA,ASESOR_3,AUTOPARTES,CH304,C,1622.13,1996.2,4
2026-07-02,2026-06-29,PED0002601,CLI_0034,ROSARIO,ASESOR_3,AUTOPARTES,PERFILES,C,3165.22,2445.4,2
2026-07-02,2026-06-29,PED0002601,CLI_0034,ROSARIO,ASESOR_3,AUTOPARTES,CH316,C,1144.81,1020.9,5
2026-06-29,2026-06-29,PED0002602,CLI_0046,ROSARIO,ASESOR_2,CONSTRUCCION,BULONERIA,B,957.79,798.9,6
2026-07-01,2026-06-29,PED0002603,CLI_0009,MENDOZA,ASESOR_2,AGRO,PERFILES,A,2009.21,2699.2,3
2026-07-01,2026-06-29,PED0002603,CLI_0009,MENDOZA,ASESOR_2,AGRO,BULONERIA,A,2175.27,2526.2,3
2026-07-01,2026-06-29,PED0002603,CLI_0009,MENDOZA,ASESOR_2,AGRO,CAÑOS Y TUBOS,A,1685.6,2522.9,2
2026-06-30,2026-06-29,PED0002604,CLI_0038,MENDOZA,ASESOR_2,AGRO,CAÑOS Y TUBOS,B,1720.9,1582.0,3
2026-06-30,2026-06-29,PED0002605,CLI_0029,CORDOBA,ASESOR_6,AUTOPARTES,CH304,A,1686.52,2658.0,6
2026-07-01,2026-06-29,PED0002606,CLI_0041,ROSARIO,ASESOR_5,CONSTRUCCION,CH316,B,1472.73,1799.4,5
2026-07-02,2026-06-29,PED0002607,CLI_0017,MENDOZA,ASESOR_2,CONSTRUCCION,CAÑOS Y TUBOS,C,1788.37,2444.5,5
2026-07-01,2026-06-29,PED0002608,CLI_0005,ROSARIO,ASESOR_5,ENERGIA,PERFILES,C,2283.04,2252.8,1
2026-07-01,2026-06-29,PED0002608,CLI_0005,ROSARIO,ASESOR_5,ENERGIA,CAÑOS Y TUBOS,C,2550.92,2680.3,1
2026-06-29,2026-06-29,PED0002609,CLI_0032,ROSARIO,ASESOR_6,METALMECANICA,BULONERIA,C,1034.12,933.5,6
2026-07-01,2026-06-29,PED0002610,CLI_0010,CAPITAL,ASESOR_4,AGRO,CH430,C,676.71,984.8,1
2026-07-01,2026-06-29,PED0002610,CLI_0010,CAPITAL,ASESOR_4,AGRO,CH316,C,3667.68,3173.6,3
2026-07-01,2026-06-29,PED0002611,CLI_0007,CORDOBA,ASESOR_2,ENERGIA,CAÑOS Y TUBOS,C,1343.52,2076.1,2
2026-06-29,2026-06-29,PED0002612,CLI_0032,CAPITAL,ASESOR_5,ENERGIA,CH430,C,777.19,772.9,3
2026-06-29,2026-06-29,PED0002612,CLI_0032,CAPITAL,ASESOR_5,ENERGIA,CH316,C,3636.22,5622.6,2
2026-06-29,2026-06-29,PED0002613,CLI_0036,MENDOZA,ASESOR_5,METALMECANICA,BULONERIA,A,1873.88,1951.1,5
2026-06-29,2026-06-29,PED0002613,CLI_0036,MENDOZA,ASESOR_5,METALMECANICA,CH430,A,1223.75,1702.4,5
2026-07-03,2026-06-29,PED0002614,CLI_0045,CORDOBA,ASESOR_5,METALMECANICA,CAÑOS Y TUBOS,C,1491.7,1257.4,6
2026-07-02,2026-06-29,PED0002615,CLI_0038,ROSARIO,ASESOR_1,AGRO,CH316,C,1388.9,2131.5,5
2026-07-02,2026-06-29,PED0002615,CLI_0038,ROSARIO,ASESOR_1,AGRO,CAÑOS Y TUBOS,C,1953.08,2973.4,5
2026-06-30,2026-06-29,PED0002616,CLI_0016,CAPITAL,ASESOR_2,AUTOPARTES,PERFILES,A,1480.87,1844.3,4
2026-07-01,2026-06-29,PED0002617,CLI_0004,CAPITAL,ASESOR_3,METALMECANICA,BULONERIA,B,1529.33,1708.4,4
2026-07-01,2026-06-29,PED0002617,CLI_0004,CAPITAL,ASESOR_3,METALMECANICA,PERFILES,B,1471.25,1732.1,4
2026-07-02,2026-06-29,PED0002618,CLI_0032,CORDOBA,ASESOR_1,METALMECANICA,CH430,A,1237.39,993.6,4
2026-06-30,2026-06-29,PED0002619,CLI_0042,MENDOZA,ASESOR_6,AUTOPARTES,CH316,A,1651.53,2173.4,2
2026-07-02,2026-06-29,PED0002620,CLI_0042,CAPITAL,ASESOR_5,AUTOPARTES,PERFILES,C,1671.2,1686.7,4
2026-07-02,2026-06-29,PED0002620,CLI_0042,CAPITAL,ASESOR_5,AUTOPARTES,CH316,C,2599.16,2622.9,2
2026-07-02,2026-06-29,PED0002620,CLI_0042,CAPITAL,ASESOR_5,AUTOPARTES,CAÑOS Y TUBOS,C,1976.97,1894.0,1
2026-07-03,2026-06-29,PED0002621,CLI_0010,CORDOBA,ASESOR_6,AGRO,CH304,C,1687.29,1891.0,4
2026-06-29,2026-06-29,PED0002622,CLI_0010,CAPITAL,ASESOR_3,ENERGIA,CH430,B,969.04,980.4,3
2026-07-01,2026-06-29,PED0002623,CLI_0046,CORDOBA,ASESOR_5,ENERGIA,CAÑOS Y TUBOS,A,1226.46,1237.6,1
2026-07-01,2026-06-29,PED0002623,CLI_0046,CORDOBA,ASESOR_5,ENERGIA,CH430,A,994.67,1105.1,2
2026-07-01,2026-06-29,PED0002623,CLI_0046,CORDOBA,ASESOR_5,ENERGIA,CH304,A,1383.28,1861.6,4
2026-07-02,2026-06-29,PED0002624,CLI_0034,CAPITAL,ASESOR_3,ENERGIA,PERFILES,C,1296.61,1752.3,6
2026-07-01,2026-06-29,PED0002625,CLI_0012,CORDOBA,ASESOR_5,AGRO,CH430,C,1023.4,1020.7,5
2026-07-01,2026-06-29,PED0002625,CLI_0012,CORDOBA,ASESOR_5,AGRO,CH316,C,1220.92,1876.7,2
2026-06-30,2026-06-29,PED0002626,CLI_0007,MENDOZA,ASESOR_2,METALMECANICA,CAÑOS Y TUBOS,B,1427.44,1704.2,4
2026-07-02,2026-06-29,PED0002627,CLI_0036,CORDOBA,ASESOR_5,AUTOPARTES,CH430,B,1033.84,1039.5,5
2026-06-29,2026-06-29,PED0002628,CLI_0009,CAPITAL,ASESOR_5,AGRO,BULONERIA,B,1494.45,2136.0,2
2026-06-29,2026-06-29,PED0002628,CLI_0009,CAPITAL,ASESOR_5,AGRO,PERFILES,B,1375.59,1769.3,1
2026-06-29,2026-06-29,PED0002628,CLI_0009,CAPITAL,ASESOR_5,AGRO,CH430,B,980.81,1169.1,4
2026-06-29,2026-06-29,PED0002629,CLI_0034,CAPITAL,ASESOR_3,CONSTRUCCION,CH304,A,2838.6,3464.7,1
2026-07-01,2026-06-29,PED0002630,CLI_0018,CORDOBA,ASESOR_3,AUTOPARTES,CH316,C,1222.78,1234.1,5
2026-07-02,2026-06-29,PED0002631,CLI_0021,CAPITAL,ASESOR_1,CONSTRUCCION,CAÑOS Y TUBOS,C,1716.2,2782.5,3
2026-07-01,2026-06-29,PED0002632,CLI_0009,MENDOZA,ASESOR_6,ENERGIA,CAÑOS Y TUBOS,A,1393.19,1797.9,5
2026-07-01,2026-06-29,PED0002632,CLI_0009,MENDOZA,ASESOR_6,ENERGIA,CH316,A,1358.0,1810.3,4
2026-07-01,2026-06-29,PED0002632,CLI_0009,MENDOZA,ASESOR_6,ENERGIA,CH304,A,2703.65,4277.8,5
2026-07-02,2026-06-29,PED0002633,CLI_0013,MENDOZA,ASESOR_1,CONSTRUCCION,CH430,C,1056.64,991.9,3
2026-07-01,2026-06-29,PED0002634,CLI_0029,MENDOZA,ASESOR_5,ENERGIA,PERFILES,B,1882.1,2639.3,3
2026-07-01,2026-06-29,PED0002634,CLI_0029,MENDOZA,ASESOR_5,ENERGIA,CAÑOS Y TUBOS,B,1378.75,1855.3,5
2026-07-01,2026-06-29,PED0002634,CLI_0029,MENDOZA,ASESOR_5,ENERGIA,CH304,B,2348.22,3321.7,4
2026-07-01,2026-06-29,PED0002635,CLI_0043,MENDOZA,ASESOR_1,CONSTRUCCION,CH304,A,3013.66,2906.6,2
2026-07-01,2026-06-29,PED0002635,CLI_0043,MENDOZA,ASESOR_1,CONSTRUCCION,CAÑOS Y TUBOS,A,1651.43,2444.2,1
2026-07-03,2026-06-29,PED0002636,CLI_0038,MENDOZA,ASESOR_5,AGRO,BULONERIA,B,2447.07,2026.0,5
2026-07-03,2026-06-29,PED0002636,CLI_0038,MENDOZA,ASESOR_5,AGRO,PERFILES,B,1602.51,2057.6,2
2026-07-03,2026-06-29,PED0002636,CLI_0038,MENDOZA,ASESOR_5,AGRO,CAÑOS Y TUBOS,B,1808.13,2171.1,4
2026-07-01,2026-06-29,PED0002637,CLI_0018,CORDOBA,ASESOR_2,AUTOPARTES,CAÑOS Y TUBOS,C,1150.11,1272.2,2
2026-07-03,2026-06-29,PED0002638,CLI_0021,MENDOZA,ASESOR_4,METALMECANICA,CH430,C,1370.27,1664.3,6
2026-07-02,2026-06-29,PED0002639,CLI_0031,MENDOZA,ASESOR_4,ENERGIA,CH430,B,1435.62,2077.8,2
2026-07-02,2026-06-29,PED0002639,CLI_0031,MENDOZA,ASESOR_4,ENERGIA,BULONERIA,B,1926.85,2224.9,3
2026-07-01,2026-06-29,PED0002640,CLI_0033,CORDOBA,ASESOR_6,CONSTRUCCION,CH430,C,1132.74,1354.9,5
2026-07-03,2026-06-29,PED0002641,CLI_0017,CAPITAL,ASESOR_5,AGRO,CH316,C,3407.42,3431.1,1
2026-07-02,2026-06-29,PED0002642,CLI_0003,ROSARIO,ASESOR_4,AGRO,CH430,B,1051.58,1022.9,6
2026-06-30,2026-06-29,PED0002643,CLI_0039,CORDOBA,ASESOR_4,ENERGIA,CAÑOS Y TUBOS,A,1336.88,1861.3,1
2026-06-29,2026-06-29,PED0002644,CLI_0032,CORDOBA,ASESOR_1,METALMECANICA,CH430,B,976.6,1468.7,2
2026-06-29,2026-06-29,PED0002644,CLI_0032,CORDOBA,ASESOR_1,METALMECANICA,CH304,B,1178.7,1876.0,3
2026-06-29,2026-06-29,PED0002644,CLI_0032,CORDOBA,ASESOR_1,METALMECANICA,BULONERIA,B,2550.06,2681.1,1
2026-07-02,2026-06-29,PED0002645,CLI_0011,ROSARIO,ASESOR_4,AGRO,CAÑOS Y TUBOS,B,2042.51,2110.1,4
2026-07-02,2026-06-29,PED0002645,CLI_0011,ROSARIO,ASESOR_4,AGRO,CH316,B,1410.54,1859.3,3
2026-07-02,2026-06-29,PED0002646,CLI_0019,MENDOZA,ASESOR_4,CONSTRUCCION,PERFILES,B,1842.76,1864.1,3
2026-06-29,2026-06-29,PED0002647,CLI_0001,ROSARIO,ASESOR_1,ENERGIA,CH304,B,1075.57,1276.0,5
2026-06-29,2026-06-29,PED0002647,CLI_0001,ROSARIO,ASESOR_1,ENERGIA,CH316,B,1154.5,1730.7,3
2026-06-29,2026-06-29,PED0002647,CLI_0001,ROSARIO,ASESOR_1,ENERGIA,CAÑOS Y TUBOS,B,1937.98,2014.0,5
2026-06-30,2026-06-29,PED0002648,CLI_0036,CORDOBA,ASESOR_5,METALMECANICA,CH316,B,1279.59,1045.9,1
2026-07-01,2026-06-29,PED0002649,CLI_0019,CORDOBA,ASESOR_3,AUTOPARTES,CAÑOS Y TUBOS,C,1503.84,1456.2,3
2026-07-09,2026-07-06,PED0002650,CLI_0030,CORDOBA,ASESOR_6,AUTOPARTES,CAÑOS Y TUBOS,B,1750.47,2059.1,4
2026-07-06,2026-07-06,PED0002651,CLI_0044,MENDOZA,ASESOR_1,METALMECANICA,PERFILES,A,2072.06,2319.3,1
2026-07-06,2026-07-06,PED0002651,CLI_0044,MENDOZA,ASESOR_1,METALMECANICA,CH316,A,1705.87,2142.5,2
2026-07-06,2026-07-06,PED0002651,CLI_0044,MENDOZA,ASESOR_1,METALMECANICA,BULONERIA,A,1831.89,2142.2,3
2026-07-07,2026-07-06,PED0002652,CLI_0034,CORDOBA,ASESOR_6,CONSTRUCCION,PERFILES,C,2797.22,2986.2,6
2026-07-09,2026-07-06,PED0002653,CLI_0003,CAPITAL,ASESOR_4,ENERGIA,CH430,A,1073.9,1562.5,3
2026-07-09,2026-07-06,PED0002653,CLI_0003,CAPITAL,ASESOR_4,ENERGIA,CH304,A,2384.43,1975.9,4
2026-07-10,2026-07-06,PED0002654,CLI_0007,ROSARIO,ASESOR_5,AGRO,CH304,B,1120.75,1585.9,4
2026-07-10,2026-07-06,PED0002654,CLI_0007,ROSARIO,ASESOR_5,AGRO,CH316,B,1228.27,1896.1,3
2026-07-10,2026-07-06,PED0002654,CLI_0007,ROSARIO,ASESOR_5,AGRO,CH430,B,1313.24,1775.6,1
2026-07-10,2026-07-06,PED0002655,CLI_0040,CORDOBA,ASESOR_3,ENERGIA,CH304,A,1187.47,1773.5,5
2026-07-07,2026-07-06,PED0002656,CLI_0033,ROSARIO,ASESOR_6,METALMECANICA,CH304,C,1106.8,1345.2,6
2026-07-07,2026-07-06,PED0002656,CLI_0033,ROSARIO,ASESOR_6,METALMECANICA,CAÑOS Y TUBOS,C,2549.01,3729.0,3
2026-07-10,2026-07-06,PED0002657,CLI_0006,CORDOBA,ASESOR_1,ENERGIA,CH316,C,1351.5,2131.8,1
2026-07-07,2026-07-06,PED0002658,CLI_0035,MENDOZA,ASESOR_6,AGRO,PERFILES,B,1983.54,1783.9,3
2026-07-09,2026-07-06,PED0002659,CLI_0012,ROSARIO,ASESOR_2,CONSTRUCCION,CH304,C,1366.19,1991.9,2
2026-07-07,2026-07-06,PED0002660,CLI_0036,ROSARIO,ASESOR_3,METALMECANICA,PERFILES,B,3097.98,2051.3,3
2026-07-07,2026-07-06,PED0002661,CLI_0015,CORDOBA,ASESOR_1,AUTOPARTES,CH316,C,1281.4,1668.8,3
2026-07-06,2026-07-06,PED0002662,CLI_0006,ROSARIO,ASESOR_1,ENERGIA,CH316,C,1219.24,1623.3,5
2026-07-10,2026-07-06,PED0002663,CLI_0012,ROSARIO,ASESOR_6,CONSTRUCCION,CH304,C,1000.43,1500.2,6
2026-07-08,2026-07-06,PED0002664,CLI_0034,CAPITAL,ASESOR_5,AUTOPARTES,CH430,C,993.97,968.1,5
2026-07-10,2026-07-06,PED0002665,CLI_0040,CORDOBA,ASESOR_4,METALMECANICA,BULONERIA,C,1931.16,2652.2,6
2026-07-10,2026-07-06,PED0002665,CLI_0040,CORDOBA,ASESOR_4,METALMECANICA,CH316,C,1180.42,1167.9,1
2026-07-07,2026-07-06,PED0002666,CLI_0040,CORDOBA,ASESOR_1,ENERGIA,CH316,A,1316.82,1950.9,5
2026-07-07,2026-07-06,PED0002666,CLI_0040,CORDOBA,ASESOR_1,ENERGIA,CAÑOS Y TUBOS,A,1375.51,2153.2,5
2026-07-09,2026-07-06,PED0002667,CLI_0018,CORDOBA,ASESOR_2,AGRO,PERFILES,B,2640.03,2826.8,1
2026-07-09,2026-07-06,PED0002667,CLI_0018,CORDOBA,ASESOR_2,AGRO,CH304,B,1225.81,1899.4,1
2026-07-08,2026-07-06,PED0002668,CLI_0031,MENDOZA,ASESOR_6,ENERGIA,CAÑOS Y TUBOS,B,1187.25,1708.9,1
2026-07-08,2026-07-06,PED0002668,CLI_0031,MENDOZA,ASESOR_6,ENERGIA,BULONERIA,B,2523.31,3557.3,5
2026-07-06,2026-07-06,PED0002669,CLI_0036,CORDOBA,ASESOR_5,CONSTRUCCION,CH316,C,1166.61,1202.2,6
2026-07-09,2026-07-06,PED0002670,CLI_0012,CORDOBA,ASESOR_1,AUTOPARTES,CAÑOS Y TUBOS,C,1369.31,1481.4,6
2026-07-09,2026-07-06,PED0002670,CLI_0012,CORDOBA,ASESOR_1,AUTOPARTES,PERFILES,C,3306.14,5115.7,3
2026-07-09,2026-07-06,PED0002670,CLI_0012,CORDOBA,ASESOR_1,AUTOPARTES,CH430,C,1535.79,1853.2,1
2026-07-09,2026-07-06,PED0002671,CLI_0041,CAPITAL,ASESOR_5,AUTOPARTES,CH430,C,1020.44,1185.4,4
2026-07-09,2026-07-06,PED0002671,CLI_0041,CAPITAL,ASESOR_5,AUTOPARTES,CAÑOS Y TUBOS,C,2292.61,2332.1,5
2026-07-07,2026-07-06,PED0002672,CLI_0037,ROSARIO,ASESOR_3,AGRO,CAÑOS Y TUBOS,C,1978.06,2038.9,5
2026-07-06,2026-07-06,PED0002673,CLI_0000,ROSARIO,ASESOR_4,ENERGIA,BULONERIA,B,1128.13,1201.2,3
2026-07-09,2026-07-06,PED0002674,CLI_0010,CORDOBA,ASESOR_5,AGRO,BULONERIA,C,2100.71,2012.4,5
2026-07-09,2026-07-06,PED0002674,CLI_0010,CORDOBA,ASESOR_5,AGRO,CH304,C,1294.17,1472.0,4
2026-07-09,2026-07-06,PED0002674,CLI_0010,CORDOBA,ASESOR_5,AGRO,CAÑOS Y TUBOS,C,1199.31,1276.0,5
2026-07-09,2026-07-06,PED0002675,CLI_0013,ROSARIO,ASESOR_3,CONSTRUCCION,PERFILES,C,3230.37,1954.2,3
2026-07-09,2026-07-06,PED0002676,CLI_0016,CAPITAL,ASESOR_2,AUTOPARTES,CH304,B,3778.86,5493.1,1
2026-07-06,2026-07-06,PED0002677,CLI_0038,ROSARIO,ASESOR_3,CONSTRUCCION,CH430,B,1116.53,1108.2,3
2026-07-09,2026-07-06,PED0002678,CLI_0006,CORDOBA,ASESOR_3,ENERGIA,CH304,C,1751.95,2741.9,6
2026-07-09,2026-07-06,PED0002678,CLI_0006,CORDOBA,ASESOR_3,ENERGIA,CAÑOS Y TUBOS,C,1271.44,1396.6,6
2026-07-10,2026-07-06,PED0002679,CLI_0000,MENDOZA,ASESOR_6,METALMECANICA,PERFILES,B,1963.88,2044.8,6
2026-07-10,2026-07-06,PED0002679,CLI_0000,MENDOZA,ASESOR_6,METALMECANICA,CH430,B,1275.36,1050.9,4
2026-07-08,2026-07-06,PED0002680,CLI_0015,CAPITAL,ASESOR_3,AUTOPARTES,BULONERIA,A,2016.7,1764.2,6
2026-07-08,2026-07-06,PED0002680,CLI_0015,CAPITAL,ASESOR_3,AUTOPARTES,CAÑOS Y TUBOS,A,1958.5,2480.4,2
2026-07-08,2026-07-06,PED0002680,CLI_0015,CAPITAL,ASESOR_3,AUTOPARTES,CH430,A,850.94,942.0,1
2026-07-10,2026-07-06,PED0002681,CLI_0025,ROSARIO,ASESOR_1,METALMECANICA,BULONERIA,A,1377.26,2181.1,1
2026-07-06,2026-07-06,PED0002682,CLI_0039,CORDOBA,ASESOR_3,ENERGIA,CH316,A,906.04,842.1,3
2026-07-07,2026-07-06,PED0002683,CLI_0034,CAPITAL,ASESOR_1,ENERGIA,CAÑOS Y TUBOS,C,1966.36,1864.0,1
2026-07-07,2026-07-06,PED0002683,CLI_0034,CAPITAL,ASESOR_1,ENERGIA,CH316,C,3445.61,5208.3,5
2026-07-07,2026-07-06,PED0002683,CLI_0034,CAPITAL,ASESOR_1,ENERGIA,BULONERIA,C,1833.86,2123.7,2
2026-07-08,2026-07-06,PED0002684,CLI_0039,CAPITAL,ASESOR_5,ENERGIA,CAÑOS Y TUBOS,C,1902.59,2667.7,4
2026-07-07,2026-07-06,PED0002685,CLI_0004,MENDOZA,ASESOR_4,METALMECANICA,PERFILES,B,1564.21,2126.5,2
2026-07-07,2026-07-06,PED0002685,CLI_0004,MENDOZA,ASESOR_4,METALMECANICA,CH316,B,1295.23,1805.9,4
2026-07-08,2026-07-06,PED0002686,CLI_0006,MENDOZA,ASESOR_3,METALMECANICA,CH304,B,2434.36,3209.9,2
2026-07-07,2026-07-06,PED0002687,CLI_0007,ROSARIO,ASESOR_4,ENERGIA,BULONERIA,C,1154.83,1009.7,6
2026-07-08,2026-07-06,PED0002688,CLI_0032,MENDOZA,ASESOR_4,AGRO,CAÑOS Y TUBOS,B,1602.26,1674.0,3
2026-07-07,2026-07-06,PED0002689,CLI_0019,MENDOZA,ASESOR_5,AUTOPARTES,CH430,C,1121.96,1290.0,3
2026-07-09,2026-07-06,PED0002690,CLI_0002,ROSARIO,ASESOR_2,ENERGIA,PERFILES,B,3393.25,3898.5,4
2026-07-09,2026-07-06,PED0002690,CLI_0002,ROSARIO,ASESOR_2,ENERGIA,CH304,B,982.27,1536.4,4
2026-07-10,2026-07-06,PED0002691,CLI_0009,MENDOZA,ASESOR_4,ENERGIA,CH316,A,1499.26,2147.7,2
2026-07-07,2026-07-06,PED0002692,CLI_0031,ROSARIO,ASESOR_3,METALMECANICA,CH316,C,1240.7,1694.3,3
2026-07-07,2026-07-06,PED0002692,CLI_0031,ROSARIO,ASESOR_3,METALMECANICA,CAÑOS Y TUBOS,C,1863.88,2067.9,6
2026-07-07,2026-07-06,PED0002692,CLI_0031,ROSARIO,ASESOR_3,METALMECANICA,BULONERIA,C,988.65,1198.0,4
2026-07-10,2026-07-06,PED0002693,CLI_0008,CORDOBA,ASESOR_6,ENERGIA,CH430,C,1487.84,1580.5,4
2026-07-09,2026-07-06,PED0002694,CLI_0042,CORDOBA,ASESOR_6,METALMECANICA,PERFILES,C,3129.44,2639.0,3
2026-07-09,2026-07-06,PED0002695,CLI_0019,CORDOBA,ASESOR_1,AUTOPARTES,CH430,C,1587.64,1605.4,4
2026-07-06,2026-07-06,PED0002696,CLI_0023,ROSARIO,ASESOR_2,METALMECANICA,CAÑOS Y TUBOS,A,2226.16,3353.1,3
2026-07-10,2026-07-06,PED0002697,CLI_0039,ROSARIO,ASESOR_1,CONSTRUCCION,CH430,B,1189.2,1046.3,3
2026-07-10,2026-07-06,PED0002698,CLI_0012,ROSARIO,ASESOR_1,AUTOPARTES,CH430,B,1160.58,1510.9,2
2026-07-10,2026-07-06,PED0002698,CLI_0012,ROSARIO,ASESOR_1,AUTOPARTES,CH304,B,957.57,1439.5,5
2026-07-10,2026-07-06,PED0002698,CLI_0012,ROSARIO,ASESOR_1,AUTOPARTES,BULONERIA,B,1149.93,1419.9,6
2026-07-09,2026-07-06,PED0002699,CLI_0020,CORDOBA,ASESOR_2,AUTOPARTES,CAÑOS Y TUBOS,C,1745.65,2334.4,6
2026-07-09,2026-07-06,PED0002699,CLI_0020,CORDOBA,ASESOR_2,AUTOPARTES,CH316,C,1200.32,1708.7,2
2026-07-09,2026-07-06,PED0002699,CLI_0020,CORDOBA,ASESOR_2,AUTOPARTES,PERFILES,C,2454.11,3039.1,1
2026-07-09,2026-07-06,PED0002700,CLI_0021,MENDOZA,ASESOR_1,ENERGIA,CH430,C,1012.13,1298.1,5
2026-07-10,2026-07-06,PED0002701,CLI_0041,CORDOBA,ASESOR_3,METALMECANICA,CAÑOS Y TUBOS,C,1570.6,1282.8,2
2026-07-10,2026-07-06,PED0002701,CLI_0041,CORDOBA,ASESOR_3,METALMECANICA,CH430,C,1283.49,1748.9,3
2026-07-08,2026-07-06,PED0002702,CLI_0013,MENDOZA,ASESOR_1,CONSTRUCCION,PERFILES,C,1575.63,2353.8,6
2026-07-08,2026-07-06,PED0002702,CLI_0013,MENDOZA,ASESOR_1,CONSTRUCCION,CH316,C,1432.43,1984.3,6
2026-07-08,2026-07-06,PED0002702,CLI_0013,MENDOZA,ASESOR_1,CONSTRUCCION,CH304,C,3074.07,2763.0,1
2026-07-07,2026-07-06,PED0002703,CLI_0012,MENDOZA,ASESOR_1,CONSTRUCCION,PERFILES,C,1815.23,1869.7,2
2026-07-07,2026-07-06,PED0002704,CLI_0017,MENDOZA,ASESOR_1,AGRO,CH316,C,1142.7,1029.6,3
2026-07-08,2026-07-06,PED0002705,CLI_0017,ROSARIO,ASESOR_1,AUTOPARTES,CH304,B,930.76,894.5,1
2026-07-07,2026-07-06,PED0002706,CLI_0036,MENDOZA,ASESOR_3,AGRO,CH430,B,1122.87,1032.8,4
2026-07-06,2026-07-06,PED0002707,CLI_0018,ROSARIO,ASESOR_1,AUTOPARTES,BULONERIA,B,1146.5,924.3,3
2026-07-08,2026-07-06,PED0002708,CLI_0036,MENDOZA,ASESOR_5,METALMECANICA,CH304,A,3147.55,4964.2,1
2026-07-07,2026-07-06,PED0002709,CLI_0030,CAPITAL,ASESOR_4,METALMECANICA,CH430,C,1017.11,1561.5,1
2026-07-07,2026-07-06,PED0002709,CLI_0030,CAPITAL,ASESOR_4,METALMECANICA,CH316,C,3388.26,3715.1,5
2026-07-07,2026-07-06,PED0002709,CLI_0030,CAPITAL,ASESOR_4,METALMECANICA,PERFILES,C,1448.67,1834.3,3
2026-07-09,2026-07-06,PED0002710,CLI_0001,CAPITAL,ASESOR_4,AGRO,CH316,B,3755.85,5126.8,2
2026-07-09,2026-07-06,PED0002710,CLI_0001,CAPITAL,ASESOR_4,AGRO,BULONERIA,B,1363.54,1386.9,4
2026-07-06,2026-07-06,PED0002711,CLI_0006,CORDOBA,ASESOR_4,ENERGIA,CH316,C,977.18,1451.1,6
2026-07-06,2026-07-06,PED0002711,CLI_0006,CORDOBA,ASESOR_4,ENERGIA,CH304,C,1691.36,1790.1,3
2026-07-07,2026-07-06,PED0002712,CLI_0036,CAPITAL,ASESOR_3,CONSTRUCCION,CH430,A,1000.53,979.9,4
2026-07-08,2026-07-06,PED0002713,CLI_0043,ROSARIO,ASESOR_2,CONSTRUCCION,BULONERIA,B,1498.16,1202.0,5
2026-07-07,2026-07-06,PED0002714,CLI_0041,CORDOBA,ASESOR_1,METALMECANICA,CAÑOS Y TUBOS,C,1136.72,1497.5,1
2026-07-07,2026-07-06,PED0002715,CLI_0031,MENDOZA,ASESOR_1,AGRO,BULONERIA,B,2576.79,2411.1,6
2026-07-09,2026-07-06,PED0002716,CLI_0002,ROSARIO,ASESOR_2,ENERGIA,PERFILES,C,2719.18,1786.1,4
2026-07-09,2026-07-06,PED0002716,CLI_0002,ROSARIO,ASESOR_2,ENERGIA,CH430,C,1279.92,1407.9,3
2026-07-06,2026-07-06,PED0002717,CLI_0037,CAPITAL,ASESOR_4,AUTOPARTES,CH304,C,3382.26,4657.0,5
2026-07-06,2026-07-06,PED0002717,CLI_0037,CAPITAL,ASESOR_4,AUTOPARTES,BULONERIA,C,1409.73,1554.6,5
2026-07-09,2026-07-06,PED0002718,CLI_0041,ROSARIO,ASESOR_2,CONSTRUCCION,CAÑOS Y TUBOS,B,1833.52,2350.1,3
2026-07-08,2026-07-06,PED0002719,CLI_0033,CORDOBA,ASESOR_1,METALMECANICA,BULONERIA,B,2258.35,3489.4,3
2026-07-08,2026-07-06,PED0002719,CLI_0033,CORDOBA,ASESOR_1,METALMECANICA,CH430,B,1279.59,1703.3,4
2026-07-06,2026-07-06,PED0002720,CLI_0019,CORDOBA,ASESOR_1,ENERGIA,BULONERIA,B,1985.08,1821.8,6
2026-07-09,2026-07-06,PED0002721,CLI_0008,ROSARIO,ASESOR_4,CONSTRUCCION,CH316,C,1776.86,2601.6,6
2026-07-10,2026-07-06,PED0002722,CLI_0044,MENDOZA,ASESOR_6,CONSTRUCCION,CH304,A,3448.46,5203.4,2
2026-07-10,2026-07-06,PED0002722,CLI_0044,MENDOZA,ASESOR_6,CONSTRUCCION,BULONERIA,A,2101.53,1686.7,6
2026-07-10,2026-07-06,PED0002722,CLI_0044,MENDOZA,ASESOR_6,CONSTRUCCION,PERFILES,A,1363.38,1394.3,5
2026-07-06,2026-07-06,PED0002723,CLI_0013,CAPITAL,ASESOR_5,CONSTRUCCION,CH316,C,3447.33,4212.3,3
2026-07-06,2026-07-06,PED0002723,CLI_0013,CAPITAL,ASESOR_5,CONSTRUCCION,CAÑOS Y TUBOS,C,1830.54,2804.3,6
2026-07-06,2026-07-06,PED0002723,CLI_0013,CAPITAL,ASESOR_5,CONSTRUCCION,PERFILES,C,1780.73,2082.5,4
2026-07-07,2026-07-06,PED0002724,CLI_0024,MENDOZA,ASESOR_1,CONSTRUCCION,PERFILES,B,2070.23,1822.7,5
2026-07-07,2026-07-06,PED0002724,CLI_0024,MENDOZA,ASESOR_1,CONSTRUCCION,CH316,B,1325.48,1747.0,6
2026-07-09,2026-07-06,PED0002725,CLI_0043,MENDOZA,ASESOR_3,METALMECANICA,CH430,A,1509.06,1644.3,6
2026-07-06,2026-07-06,PED0002726,CLI_0019,CAPITAL,ASESOR_5,AUTOPARTES,CH430,A,1059.97,1466.4,5
2026-07-06,2026-07-06,PED0002726,CLI_0019,CAPITAL,ASESOR_5,AUTOPARTES,CAÑOS Y TUBOS,A,2292.59,3049.9,3
2026-07-06,2026-07-06,PED0002726,CLI_0019,CAPITAL,ASESOR_5,AUTOPARTES,CH316,A,3548.9,5060.5,5
2026-07-06,2026-07-06,PED0002727,CLI_0016,ROSARIO,ASESOR_3,CONSTRUCCION,BULONERIA,A,1115.91,1616.3,5
2026-07-06,2026-07-06,PED0002728,CLI_0044,MENDOZA,ASESOR_6,METALMECANICA,BULONERIA,A,2160.21,2586.4,5
2026-07-06,2026-07-06,PED0002728,CLI_0044,MENDOZA,ASESOR_6,METALMECANICA,CH304,A,2699.75,4277.2,4
2026-07-10,2026-07-06,PED0002729,CLI_0034,MENDOZA,ASESOR_5,AUTOPARTES,PERFILES,B,1508.75,1673.7,5
2026-07-06,2026-07-06,PED0002730,CLI_0029,MENDOZA,ASESOR_1,AUTOPARTES,CH304,B,3313.0,3778.9,5
2026-07-06,2026-07-06,PED0002730,CLI_0029,MENDOZA,ASESOR_1,AUTOPARTES,CAÑOS Y TUBOS,B,1201.9,1328.4,4
2026-07-07,2026-07-06,PED0002731,CLI_0016,CAPITAL,ASESOR_5,CONSTRUCCION,BULONERIA,C,1368.44,1781.3,2
2026-07-10,2026-07-06,PED0002732,CLI_0040,MENDOZA,ASESOR_5,AUTOPARTES,BULONERIA,A,2413.82,2853.0,2
2026-07-06,2026-07-06,PED0002733,CLI_0018,ROSARIO,ASESOR_3,AGRO,BULONERIA,A,1122.92,1391.4,4
2026-07-10,2026-07-06,PED0002734,CLI_0040,CORDOBA,ASESOR_4,ENERGIA,PERFILES,A,3384.58,4303.1,3
2026-07-07,2026-07-06,PED0002735,CLI_0031,CORDOBA,ASESOR_1,METALMECANICA,CH316,B,857.03,1127.7,5
2026-07-09,2026-07-06,PED0002736,CLI_0014,MENDOZA,ASESOR_3,CONSTRUCCION,BULONERIA,C,2332.06,2455.7,4
2026-07-09,2026-07-06,PED0002737,CLI_0017,MENDOZA,ASESOR_6,METALMECANICA,CH304,C,3344.26,4466.1,2
2026-07-10,2026-07-06,PED0002738,CLI_0014,CORDOBA,ASESOR_6,AGRO,CH304,B,1402.45,1157.5,5
2026-07-10,2026-07-06,PED0002738,CLI_0014,CORDOBA,ASESOR_6,AGRO,BULONERIA,B,1789.21,2817.9,2
2026-07-10,2026-07-06,PED0002738,CLI_0014,CORDOBA,ASESOR_6,AGRO,CH430,B,1008.38,1025.9,1
2026-07-09,2026-07-06,PED0002739,CLI_0006,ROSARIO,ASESOR_4,ENERGIA,CAÑOS Y TUBOS,C,2858.47,2873.5,2
2026-07-09,2026-07-06,PED0002739,CLI_0006,ROSARIO,ASESOR_4,ENERGIA,CH316,C,1488.94,1675.9,4
2026-07-06,2026-07-06,PED0002740,CLI_0032,MENDOZA,ASESOR_1,ENERGIA,CH430,B,1059.16,1629.2,6
2026-07-06,2026-07-06,PED0002741,CLI_0004,CORDOBA,ASESOR_3,CONSTRUCCION,CAÑOS Y TUBOS,A,1690.27,2154.1,3
2026-07-06,2026-07-06,PED0002742,CLI_0038,ROSARIO,ASESOR_3,AGRO,CH304,C,1113.74,1672.6,5
2026-07-06,2026-07-06,PED0002742,CLI_0038,ROSARIO,ASESOR_3,AGRO,BULONERIA,C,1210.7,1834.1,5
2026-07-06,2026-07-06,PED0002742,CLI_0038,ROSARIO,ASESOR_3,AGRO,PERFILES,C,3096.29,2227.7,2
2026-07-07,2026-07-06,PED0002743,CLI_0034,ROSARIO,ASESOR_3,METALMECANICA,PERFILES,C,3452.31,2204.5,1
2026-07-08,2026-07-06,PED0002744,CLI_0029,CORDOBA,ASESOR_6,METALMECANICA,CAÑOS Y TUBOS,A,1151.71,1006.6,4
2026-07-08,2026-07-06,PED0002745,CLI_0032,CORDOBA,ASESOR_6,AUTOPARTES,CH430,B,977.86,921.4,1
2026-07-08,2026-07-06,PED0002745,CLI_0032,CORDOBA,ASESOR_6,AUTOPARTES,CAÑOS Y TUBOS,B,1728.09,1854.8,3
2026-07-08,2026-07-06,PED0002745,CLI_0032,CORDOBA,ASESOR_6,AUTOPARTES,CH316,B,1241.68,1612.2,6
2026-07-09,2026-07-06,PED0002746,CLI_0027,ROSARIO,ASESOR_2,AUTOPARTES,CH304,C,969.97,1005.0,3
2026-07-09,2026-07-06,PED0002746,CLI_0027,ROSARIO,ASESOR_2,AUTOPARTES,CAÑOS Y TUBOS,C,2261.91,3461.7,5
2026-07-09,2026-07-06,PED0002747,CLI_0037,CORDOBA,ASESOR_3,METALMECANICA,CH316,C,1313.86,1603.4,1
2026-07-06,2026-07-06,PED0002748,CLI_0036,CAPITAL,ASESOR_4,ENERGIA,CH430,C,735.06,740.8,6
2026-07-07,2026-07-06,PED0002749,CLI_0016,CAPITAL,ASESOR_6,AUTOPARTES,CH304,A,3075.82,3443.3,4
2026-07-10,2026-07-06,PED0002750,CLI_0002,CAPITAL,ASESOR_5,AGRO,CH430,B,729.83,711.3,2
2026-07-10,2026-07-06,PED0002750,CLI_0002,CAPITAL,ASESOR_5,AGRO,BULONERIA,B,1721.93,1873.0,1
2026-07-08,2026-07-06,PED0002751,CLI_0037,ROSARIO,ASESOR_5,AGRO,BULONERIA,C,1225.6,1581.1,6
2026-07-08,2026-07-06,PED0002751,CLI_0037,ROSARIO,ASESOR_5,AGRO,CH430,C,1138.91,1342.5,2
2026-07-08,2026-07-06,PED0002751,CLI_0037,ROSARIO,ASESOR_5,AGRO,CH304,C,1147.56,1564.3,2
2026-07-06,2026-07-06,PED0002752,CLI_0025,CORDOBA,ASESOR_5,AUTOPARTES,CH316,A,1127.89,1450.6,5
2026-07-06,2026-07-06,PED0002752,CLI_0025,CORDOBA,ASESOR_5,AUTOPARTES,PERFILES,A,2318.55,2059.2,1
2026-07-10,2026-07-06,PED0002753,CLI_0037,CAPITAL,ASESOR_2,ENERGIA,PERFILES,C,1450.81,1356.1,3
2026-07-10,2026-07-06,PED0002753,CLI_0037,CAPITAL,ASESOR_2,ENERGIA,CH304,C,2559.31,3902.0,2
2026-07-07,2026-07-06,PED0002754,CLI_0003,CAPITAL,ASESOR_1,METALMECANICA,PERFILES,B,1745.19,2376.0,4
2026-07-06,2026-07-06,PED0002755,CLI_0022,MENDOZA,ASESOR_4,AGRO,CH316,C,1217.74,1752.9,1
2026-07-06,2026-07-06,PED0002755,CLI_0022,MENDOZA,ASESOR_4,AGRO,CAÑOS Y TUBOS,C,1293.87,1434.2,6
2026-07-08,2026-07-06,PED0002756,CLI_0035,CORDOBA,ASESOR_5,CONSTRUCCION,PERFILES,C,3588.21,5645.4,2
2026-07-08,2026-07-06,PED0002756,CLI_0035,CORDOBA,ASESOR_5,CONSTRUCCION,CH304,C,1614.02,2220.0,5
2026-07-08,2026-07-06,PED0002757,CLI_0041,CAPITAL,ASESOR_1,CONSTRUCCION,CH316,A,3027.1,4547.5,2
2026-07-08,2026-07-06,PED0002757,CLI_0041,CAPITAL,ASESOR_1,CONSTRUCCION,CH304,A,3694.21,3652.3,2
2026-07-08,2026-07-06,PED0002757,CLI_0041,CAPITAL,ASESOR_1,CONSTRUCCION,CH430,A,919.41,1422.6,1
2026-07-09,2026-07-06,PED0002758,CLI_0009,ROSARIO,ASESOR_2,AGRO,BULONERIA,B,1579.41,1463.3,2
2026-07-09,2026-07-06,PED0002758,CLI_0009,ROSARIO,ASESOR_2,AGRO,CH316,B,1300.02,2014.8,3
2026-07-09,2026-07-06,PED0002759,CLI_0000,ROSARIO,ASESOR_2,ENERGIA,CH304,B,1005.98,913.1,6
2026-07-09,2026-07-06,PED0002760,CLI_0008,ROSARIO,ASESOR_6,ENERGIA,CAÑOS Y TUBOS,C,1862.17,2292.8,4
2026-07-09,2026-07-06,PED0002760,CLI_0008,ROSARIO,ASESOR_6,ENERGIA,CH430,C,1207.97,1096.0,1
2026-07-06,2026-07-06,PED0002761,CLI_0007,MENDOZA,ASESOR_6,AGRO,CH316,A,1587.65,2391.0,3
2026-07-07,2026-07-06,PED0002762,CLI_0038,CAPITAL,ASESOR_1,ENERGIA,CAÑOS Y TUBOS,C,2170.68,1975.4,3
2026-07-09,2026-07-06,PED0002763,CLI_0004,ROSARIO,ASESOR_4,AGRO,BULONERIA,B,1322.53,1277.4,2
2026-07-09,2026-07-06,PED0002763,CLI_0004,ROSARIO,ASESOR_4,AGRO,PERFILES,B,2870.58,3136.8,6
2026-07-07,2026-07-06,PED0002764,CLI_0002,ROSARIO,ASESOR_5,ENERGIA,CH304,B,927.27,1430.2,5
2026-07-07,2026-07-06,PED0002764,CLI_0002,ROSARIO,ASESOR_5,ENERGIA,PERFILES,B,2444.53,2001.0,2
2026-07-06,2026-07-06,PED0002765,CLI_0009,ROSARIO,ASESOR_4,ENERGIA,BULONERIA,C,1528.56,1558.2,6
2026-07-06,2026-07-06,PED0002766,CLI_0032,ROSARIO,ASESOR_3,METALMECANICA,PERFILES,C,2699.71,1976.2,1
2026-07-07,2026-07-06,PED0002767,CLI_0021,MENDOZA,ASESOR_6,ENERGIA,CH430,C,1352.96,1861.6,3
2026-07-06,2026-07-06,PED0002768,CLI_0033,CAPITAL,ASESOR_4,CONSTRUCCION,PERFILES,B,1679.94,2229.1,5
2026-07-06,2026-07-06,PED0002768,CLI_0033,CAPITAL,ASESOR_4,CONSTRUCCION,CH430,B,950.38,1454.4,2
2026-07-07,2026-07-06,PED0002769,CLI_0035,CORDOBA,ASESOR_4,METALMECANICA,CH316,B,1318.21,1910.7,5
2026-07-07,2026-07-06,PED0002769,CLI_0035,CORDOBA,ASESOR_4,METALMECANICA,PERFILES,B,2671.45,3442.7,3
2026-07-07,2026-07-06,PED0002770,CLI_0013,CORDOBA,ASESOR_6,AGRO,PERFILES,B,2301.18,3345.2,2
2026-07-07,2026-07-06,PED0002770,CLI_0013,CORDOBA,ASESOR_6,AGRO,CH430,B,1436.29,2002.2,5
2026-07-07,2026-07-06,PED0002770,CLI_0013,CORDOBA,ASESOR_6,AGRO,BULONERIA,B,1709.16,1769.5,5
2026-07-06,2026-07-06,PED0002771,CLI_0004,MENDOZA,ASESOR_2,AGRO,CAÑOS Y TUBOS,A,1364.46,1825.7,4
2026-07-06,2026-07-06,PED0002771,CLI_0004,MENDOZA,ASESOR_2,AGRO,CH430,A,1060.11,1489.5,6
2026-07-07,2026-07-06,PED0002772,CLI_0035,CAPITAL,ASESOR_3,CONSTRUCCION,CH316,B,2610.3,2632.9,4
2026-07-07,2026-07-06,PED0002773,CLI_0016,MENDOZA,ASESOR_5,METALMECANICA,BULONERIA,C,2315.7,2862.2,2
2026-07-07,2026-07-06,PED0002773,CLI_0016,MENDOZA,ASESOR_5,METALMECANICA,CH316,C,1455.52,1678.3,5
2026-07-07,2026-07-06,PED0002773,CLI_0016,MENDOZA,ASESOR_5,METALMECANICA,PERFILES,C,2013.77,2664.4,5
2026-07-07,2026-07-06,PED0002774,CLI_0041,ROSARIO,ASESOR_3,AGRO,CH304,C,1078.36,1136.3,5
2026-07-07,2026-07-06,PED0002774,CLI_0041,ROSARIO,ASESOR_3,AGRO,BULONERIA,C,1215.41,1708.8,4
2026-07-07,2026-07-06,PED0002774,CLI_0041,ROSARIO,ASESOR_3,AGRO,CH316,C,1714.45,1669.8,1
2026-07-06,2026-07-06,PED0002775,CLI_0029,CORDOBA,ASESOR_5,AUTOPARTES,PERFILES,B,3556.36,2998.3,4
2026-07-06,2026-07-06,PED0002775,CLI_0029,CORDOBA,ASESOR_5,AUTOPARTES,CAÑOS Y TUBOS,B,1655.03,1766.7,5
2026-07-06,2026-07-06,PED0002775,CLI_0029,CORDOBA,ASESOR_5,AUTOPARTES,CH316,B,1293.44,1731.5,1
2026-07-07,2026-07-06,PED0002776,CLI_0003,CAPITAL,ASESOR_2,ENERGIA,CH430,A,1103.33,1514.0,6
2026-07-07,2026-07-06,PED0002776,CLI_0003,CAPITAL,ASESOR_2,ENERGIA,PERFILES,A,1249.93,1044.5,1
2026-07-10,2026-07-06,PED0002777,CLI_0006,ROSARIO,ASESOR_3,CONSTRUCCION,CH304,C,908.08,916.7,4
2026-07-07,2026-07-06,PED0002778,CLI_0014,CAPITAL,ASESOR_4,ENERGIA,CH304,B,2756.95,3543.4,4
2026-07-07,2026-07-06,PED0002779,CLI_0038,CAPITAL,ASESOR_2,AUTOPARTES,BULONERIA,C,1562.67,2155.5,3
2026-07-07,2026-07-06,PED0002779,CLI_0038,CAPITAL,ASESOR_2,AUTOPARTES,CAÑOS Y TUBOS,C,1700.72,1502.7,4
2026-07-09,2026-07-06,PED0002780,CLI_0035,CORDOBA,ASESOR_1,CONSTRUCCION,CH304,C,1496.69,1329.7,1
2026-07-10,2026-07-06,PED0002781,CLI_0010,ROSARIO,ASESOR_3,AGRO,CH304,B,1233.63,1736.8,2
2026-07-09,2026-07-06,PED0002782,CLI_0032,ROSARIO,ASESOR_6,AUTOPARTES,BULONERIA,C,1030.46,894.5,4
2026-07-09,2026-07-06,PED0002782,CLI_0032,ROSARIO,ASESOR_6,AUTOPARTES,CAÑOS Y TUBOS,C,2753.89,2372.2,5
2026-07-09,2026-07-06,PED0002783,CLI_0027,MENDOZA,ASESOR_6,ENERGIA,BULONERIA,C,2103.65,2307.4,1
2026-07-07,2026-07-06,PED0002784,CLI_0037,ROSARIO,ASESOR_5,METALMECANICA,PERFILES,B,2290.26,2675.0,2
2026-07-07,2026-07-06,PED0002784,CLI_0037,ROSARIO,ASESOR_5,METALMECANICA,BULONERIA,B,1336.51,1756.9,2
2026-07-08,2026-07-06,PED0002785,CLI_0007,CAPITAL,ASESOR_3,ENERGIA,PERFILES,B,1425.12,1529.5,5
2026-07-07,2026-07-06,PED0002786,CLI_0017,MENDOZA,ASESOR_5,CONSTRUCCION,PERFILES,C,1787.28,2410.1,4
2026-07-08,2026-07-06,PED0002787,CLI_0018,MENDOZA,ASESOR_3,CONSTRUCCION,CH430,B,1299.45,1982.6,1
2026-07-08,2026-07-06,PED0002787,CLI_0018,MENDOZA,ASESOR_3,CONSTRUCCION,PERFILES,B,1971.36,2427.7,3
2026-07-08,2026-07-06,PED0002787,CLI_0018,MENDOZA,ASESOR_3,CONSTRUCCION,BULONERIA,B,1887.06,2100.4,2
2026-07-07,2026-07-06,PED0002788,CLI_0012,CAPITAL,ASESOR_3,AGRO,CAÑOS Y TUBOS,C,2048.16,2156.6,1
2026-07-07,2026-07-06,PED0002788,CLI_0012,CAPITAL,ASESOR_3,AGRO,CH304,C,3780.78,3714.0,3
2026-07-09,2026-07-06,PED0002789,CLI_0038,MENDOZA,ASESOR_4,CONSTRUCCION,CH304,A,2712.71,3595.4,2
2026-07-09,2026-07-06,PED0002789,CLI_0038,MENDOZA,ASESOR_4,CONSTRUCCION,CH430,A,953.32,1445.5,3
2026-07-09,2026-07-06,PED0002789,CLI_0038,MENDOZA,ASESOR_4,CONSTRUCCION,CH316,A,1575.72,1699.6,3
2026-07-09,2026-07-06,PED0002790,CLI_0003,ROSARIO,ASESOR_6,AGRO,PERFILES,B,3148.38,2716.5,6
2026-07-09,2026-07-06,PED0002790,CLI_0003,ROSARIO,ASESOR_6,AGRO,BULONERIA,B,1559.58,2338.8,5
2026-07-06,2026-07-06,PED0002791,CLI_0028,ROSARIO,ASESOR_6,AUTOPARTES,CAÑOS Y TUBOS,C,2614.96,2111.1,3
2026-07-06,2026-07-06,PED0002791,CLI_0028,ROSARIO,ASESOR_6,AUTOPARTES,CH316,C,1091.03,1532.8,3
2026-07-09,2026-07-06,PED0002792,CLI_0014,MENDOZA,ASESOR_1,CONSTRUCCION,CAÑOS Y TUBOS,C,1382.56,1650.0,6
2026-07-08,2026-07-06,PED0002793,CLI_0013,CAPITAL,ASESOR_3,CONSTRUCCION,CAÑOS Y TUBOS,C,1192.06,1437.2,3
2026-07-08,2026-07-06,PED0002793,CLI_0013,CAPITAL,ASESOR_3,CONSTRUCCION,BULONERIA,C,1467.55,1682.9,3
2026-07-09,2026-07-06,PED0002794,CLI_0039,CORDOBA,ASESOR_4,CONSTRUCCION,CH304,C,1620.56,2566.5,5
2026-07-08,2026-07-06,PED0002795,CLI_0019,MENDOZA,ASESOR_4,CONSTRUCCION,CH304,B,3037.22,4032.5,2
2026-07-09,2026-07-06,PED0002796,CLI_0020,CAPITAL,ASESOR_4,AUTOPARTES,PERFILES,A,1930.76,2559.8,3
2026-07-09,2026-07-06,PED0002796,CLI_0020,CAPITAL,ASESOR_4,AUTOPARTES,BULONERIA,A,1869.64,2708.5,1
2026-07-10,2026-07-06,PED0002797,CLI_0041,ROSARIO,ASESOR_6,CONSTRUCCION,CAÑOS Y TUBOS,B,2113.35,3113.3,2
2026-07-10,2026-07-06,PED0002797,CLI_0041,ROSARIO,ASESOR_6,CONSTRUCCION,BULONERIA,B,1127.25,921.9,5
2026-07-10,2026-07-06,PED0002797,CLI_0041,ROSARIO,ASESOR_6,CONSTRUCCION,CH316,B,1162.41,1793.9,6
2026-07-07,2026-07-06,PED0002798,CLI_0042,ROSARIO,ASESOR_1,CONSTRUCCION,CH304,B,1285.47,1976.9,6
2026-07-07,2026-07-06,PED0002799,CLI_0018,MENDOZA,ASESOR_3,CONSTRUCCION,PERFILES,B,1374.4,1997.7,1
2026-07-08,2026-07-06,PED0002800,CLI_0008,CAPITAL,ASESOR_2,AGRO,CH316,B,2949.87,3259.8,6
2026-07-07,2026-07-06,PED0002801,CLI_0015,MENDOZA,ASESOR_3,CONSTRUCCION,CH430,C,975.53,1287.2,2
2026-07-06,2026-07-06,PED0002802,CLI_0010,ROSARIO,ASESOR_1,CONSTRUCCION,CH304,C,1297.63,1973.4,6
2026-07-06,2026-07-06,PED0002802,CLI_0010,ROSARIO,ASESOR_1,CONSTRUCCION,PERFILES,C,2367.59,1935.0,4
2026-07-06,2026-07-06,PED0002803,CLI_0030,CAPITAL,ASESOR_2,METALMECANICA,CH430,C,754.44,1193.7,3
2026-07-06,2026-07-06,PED0002803,CLI_0030,CAPITAL,ASESOR_2,METALMECANICA,CH316,C,2807.76,3698.9,4
2026-07-07,2026-07-06,PED0002804,CLI_0019,MENDOZA,ASESOR_6,AUTOPARTES,BULONERIA,C,1971.23,2246.3,1
2026-07-07,2026-07-06,PED0002804,CLI_0019,MENDOZA,ASESOR_6,AUTOPARTES,CH316,C,1684.08,1493.7,6
2026-07-08,2026-07-06,PED0002805,CLI_0005,CORDOBA,ASESOR_6,ENERGIA,CAÑOS Y TUBOS,C,1508.17,2233.3,3
2026-07-08,2026-07-06,PED0002805,CLI_0005,CORDOBA,ASESOR_6,ENERGIA,CH304,C,1275.65,1468.1,3
2026-07-06,2026-07-06,PED0002806,CLI_0026,ROSARIO,ASESOR_4,ENERGIA,CH430,A,1429.72,1807.8,6
2026-07-07,2026-07-06,PED0002807,CLI_0014,CORDOBA,ASESOR_1,AUTOPARTES,CH430,C,1361.6,1988.5,5
2026-07-07,2026-07-06,PED0002808,CLI_0039,CAPITAL,ASESOR_6,AUTOPARTES,CH304,C,2841.31,4378.0,4
2026-07-06,2026-07-06,PED0002809,CLI_0045,CORDOBA,ASESOR_1,METALMECANICA,BULONERIA,C,2517.2,2740.1,3
2026-07-06,2026-07-06,PED0002809,CLI_0045,CORDOBA,ASESOR_1,METALMECANICA,CAÑOS Y TUBOS,C,1788.55,1943.3,3
2026-07-08,2026-07-06,PED0002810,CLI_0004,MENDOZA,ASESOR_4,METALMECANICA,CH430,B,1069.86,1117.9,3
2026-07-08,2026-07-06,PED0002810,CLI_0004,MENDOZA,ASESOR_4,METALMECANICA,PERFILES,B,2005.7,1682.9,1
2026-07-09,2026-07-06,PED0002811,CLI_0022,MENDOZA,ASESOR_5,ENERGIA,CAÑOS Y TUBOS,C,1203.98,1677.6,4
2026-07-10,2026-07-06,PED0002812,CLI_0031,CORDOBA,ASESOR_3,AUTOPARTES,BULONERIA,B,2579.41,3411.5,4
2026-07-08,2026-07-06,PED0002813,CLI_0033,CAPITAL,ASESOR_5,CONSTRUCCION,CH316,A,3754.3,3764.2,3
2026-07-06,2026-07-06,PED0002814,CLI_0023,ROSARIO,ASESOR_5,METALMECANICA,PERFILES,A,2373.12,2295.4,3
2026-07-06,2026-07-06,PED0002814,CLI_0023,ROSARIO,ASESOR_5,METALMECANICA,CH316,A,1411.58,1626.6,2
2026-07-09,2026-07-06,PED0002815,CLI_0015,MENDOZA,ASESOR_2,AGRO,CH304,C,3027.11,4295.7,2
2026-07-10,2026-07-06,PED0002816,CLI_0009,ROSARIO,ASESOR_3,CONSTRUCCION,BULONERIA,C,1349.08,1628.1,5
2026-07-07,2026-07-06,PED0002817,CLI_0033,CORDOBA,ASESOR_3,AUTOPARTES,CH316,B,861.42,1275.7,5
2026-07-07,2026-07-06,PED0002817,CLI_0033,CORDOBA,ASESOR_3,AUTOPARTES,CAÑOS Y TUBOS,B,1787.26,2244.7,6
2026-07-10,2026-07-06,PED0002818,CLI_0009,CORDOBA,ASESOR_3,AGRO,CAÑOS Y TUBOS,C,1655.8,2484.8,2
2026-07-08,2026-07-06,PED0002819,CLI_0021,MENDOZA,ASESOR_6,AUTOPARTES,BULONERIA,C,2105.27,1863.5,2
2026-07-08,2026-07-06,PED0002819,CLI_0021,MENDOZA,ASESOR_6,AUTOPARTES,CH316,C,1178.83,1079.9,6
2026-07-09,2026-07-06,PED0002820,CLI_0031,CORDOBA,ASESOR_1,AUTOPARTES,CH316,B,867.68,977.8,3
2026-07-09,2026-07-06,PED0002820,CLI_0031,CORDOBA,ASESOR_1,AUTOPARTES,CAÑOS Y TUBOS,B,1639.08,2316.3,3
2026-07-09,2026-07-06,PED0002820,CLI_0031,CORDOBA,ASESOR_1,AUTOPARTES,PERFILES,B,3562.84,3643.1,4
2026-07-14,2026-07-13,PED0002821,CLI_0009,CORDOBA,ASESOR_1,CONSTRUCCION,CH304,A,1732.77,1871.7,2
2026-07-15,2026-07-13,PED0002822,CLI_0028,ROSARIO,ASESOR_5,ENERGIA,CH430,A,1128.76,1619.2,5
2026-07-15,2026-07-13,PED0002822,CLI_0028,ROSARIO,ASESOR_5,ENERGIA,PERFILES,A,3581.81,4133.4,4
2026-07-14,2026-07-13,PED0002823,CLI_0018,MENDOZA,ASESOR_4,METALMECANICA,CH430,C,1052.54,1475.2,6
2026-07-14,2026-07-13,PED0002823,CLI_0018,MENDOZA,ASESOR_4,METALMECANICA,BULONERIA,C,2708.08,3156.1,6
2026-07-17,2026-07-13,PED0002824,CLI_0039,ROSARIO,ASESOR_6,METALMECANICA,BULONERIA,B,1313.59,1134.7,3
2026-07-16,2026-07-13,PED0002825,CLI_0033,CAPITAL,ASESOR_1,CONSTRUCCION,CH316,A,2494.23,2381.9,6
2026-07-15,2026-07-13,PED0002826,CLI_0023,CORDOBA,ASESOR_6,ENERGIA,CAÑOS Y TUBOS,B,1162.88,1770.0,4
2026-07-17,2026-07-13,PED0002827,CLI_0038,ROSARIO,ASESOR_1,CONSTRUCCION,CH316,B,1474.23,1441.2,6
2026-07-17,2026-07-13,PED0002827,CLI_0038,ROSARIO,ASESOR_1,CONSTRUCCION,CH304,B,1283.15,2040.9,1
2026-07-16,2026-07-13,PED0002828,CLI_0021,MENDOZA,ASESOR_5,AUTOPARTES,CH316,C,1792.3,2311.8,2
2026-07-16,2026-07-13,PED0002828,CLI_0021,MENDOZA,ASESOR_5,AUTOPARTES,CH304,C,3308.89,3375.5,1
2026-07-16,2026-07-13,PED0002829,CLI_0034,CORDOBA,ASESOR_5,AGRO,CH430,A,1391.36,2109.4,1
2026-07-16,2026-07-13,PED0002829,CLI_0034,CORDOBA,ASESOR_5,AGRO,PERFILES,A,2911.64,3288.9,6
2026-07-14,2026-07-13,PED0002830,CLI_0005,CAPITAL,ASESOR_1,ENERGIA,BULONERIA,A,1894.15,1644.7,2
2026-07-15,2026-07-13,PED0002831,CLI_0035,CAPITAL,ASESOR_5,ENERGIA,PERFILES,C,2029.22,2759.2,5
2026-07-15,2026-07-13,PED0002832,CLI_0030,MENDOZA,ASESOR_1,AUTOPARTES,PERFILES,B,1931.66,3007.3,1
2026-07-15,2026-07-13,PED0002832,CLI_0030,MENDOZA,ASESOR_1,AUTOPARTES,BULONERIA,B,2127.84,2460.6,5
2026-07-17,2026-07-13,PED0002833,CLI_0022,CAPITAL,ASESOR_2,AUTOPARTES,CAÑOS Y TUBOS,A,2226.63,3359.5,3
2026-07-13,2026-07-13,PED0002834,CLI_0010,CAPITAL,ASESOR_4,AGRO,CH304,A,3115.48,3853.9,4
2026-07-13,2026-07-13,PED0002834,CLI_0010,CAPITAL,ASESOR_4,AGRO,BULONERIA,A,1913.17,2319.8,4
2026-07-13,2026-07-13,PED0002834,CLI_0010,CAPITAL,ASESOR_4,AGRO,CAÑOS Y TUBOS,A,1718.72,2313.8,3
2026-07-15,2026-07-13,PED0002835,CLI_0010,CAPITAL,ASESOR_5,AGRO,CH430,C,953.38,1455.8,2
2026-07-14,2026-07-13,PED0002836,CLI_0035,ROSARIO,ASESOR_4,METALMECANICA,PERFILES,C,2789.4,2213.5,5
2026-07-17,2026-07-13,PED0002837,CLI_0017,CAPITAL,ASESOR_3,AUTOPARTES,BULONERIA,A,1623.32,1358.4,6
2026-07-15,2026-07-13,PED0002838,CLI_0030,CORDOBA,ASESOR_4,AUTOPARTES,CH430,A,1541.57,2291.8,3
2026-07-15,2026-07-13,PED0002838,CLI_0030,CORDOBA,ASESOR_4,AUTOPARTES,PERFILES,A,2309.52,3296.3,6
2026-07-17,2026-07-13,PED0002839,CLI_0021,MENDOZA,ASESOR_4,AGRO,PERFILES,C,1767.61,2045.5,5
2026-07-17,2026-07-13,PED0002839,CLI_0021,MENDOZA,ASESOR_4,AGRO,CAÑOS Y TUBOS,C,1166.57,1634.5,1
2026-07-17,2026-07-13,PED0002839,CLI_0021,MENDOZA,ASESOR_4,AGRO,CH430,C,1161.81,1683.3,4
2026-07-13,2026-07-13,PED0002840,CLI_0018,MENDOZA,ASESOR_6,AUTOPARTES,PERFILES,C,1509.58,1907.0,5
2026-07-14,2026-07-13,PED0002841,CLI_0030,CORDOBA,ASESOR_2,METALMECANICA,CH316,B,1288.13,1143.4,6
2026-07-15,2026-07-13,PED0002842,CLI_0019,CORDOBA,ASESOR_3,ENERGIA,CAÑOS Y TUBOS,B,1312.76,1053.1,1
2026-07-15,2026-07-13,PED0002842,CLI_0019,CORDOBA,ASESOR_3,ENERGIA,PERFILES,B,2849.8,3623.1,4
2026-07-15,2026-07-13,PED0002842,CLI_0019,CORDOBA,ASESOR_3,ENERGIA,CH304,B,1296.73,1869.2,4
2026-07-17,2026-07-13,PED0002843,CLI_0044,CORDOBA,ASESOR_4,ENERGIA,CH304,A,1640.58,2327.6,2
2026-07-13,2026-07-13,PED0002844,CLI_0034,ROSARIO,ASESOR_4,AUTOPARTES,CAÑOS Y TUBOS,C,2869.23,4568.3,1
2026-07-16,2026-07-13,PED0002845,CLI_0016,ROSARIO,ASESOR_2,CONSTRUCCION,PERFILES,A,3307.63,2185.8,2
2026-07-16,2026-07-13,PED0002845,CLI_0016,ROSARIO,ASESOR_2,CONSTRUCCION,CH430,A,998.25,1042.1,3
2026-07-13,2026-07-13,PED0002846,CLI_0046,MENDOZA,ASESOR_4,CONSTRUCCION,CH430,A,1169.15,1501.9,6
2026-07-13,2026-07-13,PED0002846,CLI_0046,MENDOZA,ASESOR_4,CONSTRUCCION,CAÑOS Y TUBOS,A,1816.99,1498.4,3
2026-07-13,2026-07-13,PED0002846,CLI_0046,MENDOZA,ASESOR_4,CONSTRUCCION,CH316,A,1135.83,1735.7,2
2026-07-15,2026-07-13,PED0002847,CLI_0042,MENDOZA,ASESOR_3,AUTOPARTES,PERFILES,A,1536.38,2323.0,5
2026-07-16,2026-07-13,PED0002848,CLI_0016,MENDOZA,ASESOR_6,METALMECANICA,CAÑOS Y TUBOS,C,1129.18,1149.4,4
2026-07-16,2026-07-13,PED0002848,CLI_0016,MENDOZA,ASESOR_6,METALMECANICA,CH304,C,2215.05,2264.7,2
2026-07-17,2026-07-13,PED0002849,CLI_0010,ROSARIO,ASESOR_4,CONSTRUCCION,BULONERIA,C,1256.54,1315.7,3
2026-07-14,2026-07-13,PED0002850,CLI_0006,ROSARIO,ASESOR_4,ENERGIA,BULONERIA,B,1237.73,1174.8,1
2026-07-15,2026-07-13,PED0002851,CLI_0037,CORDOBA,ASESOR_4,METALMECANICA,CH430,C,1517.84,1745.1,1
2026-07-13,2026-07-13,PED0002852,CLI_0005,ROSARIO,ASESOR_3,ENERGIA,CAÑOS Y TUBOS,C,2407.09,3624.8,6
2026-07-17,2026-07-13,PED0002853,CLI_0021,CAPITAL,ASESOR_3,CONSTRUCCION,CAÑOS Y TUBOS,C,1286.58,1376.0,5
2026-07-17,2026-07-13,PED0002854,CLI_0035,ROSARIO,ASESOR_1,AUTOPARTES,PERFILES,A,2622.83,2775.1,1
2026-07-17,2026-07-13,PED0002854,CLI_0035,ROSARIO,ASESOR_1,AUTOPARTES,CH316,A,1406.06,2049.7,2
2026-07-17,2026-07-13,PED0002854,CLI_0035,ROSARIO,ASESOR_1,AUTOPARTES,CH304,A,1311.63,1194.7,6
2026-07-15,2026-07-13,PED0002855,CLI_0013,CAPITAL,ASESOR_3,AGRO,CAÑOS Y TUBOS,C,1479.95,2166.7,6
2026-07-16,2026-07-13,PED0002856,CLI_0043,CORDOBA,ASESOR_1,METALMECANICA,CH430,C,1247.46,1585.9,2
2026-07-15,2026-07-13,PED0002857,CLI_0031,CAPITAL,ASESOR_1,METALMECANICA,CAÑOS Y TUBOS,C,1876.04,2681.9,6
2026-07-16,2026-07-13,PED0002858,CLI_0020,MENDOZA,ASESOR_4,AGRO,CH430,C,1214.14,1354.1,5
2026-07-14,2026-07-13,PED0002859,CLI_0043,CORDOBA,ASESOR_2,CONSTRUCCION,CH430,B,1548.49,2386.6,1
2026-07-14,2026-07-13,PED0002859,CLI_0043,CORDOBA,ASESOR_2,CONSTRUCCION,BULONERIA,B,2171.2,1844.7,5
2026-07-16,2026-07-13,PED0002860,CLI_0022,MENDOZA,ASESOR_5,AUTOPARTES,CAÑOS Y TUBOS,C,1659.02,1515.3,1
2026-07-16,2026-07-13,PED0002860,CLI_0022,MENDOZA,ASESOR_5,AUTOPARTES,CH430,C,1183.78,1597.6,5
2026-07-16,2026-07-13,PED0002860,CLI_0022,MENDOZA,ASESOR_5,AUTOPARTES,PERFILES,C,1618.85,1347.6,5
2026-07-17,2026-07-13,PED0002861,CLI_0003,ROSARIO,ASESOR_5,ENERGIA,BULONERIA,B,1122.2,953.2,4
2026-07-14,2026-07-13,PED0002862,CLI_0035,ROSARIO,ASESOR_3,METALMECANICA,CH316,C,1649.17,1435.1,2
2026-07-14,2026-07-13,PED0002862,CLI_0035,ROSARIO,ASESOR_3,METALMECANICA,BULONERIA,C,983.15,856.5,6
2026-07-13,2026-07-13,PED0002863,CLI_0011,ROSARIO,ASESOR_5,AUTOPARTES,CH304,B,1278.19,1542.3,6
2026-07-15,2026-07-13,PED0002864,CLI_0009,CAPITAL,ASESOR_4,AGRO,CAÑOS Y TUBOS,B,1714.24,1554.4,3
2026-07-13,2026-07-13,PED0002865,CLI_0022,CORDOBA,ASESOR_2,ENERGIA,CAÑOS Y TUBOS,B,1563.54,2422.1,3
2026-07-16,2026-07-13,PED0002866,CLI_0028,MENDOZA,ASESOR_6,ENERGIA,PERFILES,B,1923.87,1676.1,2
2026-07-16,2026-07-13,PED0002866,CLI_0028,MENDOZA,ASESOR_6,ENERGIA,CH316,B,1319.94,2079.0,4
2026-07-16,2026-07-13,PED0002866,CLI_0028,MENDOZA,ASESOR_6,ENERGIA,CAÑOS Y TUBOS,B,1787.47,2047.8,2
2026-07-16,2026-07-13,PED0002867,CLI_0008,ROSARIO,ASESOR_5,ENERGIA,CH304,B,1196.17,1840.6,3
2026-07-16,2026-07-13,PED0002867,CLI_0008,ROSARIO,ASESOR_5,ENERGIA,CAÑOS Y TUBOS,B,2933.46,3255.1,1
2026-07-16,2026-07-13,PED0002868,CLI_0032,CAPITAL,ASESOR_5,ENERGIA,CAÑOS Y TUBOS,C,2293.08,2396.8,4
2026-07-17,2026-07-13,PED0002869,CLI_0020,MENDOZA,ASESOR_6,AUTOPARTES,CAÑOS Y TUBOS,C,1499.67,1633.9,1
2026-07-17,2026-07-13,PED0002870,CLI_0043,MENDOZA,ASESOR_5,METALMECANICA,PERFILES,A,1382.9,2077.4,2
2026-07-17,2026-07-13,PED0002870,CLI_0043,MENDOZA,ASESOR_5,METALMECANICA,CH304,A,2984.65,4609.6,4
2026-07-14,2026-07-13,PED0002871,CLI_0018,CAPITAL,ASESOR_5,CONSTRUCCION,CH316,C,3906.08,4544.2,1
2026-07-14,2026-07-13,PED0002871,CLI_0018,CAPITAL,ASESOR_5,CONSTRUCCION,PERFILES,C,1963.48,1765.9,3
2026-07-16,2026-07-13,PED0002872,CLI_0018,CAPITAL,ASESOR_5,CONSTRUCCION,CH430,C,1041.98,1436.4,4
2026-07-16,2026-07-13,PED0002873,CLI_0016,ROSARIO,ASESOR_2,CONSTRUCCION,BULONERIA,A,1448.54,1856.0,6
2026-07-14,2026-07-13,PED0002874,CLI_0041,CORDOBA,ASESOR_1,ENERGIA,CH430,A,1132.25,1393.5,3
2026-07-15,2026-07-13,PED0002875,CLI_0018,CAPITAL,ASESOR_2,CONSTRUCCION,PERFILES,C,1272.79,1296.9,2
2026-07-15,2026-07-13,PED0002875,CLI_0018,CAPITAL,ASESOR_2,CONSTRUCCION,BULONERIA,C,1389.55,2094.5,5
2026-07-15,2026-07-13,PED0002875,CLI_0018,CAPITAL,ASESOR_2,CONSTRUCCION,CH430,C,808.89,1134.4,3
2026-07-14,2026-07-13,PED0002876,CLI_0004,CAPITAL,ASESOR_4,AGRO,PERFILES,B,1239.37,1254.2,1
2026-07-14,2026-07-13,PED0002876,CLI_0004,CAPITAL,ASESOR_4,AGRO,CH304,B,2789.03,3988.8,1
2026-07-14,2026-07-13,PED0002876,CLI_0004,CAPITAL,ASESOR_4,AGRO,CAÑOS Y TUBOS,B,1435.65,1860.3,4
2026-07-14,2026-07-13,PED0002877,CLI_0013,MENDOZA,ASESOR_1,ENERGIA,CH316,A,1537.57,1501.4,4
2026-07-14,2026-07-13,PED0002877,CLI_0013,MENDOZA,ASESOR_1,ENERGIA,CAÑOS Y TUBOS,A,1373.33,1381.3,4
2026-07-14,2026-07-13,PED0002877,CLI_0013,MENDOZA,ASESOR_1,ENERGIA,PERFILES,A,1360.66,1227.1,3
2026-07-13,2026-07-13,PED0002878,CLI_0038,MENDOZA,ASESOR_2,AGRO,CH304,B,2326.42,2586.3,4
2026-07-17,2026-07-13,PED0002879,CLI_0036,CAPITAL,ASESOR_3,AUTOPARTES,CAÑOS Y TUBOS,C,2079.75,3048.5,1
2026-07-14,2026-07-13,PED0002880,CLI_0042,CORDOBA,ASESOR_1,CONSTRUCCION,PERFILES,B,2783.95,3279.6,6
2026-07-14,2026-07-13,PED0002880,CLI_0042,CORDOBA,ASESOR_1,CONSTRUCCION,CH304,B,1433.83,1850.3,3
2026-07-17,2026-07-13,PED0002881,CLI_0039,ROSARIO,ASESOR_3,METALMECANICA,CH316,B,1507.87,1934.5,1
2026-07-14,2026-07-13,PED0002882,CLI_0007,ROSARIO,ASESOR_4,CONSTRUCCION,CH430,C,1256.95,1797.5,3
2026-07-14,2026-07-13,PED0002882,CLI_0007,ROSARIO,ASESOR_4,CONSTRUCCION,PERFILES,C,2836.7,3227.7,3
2026-07-14,2026-07-13,PED0002882,CLI_0007,ROSARIO,ASESOR_4,CONSTRUCCION,CH316,C,1650.56,1431.7,6
2026-07-16,2026-07-13,PED0002883,CLI_0034,CAPITAL,ASESOR_4,AUTOPARTES,BULONERIA,C,1375.81,1890.0,3
2026-07-16,2026-07-13,PED0002883,CLI_0034,CAPITAL,ASESOR_4,AUTOPARTES,CH430,C,760.32,761.0,2
2026-07-16,2026-07-13,PED0002883,CLI_0034,CAPITAL,ASESOR_4,AUTOPARTES,CH304,C,2928.33,3022.3,2
2026-07-17,2026-07-13,PED0002884,CLI_0007,ROSARIO,ASESOR_6,ENERGIA,CH316,C,1187.57,1672.2,6
2026-07-14,2026-07-13,PED0002885,CLI_0030,CAPITAL,ASESOR_6,CONSTRUCCION,CAÑOS Y TUBOS,B,1370.9,1703.4,1
2026-07-14,2026-07-13,PED0002885,CLI_0030,CAPITAL,ASESOR_6,CONSTRUCCION,BULONERIA,B,2088.99,2518.9,4
2026-07-14,2026-07-13,PED0002885,CLI_0030,CAPITAL,ASESOR_6,CONSTRUCCION,CH316,B,3852.99,4067.5,4
2026-07-17,2026-07-13,PED0002886,CLI_0034,CAPITAL,ASESOR_1,ENERGIA,CH316,C,2409.2,3060.6,1
2026-07-17,2026-07-13,PED0002886,CLI_0034,CAPITAL,ASESOR_1,ENERGIA,CH304,C,3351.27,3248.6,2
2026-07-16,2026-07-13,PED0002887,CLI_0044,CORDOBA,ASESOR_5,METALMECANICA,CH430,C,1334.52,1196.4,2
2026-07-16,2026-07-13,PED0002887,CLI_0044,CORDOBA,ASESOR_5,METALMECANICA,CAÑOS Y TUBOS,C,1522.11,1594.0,4
2026-07-16,2026-07-13,PED0002887,CLI_0044,CORDOBA,ASESOR_5,METALMECANICA,BULONERIA,C,2349.18,2332.9,3
2026-07-16,2026-07-13,PED0002888,CLI_0033,MENDOZA,ASESOR_6,AUTOPARTES,BULONERIA,B,2076.68,3096.5,3
2026-07-15,2026-07-13,PED0002889,CLI_0012,CAPITAL,ASESOR_3,AGRO,CH430,C,897.79,943.5,1
2026-07-15,2026-07-13,PED0002890,CLI_0035,CORDOBA,ASESOR_1,METALMECANICA,PERFILES,B,3468.86,3908.4,4
2026-07-15,2026-07-13,PED0002890,CLI_0035,CORDOBA,ASESOR_1,METALMECANICA,CH430,B,983.95,1405.6,6
2026-07-14,2026-07-13,PED0002891,CLI_0016,ROSARIO,ASESOR_6,AUTOPARTES,CAÑOS Y TUBOS,B,2684.12,3254.9,6
2026-07-14,2026-07-13,PED0002892,CLI_0008,ROSARIO,ASESOR_1,CONSTRUCCION,BULONERIA,C,1115.84,1207.9,5
2026-07-14,2026-07-13,PED0002893,CLI_0030,CORDOBA,ASESOR_6,AUTOPARTES,CAÑOS Y TUBOS,B,1145.67,980.8,2
2026-07-13,2026-07-13,PED0002894,CLI_0041,MENDOZA,ASESOR_3,AUTOPARTES,CH316,A,1653.43,1528.1,5
2026-07-15,2026-07-13,PED0002895,CLI_0009,ROSARIO,ASESOR_1,CONSTRUCCION,CH316,C,1715.42,2293.4,5
2026-07-15,2026-07-13,PED0002895,CLI_0009,ROSARIO,ASESOR_1,CONSTRUCCION,CH430,C,1004.92,1292.2,3
2026-07-17,2026-07-13,PED0002896,CLI_0011,CAPITAL,ASESOR_1,AGRO,CAÑOS Y TUBOS,C,2171.56,2913.1,6
2026-07-16,2026-07-13,PED0002897,CLI_0046,CORDOBA,ASESOR_2,ENERGIA,CH316,A,1169.22,1549.2,4
2026-07-17,2026-07-13,PED0002898,CLI_0015,MENDOZA,ASESOR_4,ENERGIA,CH430,A,1164.23,1844.7,4
2026-07-17,2026-07-13,PED0002899,CLI_0017,CORDOBA,ASESOR_6,ENERGIA,CH316,B,1033.44,958.0,6
2026-07-17,2026-07-13,PED0002899,CLI_0017,CORDOBA,ASESOR_6,ENERGIA,PERFILES,B,3224.89,4915.8,1
2026-07-14,2026-07-13,PED0002900,CLI_0044,CORDOBA,ASESOR_3,ENERGIA,CH316,A,1018.19,1426.1,2
2026-07-14,2026-07-13,PED0002900,CLI_0044,CORDOBA,ASESOR_3,ENERGIA,CAÑOS Y TUBOS,A,1268.5,1941.4,2
2026-07-16,2026-07-13,PED0002901,CLI_0032,CORDOBA,ASESOR_4,AUTOPARTES,BULONERIA,B,2152.19,1816.2,6
2026-07-16,2026-07-13,PED0002901,CLI_0032,CORDOBA,ASESOR_4,AUTOPARTES,PERFILES,B,2545.07,2396.1,6
2026-07-16,2026-07-13,PED0002901,CLI_0032,CORDOBA,ASESOR_4,AUTOPARTES,CH316,B,1180.44,1183.6,3
2026-07-13,2026-07-13,PED0002902,CLI_0041,MENDOZA,ASESOR_4,METALMECANICA,CH430,A,972.79,815.7,4
2026-07-13,2026-07-13,PED0002902,CLI_0041,MENDOZA,ASESOR_4,METALMECANICA,PERFILES,A,2060.79,2301.3,5
2026-07-13,2026-07-13,PED0002902,CLI_0041,MENDOZA,ASESOR_4,METALMECANICA,CAÑOS Y TUBOS,A,1713.34,1899.9,6
2026-07-17,2026-07-13,PED0002903,CLI_0033,MENDOZA,ASESOR_5,AUTOPARTES,CH430,B,1336.45,1920.5,6
2026-07-17,2026-07-13,PED0002903,CLI_0033,MENDOZA,ASESOR_5,AUTOPARTES,CH304,B,3013.53,3912.1,1
2026-07-17,2026-07-13,PED0002903,CLI_0033,MENDOZA,ASESOR_5,AUTOPARTES,CH316,B,1458.54,1665.4,6
2026-07-15,2026-07-13,PED0002904,CLI_0042,CORDOBA,ASESOR_4,CONSTRUCCION,PERFILES,B,3557.84,3494.8,6
2026-07-13,2026-07-13,PED0002905,CLI_0000,ROSARIO,ASESOR_1,ENERGIA,BULONERIA,B,1068.47,1255.6,5
2026-07-17,2026-07-13,PED0002906,CLI_0016,CAPITAL,ASESOR_2,AUTOPARTES,CH316,B,2531.37,3388.9,2
2026-07-17,2026-07-13,PED0002906,CLI_0016,CAPITAL,ASESOR_2,AUTOPARTES,PERFILES,B,1349.53,1943.1,1
2026-07-17,2026-07-13,PED0002906,CLI_0016,CAPITAL,ASESOR_2,AUTOPARTES,CH304,B,2917.9,2557.9,3
2026-07-17,2026-07-13,PED0002907,CLI_0009,ROSARIO,ASESOR_1,CONSTRUCCION,CH316,C,1230.55,1898.2,2
2026-07-13,2026-07-13,PED0002908,CLI_0018,MENDOZA,ASESOR_6,AUTOPARTES,CH316,C,1204.27,1007.3,2
2026-07-13,2026-07-13,PED0002908,CLI_0018,MENDOZA,ASESOR_6,AUTOPARTES,CH304,C,2246.74,2866.5,4
2026-07-17,2026-07-13,PED0002909,CLI_0012,MENDOZA,ASESOR_2,CONSTRUCCION,CH304,C,3320.63,5176.4,1
2026-07-13,2026-07-13,PED0002910,CLI_0030,MENDOZA,ASESOR_4,AGRO,BULONERIA,B,2340.51,3068.6,6
2026-07-13,2026-07-13,PED0002910,CLI_0030,MENDOZA,ASESOR_4,AGRO,CH304,B,2187.17,2559.7,3
2026-07-14,2026-07-13,PED0002911,CLI_0044,ROSARIO,ASESOR_2,AGRO,CH316,C,1637.74,1978.8,4
2026-07-15,2026-07-13,PED0002912,CLI_0035,CAPITAL,ASESOR_3,CONSTRUCCION,CH304,B,2496.99,3948.0,1
2026-07-14,2026-07-13,PED0002913,CLI_0037,MENDOZA,ASESOR_1,AUTOPARTES,CH430,B,1301.55,1725.1,6
2026-07-14,2026-07-13,PED0002913,CLI_0037,MENDOZA,ASESOR_1,AUTOPARTES,CH304,B,3073.31,2482.4,5
2026-07-14,2026-07-13,PED0002913,CLI_0037,MENDOZA,ASESOR_1,AUTOPARTES,PERFILES,B,2115.57,2034.5,6
2026-07-13,2026-07-13,PED0002914,CLI_0020,CAPITAL,ASESOR_2,AUTOPARTES,PERFILES,A,1927.16,1872.7,3
2026-07-14,2026-07-13,PED0002915,CLI_0019,CAPITAL,ASESOR_5,AUTOPARTES,CAÑOS Y TUBOS,A,1753.01,2321.7,1
2026-07-14,2026-07-13,PED0002915,CLI_0019,CAPITAL,ASESOR_5,AUTOPARTES,CH316,A,3793.03,3302.2,1
2026-07-14,2026-07-13,PED0002916,CLI_0031,CAPITAL,ASESOR_4,METALMECANICA,BULONERIA,C,1526.44,2308.6,4
2026-07-13,2026-07-13,PED0002917,CLI_0036,CAPITAL,ASESOR_1,CONSTRUCCION,CAÑOS Y TUBOS,B,1874.37,2339.3,6
2026-07-14,2026-07-13,PED0002918,CLI_0014,MENDOZA,ASESOR_6,AUTOPARTES,CH430,C,1035.24,1157.0,3
2026-07-14,2026-07-13,PED0002919,CLI_0036,ROSARIO,ASESOR_4,METALMECANICA,PERFILES,B,2997.79,1925.1,6
2026-07-15,2026-07-13,PED0002920,CLI_0038,CORDOBA,ASESOR_2,CONSTRUCCION,CH304,B,1421.4,2023.3,1
2026-07-15,2026-07-13,PED0002920,CLI_0038,CORDOBA,ASESOR_2,CONSTRUCCION,PERFILES,B,3111.82,2557.8,3
2026-07-14,2026-07-13,PED0002921,CLI_0022,CORDOBA,ASESOR_1,ENERGIA,CAÑOS Y TUBOS,B,1801.17,2084.4,2
2026-07-13,2026-07-13,PED0002922,CLI_0037,MENDOZA,ASESOR_5,AGRO,PERFILES,B,2170.44,2865.7,4
2026-07-13,2026-07-13,PED0002922,CLI_0037,MENDOZA,ASESOR_5,AGRO,CH316,B,1279.82,1325.0,1
2026-07-13,2026-07-13,PED0002923,CLI_0028,CORDOBA,ASESOR_5,AUTOPARTES,CH316,B,1051.52,1223.6,5
2026-07-13,2026-07-13,PED0002924,CLI_0029,MENDOZA,ASESOR_2,AUTOPARTES,PERFILES,B,1417.66,1543.6,1
2026-07-13,2026-07-13,PED0002924,CLI_0029,MENDOZA,ASESOR_2,AUTOPARTES,CH316,B,1625.52,1382.6,2
2026-07-17,2026-07-13,PED0002925,CLI_0043,CORDOBA,ASESOR_1,METALMECANICA,PERFILES,C,3013.77,3288.3,2
2026-07-16,2026-07-13,PED0002926,CLI_0030,CORDOBA,ASESOR_1,METALMECANICA,CH430,B,1497.43,2059.3,4
2026-07-16,2026-07-13,PED0002926,CLI_0030,CORDOBA,ASESOR_1,METALMECANICA,CAÑOS Y TUBOS,B,1148.6,1279.9,5
2026-07-17,2026-07-13,PED0002927,CLI_0025,CORDOBA,ASESOR_4,ENERGIA,CH316,B,1153.8,1005.7,3
2026-07-17,2026-07-13,PED0002928,CLI_0007,CAPITAL,ASESOR_4,ENERGIA,CH316,A,3949.92,4806.9,5
2026-07-17,2026-07-13,PED0002928,CLI_0007,CAPITAL,ASESOR_4,ENERGIA,PERFILES,A,1270.26,1142.5,3
2026-07-16,2026-07-13,PED0002929,CLI_0035,CORDOBA,ASESOR_6,METALMECANICA,CH304,B,1465.38,1568.9,3
2026-07-17,2026-07-13,PED0002930,CLI_0038,MENDOZA,ASESOR_6,CONSTRUCCION,CH304,A,2700.54,2822.4,1
2026-07-14,2026-07-13,PED0002931,CLI_0040,MENDOZA,ASESOR_4,CONSTRUCCION,CH430,A,1506.3,1573.0,5
2026-07-14,2026-07-13,PED0002931,CLI_0040,MENDOZA,ASESOR_4,CONSTRUCCION,BULONERIA,A,2576.95,2969.5,6
2026-07-17,2026-07-13,PED0002932,CLI_0027,ROSARIO,ASESOR_3,AUTOPARTES,BULONERIA,C,1284.3,1566.0,5
2026-07-17,2026-07-13,PED0002932,CLI_0027,ROSARIO,ASESOR_3,AUTOPARTES,PERFILES,C,2854.54,2090.3,6
2026-07-17,2026-07-13,PED0002932,CLI_0027,ROSARIO,ASESOR_3,AUTOPARTES,CH316,C,1435.46,1348.9,4
2026-07-14,2026-07-13,PED0002933,CLI_0004,ROSARIO,ASESOR_5,ENERGIA,CH430,C,1454.18,1892.8,2
2026-07-14,2026-07-13,PED0002933,CLI_0004,ROSARIO,ASESOR_5,ENERGIA,CAÑOS Y TUBOS,C,2640.03,2650.5,5
2026-07-14,2026-07-13,PED0002934,CLI_0006,ROSARIO,ASESOR_5,ENERGIA,PERFILES,B,3275.99,2496.9,3
2026-07-14,2026-07-13,PED0002934,CLI_0006,ROSARIO,ASESOR_5,ENERGIA,CH430,B,1074.07,1441.3,2
2026-07-14,2026-07-13,PED0002935,CLI_0034,ROSARIO,ASESOR_3,METALMECANICA,PERFILES,C,2968.44,2731.6,6
2026-07-14,2026-07-13,PED0002935,CLI_0034,ROSARIO,ASESOR_3,METALMECANICA,CH304,C,1085.43,1012.5,2
2026-07-14,2026-07-13,PED0002936,CLI_0017,MENDOZA,ASESOR_2,AGRO,CH304,C,2155.78,1904.6,4
2026-07-14,2026-07-13,PED0002936,CLI_0017,MENDOZA,ASESOR_2,AGRO,CAÑOS Y TUBOS,C,1254.73,1275.0,1
2026-07-14,2026-07-13,PED0002936,CLI_0017,MENDOZA,ASESOR_2,AGRO,CH316,C,1167.25,1579.2,2
2026-07-15,2026-07-13,PED0002937,CLI_0031,CAPITAL,ASESOR_3,METALMECANICA,CAÑOS Y TUBOS,C,1612.5,1511.0,5
2026-07-13,2026-07-13,PED0002938,CLI_0041,MENDOZA,ASESOR_2,AUTOPARTES,CH430,A,1142.51,1644.5,1
2026-07-13,2026-07-13,PED0002939,CLI_0006,CORDOBA,ASESOR_2,AGRO,CAÑOS Y TUBOS,C,1364.01,2061.7,3
2026-07-14,2026-07-13,PED0002940,CLI_0015,CORDOBA,ASESOR_5,AGRO,CH304,B,1428.13,1484.4,6
2026-07-14,2026-07-13,PED0002940,CLI_0015,CORDOBA,ASESOR_5,AGRO,PERFILES,B,3260.65,3596.0,5
2026-07-13,2026-07-13,PED0002941,CLI_0034,CAPITAL,ASESOR_3,CONSTRUCCION,CAÑOS Y TUBOS,A,706.11,757.7,3
2026-07-13,2026-07-13,PED0002941,CLI_0034,CAPITAL,ASESOR_3,CONSTRUCCION,CH430,A,804.72,1021.4,5
2026-07-13,2026-07-13,PED0002941,CLI_0034,CAPITAL,ASESOR_3,CONSTRUCCION,BULONERIA,A,2216.72,2081.1,4
2026-07-16,2026-07-13,PED0002942,CLI_0035,ROSARIO,ASESOR_3,AUTOPARTES,BULONERIA,C,1308.19,1170.3,2
2026-07-15,2026-07-13,PED0002943,CLI_0004,CAPITAL,ASESOR_1,METALMECANICA,BULONERIA,B,1402.01,1715.0,3
2026-07-13,2026-07-13,PED0002944,CLI_0017,MENDOZA,ASESOR_5,AUTOPARTES,CAÑOS Y TUBOS,C,1712.6,2134.2,3
2026-07-17,2026-07-13,PED0002945,CLI_0012,CORDOBA,ASESOR_6,AUTOPARTES,CH430,C,1238.88,1288.3,2
2026-07-14,2026-07-13,PED0002946,CLI_0020,MENDOZA,ASESOR_5,METALMECANICA,BULONERIA,C,2627.9,3430.8,1
2026-07-14,2026-07-13,PED0002946,CLI_0020,MENDOZA,ASESOR_5,METALMECANICA,CH304,C,2667.2,3705.0,5
2026-07-14,2026-07-13,PED0002947,CLI_0023,MENDOZA,ASESOR_1,CONSTRUCCION,CH430,B,982.3,1424.0,1
2026-07-14,2026-07-13,PED0002947,CLI_0023,MENDOZA,ASESOR_1,CONSTRUCCION,PERFILES,B,1755.41,2094.0,6
2026-07-15,2026-07-13,PED0002948,CLI_0007,CAPITAL,ASESOR_4,AGRO,CH430,A,936.59,826.0,2
2026-07-13,2026-07-13,PED0002949,CLI_0015,CORDOBA,ASESOR_1,AUTOPARTES,CH304,C,1694.07,2387.3,2
2026-07-16,2026-07-13,PED0002950,CLI_0028,MENDOZA,ASESOR_2,ENERGIA,PERFILES,C,1859.75,1655.7,2
2026-07-16,2026-07-13,PED0002950,CLI_0028,MENDOZA,ASESOR_2,ENERGIA,CH316,C,1126.38,1253.5,1
2026-07-15,2026-07-13,PED0002951,CLI_0019,CORDOBA,ASESOR_6,ENERGIA,CAÑOS Y TUBOS,B,1570.85,2215.4,5
2026-07-13,2026-07-13,PED0002952,CLI_0003,MENDOZA,ASESOR_5,AGRO,CH430,A,1433.28,1303.0,4
2026-07-14,2026-07-13,PED0002953,CLI_0010,CAPITAL,ASESOR_6,METALMECANICA,PERFILES,B,1965.31,1678.7,3
2026-07-17,2026-07-13,PED0002954,CLI_0006,CORDOBA,ASESOR_2,ENERGIA,PERFILES,C,2813.13,2978.9,4
2026-07-17,2026-07-13,PED0002954,CLI_0006,CORDOBA,ASESOR_2,ENERGIA,CH430,C,1429.49,1387.6,4
2026-07-16,2026-07-13,PED0002955,CLI_0037,ROSARIO,ASESOR_5,AUTOPARTES,CAÑOS Y TUBOS,A,2592.09,3319.6,5
2026-07-15,2026-07-13,PED0002956,CLI_0043,ROSARIO,ASESOR_4,METALMECANICA,CH304,B,1038.21,1012.0,3
2026-07-15,2026-07-13,PED0002956,CLI_0043,ROSARIO,ASESOR_4,METALMECANICA,BULONERIA,B,1409.21,1731.1,3
2026-07-15,2026-07-13,PED0002957,CLI_0037,CAPITAL,ASESOR_3,AUTOPARTES,CAÑOS Y TUBOS,C,1912.96,2704.9,6
2026-07-15,2026-07-13,PED0002957,CLI_0037,CAPITAL,ASESOR_3,AUTOPARTES,CH304,C,2955.44,3860.3,4
2026-07-15,2026-07-13,PED0002957,CLI_0037,CAPITAL,ASESOR_3,AUTOPARTES,CH316,C,3063.53,2487.8,5
2026-07-16,2026-07-13,PED0002958,CLI_0037,MENDOZA,ASESOR_2,AGRO,CAÑOS Y TUBOS,B,1352.64,1170.7,2
2026-07-16,2026-07-13,PED0002959,CLI_0030,CAPITAL,ASESOR_1,CONSTRUCCION,CH316,B,2990.59,4398.5,3
2026-07-15,2026-07-13,PED0002960,CLI_0015,CAPITAL,ASESOR_5,CONSTRUCCION,CH430,C,702.4,758.1,5
2026-07-14,2026-07-13,PED0002961,CLI_0041,ROSARIO,ASESOR_3,METALMECANICA,BULONERIA,B,1245.44,1447.9,6
2026-07-14,2026-07-13,PED0002961,CLI_0041,ROSARIO,ASESOR_3,METALMECANICA,CH316,B,1753.22,1866.6,4
2026-07-16,2026-07-13,PED0002962,CLI_0019,MENDOZA,ASESOR_6,AGRO,CAÑOS Y TUBOS,C,1649.4,2309.1,3
2026-07-16,2026-07-13,PED0002962,CLI_0019,MENDOZA,ASESOR_6,AGRO,CH430,C,966.12,904.7,3
2026-07-16,2026-07-13,PED0002962,CLI_0019,MENDOZA,ASESOR_6,AGRO,PERFILES,C,2120.02,2958.7,3
2026-07-13,2026-07-13,PED0002963,CLI_0020,MENDOZA,ASESOR_4,ENERGIA,CH430,C,1441.84,2136.1,5
2026-07-13,2026-07-13,PED0002963,CLI_0020,MENDOZA,ASESOR_4,ENERGIA,CH316,C,1625.59,2481.0,5
2026-07-14,2026-07-13,PED0002964,CLI_0031,CORDOBA,ASESOR_5,METALMECANICA,CAÑOS Y TUBOS,B,1301.18,1950.1,5
2026-07-14,2026-07-13,PED0002964,CLI_0031,CORDOBA,ASESOR_5,METALMECANICA,BULONERIA,B,2308.11,2109.1,2
2026-07-17,2026-07-13,PED0002965,CLI_0038,CORDOBA,ASESOR_3,CONSTRUCCION,CH304,B,1295.27,1776.6,2
2026-07-16,2026-07-13,PED0002966,CLI_0042,CORDOBA,ASESOR_2,METALMECANICA,CH316,C,849.72,1354.9,6
2026-07-16,2026-07-13,PED0002966,CLI_0042,CORDOBA,ASESOR_2,METALMECANICA,PERFILES,C,3509.78,5252.7,4
2026-07-16,2026-07-13,PED0002966,CLI_0042,CORDOBA,ASESOR_2,METALMECANICA,CH430,C,1434.63,1530.7,5
2026-07-14,2026-07-13,PED0002967,CLI_0044,CORDOBA,ASESOR_4,CONSTRUCCION,CH304,B,1413.82,1290.2,4
2026-07-13,2026-07-13,PED0002968,CLI_0037,ROSARIO,ASESOR_2,AGRO,CAÑOS Y TUBOS,C,2430.69,2311.8,2
2026-07-14,2026-07-13,PED0002969,CLI_0032,ROSARIO,ASESOR_6,METALMECANICA,CH304,C,890.14,1391.8,1
2026-07-14,2026-07-13,PED0002969,CLI_0032,ROSARIO,ASESOR_6,METALMECANICA,CH430,C,1204.43,1738.7,4
2026-07-13,2026-07-13,PED0002970,CLI_0037,CAPITAL,ASESOR_2,AUTOPARTES,CH430,C,806.34,701.1,6
2026-07-13,2026-07-13,PED0002971,CLI_0043,CORDOBA,ASESOR_2,METALMECANICA,BULONERIA,C,2323.27,3564.9,1
2026-07-13,2026-07-13,PED0002971,CLI_0043,CORDOBA,ASESOR_2,METALMECANICA,CH304,C,1210.93,1850.9,5
2026-07-13,2026-07-13,PED0002972,CLI_0035,CAPITAL,ASESOR_6,AUTOPARTES,CAÑOS Y TUBOS,C,2095.82,2889.2,4
2026-07-13,2026-07-13,PED0002972,CLI_0035,CAPITAL,ASESOR_6,AUTOPARTES,BULONERIA,C,1778.82,2074.4,4
2026-07-16,2026-07-13,PED0002973,CLI_0007,MENDOZA,ASESOR_2,METALMECANICA,CH430,B,1102.66,1426.8,1
2026-07-15,2026-07-13,PED0002974,CLI_0026,ROSARIO,ASESOR_3,ENERGIA,BULONERIA,A,1404.25,1244.6,1
2026-07-15,2026-07-13,PED0002975,CLI_0005,ROSARIO,ASESOR_4,ENERGIA,CH304,B,1131.75,1567.8,2
2026-07-14,2026-07-13,PED0002976,CLI_0033,ROSARIO,ASESOR_6,AUTOPARTES,BULONERIA,A,1569.51,1646.5,6
2026-07-16,2026-07-13,PED0002977,CLI_0040,CORDOBA,ASESOR_3,CONSTRUCCION,CAÑOS Y TUBOS,B,1215.03,1745.4,1
2026-07-13,2026-07-13,PED0002978,CLI_0019,MENDOZA,ASESOR_4,AGRO,CH430,C,1419.07,1677.4,2
2026-07-13,2026-07-13,PED0002978,CLI_0019,MENDOZA,ASESOR_4,AGRO,BULONERIA,C,1744.79,2702.7,4
2026-07-14,2026-07-13,PED0002979,CLI_0016,CORDOBA,ASESOR_5,AUTOPARTES,PERFILES,C,2808.32,2369.2,5
2026-07-14,2026-07-13,PED0002980,CLI_0044,CORDOBA,ASESOR_1,METALMECANICA,BULONERIA,C,1672.37,1644.1,3
2026-07-15,2026-07-13,PED0002981,CLI_0031,ROSARIO,ASESOR_4,METALMECANICA,PERFILES,C,2551.16,3003.0,5
2026-07-17,2026-07-13,PED0002982,CLI_0035,CAPITAL,ASESOR_5,ENERGIA,CH304,C,2915.63,4024.1,5
2026-07-15,2026-07-13,PED0002983,CLI_0013,CAPITAL,ASESOR_6,ENERGIA,CAÑOS Y TUBOS,B,1549.01,2261.1,1
2026-07-15,2026-07-13,PED0002983,CLI_0013,CAPITAL,ASESOR_6,ENERGIA,CH430,B,688.58,590.8,3
2026-07-15,2026-07-13,PED0002983,CLI_0013,CAPITAL,ASESOR_6,ENERGIA,PERFILES,B,1357.61,2034.3,6
2026-07-16,2026-07-13,PED0002984,CLI_0031,MENDOZA,ASESOR_4,ENERGIA,CH304,B,3133.0,4008.0,3
2026-07-16,2026-07-13,PED0002984,CLI_0031,MENDOZA,ASESOR_4,ENERGIA,PERFILES,B,1968.98,1772.0,6
2026-07-16,2026-07-13,PED0002984,CLI_0031,MENDOZA,ASESOR_4,ENERGIA,CAÑOS Y TUBOS,B,1333.83,1548.8,1
2026-07-13,2026-07-13,PED0002985,CLI_0022,ROSARIO,ASESOR_4,METALMECANICA,PERFILES,A,2251.62,2256.5,6
2026-07-13,2026-07-13,PED0002985,CLI_0022,ROSARIO,ASESOR_4,METALMECANICA,CH304,A,875.87,1039.5,6
2026-07-13,2026-07-13,PED0002986,CLI_0009,CAPITAL,ASESOR_6,METALMECANICA,CH304,B,2472.51,3290.7,1
2026-07-13,2026-07-13,PED0002986,CLI_0009,CAPITAL,ASESOR_6,METALMECANICA,CAÑOS Y TUBOS,B,2116.23,2687.5,2
2026-07-14,2026-07-13,PED0002987,CLI_0006,CAPITAL,ASESOR_4,AGRO,CH430,B,966.42,1327.9,6
2026-07-17,2026-07-13,PED0002988,CLI_0008,ROSARIO,ASESOR_2,ENERGIA,CH304,C,1366.24,1836.3,4
2026-07-16,2026-07-13,PED0002989,CLI_0013,MENDOZA,ASESOR_5,ENERGIA,CH430,A,1143.13,1294.8,4
2026-07-13,2026-07-13,PED0002990,CLI_0031,CAPITAL,ASESOR_4,METALMECANICA,CAÑOS Y TUBOS,C,1778.51,2002.4,1
2026-07-13,2026-07-13,PED0002990,CLI_0031,CAPITAL,ASESOR_4,METALMECANICA,CH316,C,2930.04,4412.9,3
2026-07-14,2026-07-13,PED0002991,CLI_0025,CAPITAL,ASESOR_6,METALMECANICA,CH430,A,861.9,819.1,2
2026-07-16,2026-07-13,PED0002992,CLI_0043,CORDOBA,ASESOR_3,CONSTRUCCION,CH304,B,1144.95,1785.0,6
2026-07-16,2026-07-13,PED0002992,CLI_0043,CORDOBA,ASESOR_3,CONSTRUCCION,PERFILES,B,3175.47,4835.7,4
2026-07-15,2026-07-13,PED0002993,CLI_0045,CORDOBA,ASESOR_5,METALMECANICA,PERFILES,C,3239.64,3906.9,5
2026-07-14,2026-07-13,PED0002994,CLI_0040,MENDOZA,ASESOR_6,AUTOPARTES,CH316,A,1440.14,1210.8,6
2026-07-14,2026-07-13,PED0002995,CLI_0003,ROSARIO,ASESOR_4,ENERGIA,PERFILES,C,2778.86,1866.0,1
2026-07-14,2026-07-13,PED0002995,CLI_0003,ROSARIO,ASESOR_4,ENERGIA,CH304,C,1356.14,1230.4,3
2026-07-14,2026-07-13,PED0002996,CLI_0044,MENDOZA,ASESOR_5,CONSTRUCCION,PERFILES,A,1516.16,2421.2,6
2026-07-14,2026-07-13,PED0002996,CLI_0044,MENDOZA,ASESOR_5,CONSTRUCCION,CH304,A,2101.02,2561.8,6
2026-07-14,2026-07-13,PED0002996,CLI_0044,MENDOZA,ASESOR_5,CONSTRUCCION,CAÑOS Y TUBOS,A,1366.89,1981.8,1
2026-07-14,2026-07-13,PED0002997,CLI_0040,MENDOZA,ASESOR_2,AUTOPARTES,CAÑOS Y TUBOS,A,1263.36,1755.5,4
2026-07-14,2026-07-13,PED0002998,CLI_0020,MENDOZA,ASESOR_3,METALMECANICA,PERFILES,C,2000.19,1603.1,3
2026-07-14,2026-07-13,PED0002998,CLI_0020,MENDOZA,ASESOR_3,METALMECANICA,CH430,C,1458.86,2145.2,6
2026-07-14,2026-07-13,PED0002999,CLI_0009,CAPITAL,ASESOR_2,AUTOPARTES,CH430,B,753.35,870.6,6
2026-07-14,2026-07-13,PED0002999,CLI_0009,CAPITAL,ASESOR_2,AUTOPARTES,PERFILES,B,2021.9,1952.4,3
2026-07-13,2026-07-13,PED0003000,CLI_0033,ROSARIO,ASESOR_6,AUTOPARTES,PERFILES,C,3167.14,2160.7,2
2026-07-17,2026-07-13,PED0003001,CLI_0032,CAPITAL,ASESOR_6,METALMECANICA,CAÑOS Y TUBOS,C,2035.96,2544.4,2
2026-07-17,2026-07-13,PED0003001,CLI_0032,CAPITAL,ASESOR_6,METALMECANICA,CH316,C,3847.8,6057.3,1
2026-07-16,2026-07-13,PED0003002,CLI_0010,CAPITAL,ASESOR_1,AUTOPARTES,PERFILES,B,1243.91,1929.8,6
2026-07-17,2026-07-13,PED0003003,CLI_0006,MENDOZA,ASESOR_4,METALMECANICA,CH316,B,1449.14,1912.9,2
2026-07-13,2026-07-13,PED0003004,CLI_0032,MENDOZA,ASESOR_3,ENERGIA,BULONERIA,B,2161.59,1814.4,2
2026-07-15,2026-07-13,PED0003005,CLI_0031,CORDOBA,ASESOR_1,AUTOPARTES,CH316,B,1169.72,1081.1,3
2026-07-15,2026-07-13,PED0003005,CLI_0031,CORDOBA,ASESOR_1,AUTOPARTES,CH304,B,1574.47,1418.5,6
2026-07-17,2026-07-13,PED0003006,CLI_0031,MENDOZA,ASESOR_6,AGRO,CH304,B,2153.0,2416.2,4
2026-07-17,2026-07-13,PED0003006,CLI_0031,MENDOZA,ASESOR_6,AGRO,CH316,B,1484.03,1728.7,1
2026-07-17,2026-07-13,PED0003007,CLI_0040,ROSARIO,ASESOR_6,METALMECANICA,PERFILES,B,3041.54,2704.5,2
2026-07-13,2026-07-13,PED0003008,CLI_0001,ROSARIO,ASESOR_5,ENERGIA,CH430,C,1268.96,1463.6,4
2026-07-16,2026-07-13,PED0003009,CLI_0039,CORDOBA,ASESOR_5,CONSTRUCCION,CAÑOS Y TUBOS,B,1214.33,1847.9,2
2026-07-16,2026-07-13,PED0003009,CLI_0039,CORDOBA,ASESOR_5,CONSTRUCCION,BULONERIA,B,2681.33,3653.3,4
2026-07-16,2026-07-13,PED0003009,CLI_0039,CORDOBA,ASESOR_5,CONSTRUCCION,CH430,B,1046.34,1312.1,3
2026-07-14,2026-07-13,PED0003010,CLI_0001,CORDOBA,ASESOR_6,ENERGIA,PERFILES,C,2990.58,3101.8,6
2026-07-14,2026-07-13,PED0003010,CLI_0001,CORDOBA,ASESOR_6,ENERGIA,CH430,C,1530.27,2221.2,6
2026-07-16,2026-07-13,PED0003011,CLI_0043,CORDOBA,ASESOR_4,METALMECANICA,CH316,C,1309.65,1609.4,4
2026-07-22,2026-07-20,PED0003012,CLI_0032,CORDOBA,ASESOR_1,CONSTRUCCION,BULONERIA,C,2447.97,2968.1,2
2026-07-22,2026-07-20,PED0003012,CLI_0032,CORDOBA,ASESOR_1,CONSTRUCCION,CAÑOS Y TUBOS,C,1813.78,2269.9,6
2026-07-20,2026-07-20,PED0003013,CLI_0028,CORDOBA,ASESOR_5,AUTOPARTES,CH430,B,1076.08,1256.6,4
2026-07-20,2026-07-20,PED0003013,CLI_0028,CORDOBA,ASESOR_5,AUTOPARTES,CH304,B,1323.65,1654.0,3
2026-07-24,2026-07-20,PED0003014,CLI_0013,ROSARIO,ASESOR_4,CONSTRUCCION,CAÑOS Y TUBOS,C,1962.97,2620.9,1
2026-07-20,2026-07-20,PED0003015,CLI_0035,ROSARIO,ASESOR_6,AUTOPARTES,CH316,C,1359.44,1606.0,2
2026-07-20,2026-07-20,PED0003015,CLI_0035,ROSARIO,ASESOR_6,AUTOPARTES,CH304,C,1079.27,1678.7,2
2026-07-20,2026-07-20,PED0003015,CLI_0035,ROSARIO,ASESOR_6,AUTOPARTES,CAÑOS Y TUBOS,C,2576.24,2521.7,3
2026-07-23,2026-07-20,PED0003016,CLI_0003,ROSARIO,ASESOR_4,AGRO,PERFILES,B,2671.22,2626.7,3
2026-07-23,2026-07-20,PED0003016,CLI_0003,ROSARIO,ASESOR_4,AGRO,CH304,B,1105.66,1138.4,2
2026-07-23,2026-07-20,PED0003017,CLI_0040,MENDOZA,ASESOR_4,METALMECANICA,CH316,A,1259.16,1402.7,6
2026-07-23,2026-07-20,PED0003017,CLI_0040,MENDOZA,ASESOR_4,METALMECANICA,PERFILES,A,1823.33,2319.8,6
2026-07-23,2026-07-20,PED0003018,CLI_0045,CORDOBA,ASESOR_3,METALMECANICA,CH316,C,1221.11,1482.4,5
2026-07-23,2026-07-20,PED0003018,CLI_0045,CORDOBA,ASESOR_3,METALMECANICA,CH304,C,1355.91,1219.8,2
2026-07-23,2026-07-20,PED0003019,CLI_0005,CORDOBA,ASESOR_2,CONSTRUCCION,CAÑOS Y TUBOS,A,1346.74,2138.0,5
2026-07-23,2026-07-20,PED0003019,CLI_0005,CORDOBA,ASESOR_2,CONSTRUCCION,CH316,A,1296.67,1749.4,5
2026-07-22,2026-07-20,PED0003020,CLI_0039,CORDOBA,ASESOR_5,CONSTRUCCION,CH430,B,1371.51,1609.4,6
2026-07-20,2026-07-20,PED0003021,CLI_0033,CAPITAL,ASESOR_1,CONSTRUCCION,PERFILES,A,1631.26,1722.9,4
2026-07-22,2026-07-20,PED0003022,CLI_0021,MENDOZA,ASESOR_6,AUTOPARTES,CAÑOS Y TUBOS,C,1668.52,1644.5,5
2026-07-20,2026-07-20,PED0003023,CLI_0010,CAPITAL,ASESOR_5,ENERGIA,CH430,B,845.08,721.8,2
2026-07-20,2026-07-20,PED0003023,CLI_0010,CAPITAL,ASESOR_5,ENERGIA,PERFILES,B,1336.13,1283.9,1
2026-07-22,2026-07-20,PED0003024,CLI_0020,CORDOBA,ASESOR_3,AUTOPARTES,BULONERIA,C,2026.65,1731.2,1
2026-07-22,2026-07-20,PED0003024,CLI_0020,CORDOBA,ASESOR_3,AUTOPARTES,CH316,C,1335.6,1691.3,1
2026-07-24,2026-07-20,PED0003025,CLI_0000,ROSARIO,ASESOR_3,ENERGIA,BULONERIA,B,1312.92,1116.6,2
2026-07-21,2026-07-20,PED0003026,CLI_0037,CORDOBA,ASESOR_5,METALMECANICA,CH316,C,1114.31,1524.1,6
2026-07-21,2026-07-20,PED0003026,CLI_0037,CORDOBA,ASESOR_5,METALMECANICA,BULONERIA,C,2092.38,2457.7,4
2026-07-24,2026-07-20,PED0003027,CLI_0035,CAPITAL,ASESOR_6,METALMECANICA,CH304,C,2347.09,2276.6,5
2026-07-24,2026-07-20,PED0003027,CLI_0035,CAPITAL,ASESOR_6,METALMECANICA,CH316,C,3688.11,4338.3,2
2026-07-24,2026-07-20,PED0003027,CLI_0035,CAPITAL,ASESOR_6,METALMECANICA,CH430,C,915.19,942.1,6
2026-07-23,2026-07-20,PED0003028,CLI_0024,ROSARIO,ASESOR_1,ENERGIA,BULONERIA,A,1425.94,1898.8,6
2026-07-21,2026-07-20,PED0003029,CLI_0044,MENDOZA,ASESOR_6,CONSTRUCCION,CH304,A,2731.11,2945.8,3
2026-07-20,2026-07-20,PED0003030,CLI_0009,CAPITAL,ASESOR_5,AGRO,CAÑOS Y TUBOS,A,1892.81,1599.8,4
2026-07-24,2026-07-20,PED0003031,CLI_0002,MENDOZA,ASESOR_4,METALMECANICA,CH316,B,1714.44,1452.6,2
2026-07-24,2026-07-20,PED0003031,CLI_0002,MENDOZA,ASESOR_4,METALMECANICA,CH304,B,2812.47,4460.7,4
2026-07-24,2026-07-20,PED0003032,CLI_0040,CORDOBA,ASESOR_4,AGRO,CH316,A,1180.24,956.4,4
2026-07-24,2026-07-20,PED0003032,CLI_0040,CORDOBA,ASESOR_4,AGRO,BULONERIA,A,1649.88,1897.9,5
2026-07-22,2026-07-20,PED0003033,CLI_0022,MENDOZA,ASESOR_1,ENERGIA,CAÑOS Y TUBOS,C,1390.66,1492.6,4
2026-07-22,2026-07-20,PED0003033,CLI_0022,MENDOZA,ASESOR_1,ENERGIA,CH316,C,1129.31,1737.7,3
2026-07-22,2026-07-20,PED0003034,CLI_0015,MENDOZA,ASESOR_4,AGRO,CAÑOS Y TUBOS,C,1374.66,1295.2,4
2026-07-21,2026-07-20,PED0003035,CLI_0022,CORDOBA,ASESOR_3,ENERGIA,BULONERIA,B,2261.09,1896.7,1
2026-07-21,2026-07-20,PED0003035,CLI_0022,CORDOBA,ASESOR_3,ENERGIA,PERFILES,B,3329.78,3636.9,1
2026-07-21,2026-07-20,PED0003036,CLI_0016,CAPITAL,ASESOR_1,AGRO,PERFILES,C,1280.12,1495.1,3
2026-07-21,2026-07-20,PED0003036,CLI_0016,CAPITAL,ASESOR_1,AGRO,CH430,C,1006.21,1203.0,1
2026-07-20,2026-07-20,PED0003037,CLI_0045,CORDOBA,ASESOR_1,METALMECANICA,PERFILES,C,3582.95,5329.9,2
2026-07-20,2026-07-20,PED0003037,CLI_0045,CORDOBA,ASESOR_1,METALMECANICA,CH316,C,952.59,1008.7,1
2026-07-20,2026-07-20,PED0003037,CLI_0045,CORDOBA,ASESOR_1,METALMECANICA,BULONERIA,C,1829.29,2173.0,5
2026-07-22,2026-07-20,PED0003038,CLI_0018,MENDOZA,ASESOR_1,AUTOPARTES,BULONERIA,C,1889.9,1824.2,5
2026-07-21,2026-07-20,PED0003039,CLI_0041,ROSARIO,ASESOR_2,AGRO,CH430,C,1186.86,1271.4,3
2026-07-23,2026-07-20,PED0003040,CLI_0039,CORDOBA,ASESOR_6,METALMECANICA,PERFILES,C,2167.11,2843.0,2
2026-07-20,2026-07-20,PED0003041,CLI_0034,CORDOBA,ASESOR_6,AUTOPARTES,BULONERIA,B,2478.6,3401.1,6
2026-07-20,2026-07-20,PED0003041,CLI_0034,CORDOBA,ASESOR_6,AUTOPARTES,CAÑOS Y TUBOS,B,1491.34,1947.0,5
2026-07-21,2026-07-20,PED0003042,CLI_0032,MENDOZA,ASESOR_6,AGRO,CH304,B,3025.57,3254.4,3
2026-07-21,2026-07-20,PED0003042,CLI_0032,MENDOZA,ASESOR_6,AGRO,CH316,B,1422.04,1999.3,6
2026-07-20,2026-07-20,PED0003043,CLI_0024,ROSARIO,ASESOR_4,ENERGIA,CH316,A,1594.54,2489.3,1
2026-07-20,2026-07-20,PED0003043,CLI_0024,ROSARIO,ASESOR_4,ENERGIA,BULONERIA,A,1435.84,1967.4,2
2026-07-23,2026-07-20,PED0003044,CLI_0001,ROSARIO,ASESOR_2,ENERGIA,CH316,C,1566.79,1567.7,6
2026-07-22,2026-07-20,PED0003045,CLI_0006,CAPITAL,ASESOR_5,AGRO,PERFILES,B,1717.8,1811.7,5
2026-07-21,2026-07-20,PED0003046,CLI_0036,ROSARIO,ASESOR_1,AGRO,CH316,C,1095.57,1669.3,2
2026-07-24,2026-07-20,PED0003047,CLI_0021,ROSARIO,ASESOR_4,METALMECANICA,CAÑOS Y TUBOS,A,2495.49,3503.7,4
2026-07-24,2026-07-20,PED0003048,CLI_0046,CORDOBA,ASESOR_4,CONSTRUCCION,BULONERIA,B,1736.49,1594.5,6
2026-07-24,2026-07-20,PED0003048,CLI_0046,CORDOBA,ASESOR_4,CONSTRUCCION,CH316,B,1242.07,1053.0,4
2026-07-23,2026-07-20,PED0003049,CLI_0034,ROSARIO,ASESOR_5,METALMECANICA,BULONERIA,C,1080.93,1243.7,1
2026-07-24,2026-07-20,PED0003050,CLI_0011,ROSARIO,ASESOR_2,CONSTRUCCION,PERFILES,C,3033.37,2967.9,3
2026-07-23,2026-07-20,PED0003051,CLI_0030,MENDOZA,ASESOR_4,AUTOPARTES,CH304,B,3257.42,3370.8,1
2026-07-24,2026-07-20,PED0003052,CLI_0036,CAPITAL,ASESOR_4,AUTOPARTES,CH316,C,3501.79,3936.6,5
2026-07-24,2026-07-20,PED0003052,CLI_0036,CAPITAL,ASESOR_4,AUTOPARTES,BULONERIA,C,1378.7,2013.3,3
2026-07-23,2026-07-20,PED0003053,CLI_0009,MENDOZA,ASESOR_3,ENERGIA,CH316,A,1699.03,2320.7,6
2026-07-23,2026-07-20,PED0003053,CLI_0009,MENDOZA,ASESOR_3,ENERGIA,CH430,A,940.69,1462.0,1
2026-07-23,2026-07-20,PED0003054,CLI_0009,CAPITAL,ASESOR_4,METALMECANICA,CH316,B,3220.44,3511.1,3
2026-07-22,2026-07-20,PED0003055,CLI_0012,CORDOBA,ASESOR_1,AGRO,CAÑOS Y TUBOS,C,1225.15,1857.4,3
2026-07-23,2026-07-20,PED0003056,CLI_0036,CAPITAL,ASESOR_1,CONSTRUCCION,CAÑOS Y TUBOS,B,1681.37,2535.5,6
2026-07-20,2026-07-20,PED0003057,CLI_0039,CAPITAL,ASESOR_6,CONSTRUCCION,PERFILES,A,1233.8,1089.6,3
2026-07-23,2026-07-20,PED0003058,CLI_0002,CORDOBA,ASESOR_2,ENERGIA,CH316,C,851.56,697.5,4
2026-07-23,2026-07-20,PED0003058,CLI_0002,CORDOBA,ASESOR_2,ENERGIA,CH430,C,1383.28,1710.5,3
2026-07-23,2026-07-20,PED0003058,CLI_0002,CORDOBA,ASESOR_2,ENERGIA,PERFILES,C,2615.46,3077.1,2
2026-07-22,2026-07-20,PED0003059,CLI_0038,ROSARIO,ASESOR_1,METALMECANICA,CH316,B,1630.59,2050.9,3
2026-07-23,2026-07-20,PED0003060,CLI_0004,CORDOBA,ASESOR_6,AGRO,CH304,C,1505.99,1223.2,4
2026-07-21,2026-07-20,PED0003061,CLI_0002,ROSARIO,ASESOR_5,ENERGIA,CH304,B,1188.04,1662.3,4
2026-07-21,2026-07-20,PED0003061,CLI_0002,ROSARIO,ASESOR_5,ENERGIA,CH430,B,1175.7,1029.2,5
2026-07-23,2026-07-20,PED0003062,CLI_0013,CORDOBA,ASESOR_2,AUTOPARTES,CH430,C,1349.73,1421.8,3
2026-07-23,2026-07-20,PED0003062,CLI_0013,CORDOBA,ASESOR_2,AUTOPARTES,CAÑOS Y TUBOS,C,1657.65,1413.6,5
2026-07-21,2026-07-20,PED0003063,CLI_0021,ROSARIO,ASESOR_3,ENERGIA,BULONERIA,A,1517.09,1301.3,6
2026-07-21,2026-07-20,PED0003064,CLI_0006,ROSARIO,ASESOR_1,ENERGIA,CAÑOS Y TUBOS,C,2847.53,3525.3,1
2026-07-20,2026-07-20,PED0003065,CLI_0005,ROSARIO,ASESOR_4,ENERGIA,CH304,B,1381.45,1255.3,6
2026-07-20,2026-07-20,PED0003065,CLI_0005,ROSARIO,ASESOR_4,ENERGIA,CAÑOS Y TUBOS,B,2901.65,2468.4,5
2026-07-20,2026-07-20,PED0003065,CLI_0005,ROSARIO,ASESOR_4,ENERGIA,CH316,B,1287.26,1085.6,6
2026-07-23,2026-07-20,PED0003066,CLI_0008,ROSARIO,ASESOR_3,CONSTRUCCION,CAÑOS Y TUBOS,C,2776.9,3972.8,2
2026-07-23,2026-07-20,PED0003067,CLI_0006,ROSARIO,ASESOR_5,AGRO,CH430,B,1039.98,1317.9,3
2026-07-23,2026-07-20,PED0003067,CLI_0006,ROSARIO,ASESOR_5,AGRO,BULONERIA,B,1045.56,1448.2,3
2026-07-23,2026-07-20,PED0003068,CLI_0042,CAPITAL,ASESOR_2,AUTOPARTES,CH304,C,3182.63,4214.7,2
2026-07-23,2026-07-20,PED0003068,CLI_0042,CAPITAL,ASESOR_2,AUTOPARTES,CH430,C,940.85,787.9,3
2026-07-24,2026-07-20,PED0003069,CLI_0017,CAPITAL,ASESOR_3,CONSTRUCCION,BULONERIA,C,1855.25,2725.4,1
2026-07-24,2026-07-20,PED0003069,CLI_0017,CAPITAL,ASESOR_3,CONSTRUCCION,CH304,C,3183.35,4867.5,4
2026-07-24,2026-07-20,PED0003069,CLI_0017,CAPITAL,ASESOR_3,CONSTRUCCION,CH430,C,894.7,790.8,5
2026-07-24,2026-07-20,PED0003070,CLI_0008,CAPITAL,ASESOR_4,AGRO,PERFILES,B,1781.95,2097.9,4
2026-07-24,2026-07-20,PED0003070,CLI_0008,CAPITAL,ASESOR_4,AGRO,CH304,B,3775.37,5600.0,1
2026-07-24,2026-07-20,PED0003071,CLI_0009,CAPITAL,ASESOR_2,AGRO,PERFILES,B,1487.43,2300.7,2
2026-07-24,2026-07-20,PED0003071,CLI_0009,CAPITAL,ASESOR_2,AGRO,CAÑOS Y TUBOS,B,1864.09,2655.6,5
2026-07-21,2026-07-20,PED0003072,CLI_0023,MENDOZA,ASESOR_4,METALMECANICA,CAÑOS Y TUBOS,C,1651.03,2334.5,4
2026-07-24,2026-07-20,PED0003073,CLI_0025,CORDOBA,ASESOR_1,AUTOPARTES,CAÑOS Y TUBOS,A,1495.43,1448.4,6
2026-07-20,2026-07-20,PED0003074,CLI_0031,ROSARIO,ASESOR_3,AUTOPARTES,PERFILES,C,2526.0,2043.3,4
2026-07-23,2026-07-20,PED0003075,CLI_0032,CAPITAL,ASESOR_2,METALMECANICA,CH430,C,863.43,890.8,5
2026-07-23,2026-07-20,PED0003075,CLI_0032,CAPITAL,ASESOR_2,METALMECANICA,CH316,C,3874.6,3772.4,6
2026-07-23,2026-07-20,PED0003075,CLI_0032,CAPITAL,ASESOR_2,METALMECANICA,CAÑOS Y TUBOS,C,1505.93,1441.2,4
2026-07-20,2026-07-20,PED0003076,CLI_0014,CAPITAL,ASESOR_4,AGRO,CH316,A,3162.09,4772.0,2
2026-07-21,2026-07-20,PED0003077,CLI_0037,ROSARIO,ASESOR_5,AUTOPARTES,CH316,A,1105.45,1462.3,3
2026-07-21,2026-07-20,PED0003077,CLI_0037,ROSARIO,ASESOR_5,AUTOPARTES,CAÑOS Y TUBOS,A,2025.85,2593.2,5
2026-07-20,2026-07-20,PED0003078,CLI_0014,MENDOZA,ASESOR_2,AGRO,PERFILES,C,2008.27,2392.0,6
2026-07-21,2026-07-20,PED0003079,CLI_0018,CORDOBA,ASESOR_4,AGRO,BULONERIA,B,2569.45,2131.5,5
2026-07-21,2026-07-20,PED0003079,CLI_0018,CORDOBA,ASESOR_4,AGRO,CAÑOS Y TUBOS,B,1818.72,1513.0,4
2026-07-23,2026-07-20,PED0003080,CLI_0015,MENDOZA,ASESOR_5,CONSTRUCCION,CH430,C,1499.28,1478.9,4
2026-07-23,2026-07-20,PED0003080,CLI_0015,MENDOZA,ASESOR_5,CONSTRUCCION,PERFILES,C,1386.06,2139.5,6
2026-07-23,2026-07-20,PED0003080,CLI_0015,MENDOZA,ASESOR_5,CONSTRUCCION,CAÑOS Y TUBOS,C,1259.27,1699.7,1
2026-07-24,2026-07-20,PED0003081,CLI_0018,CORDOBA,ASESOR_4,AUTOPARTES,BULONERIA,C,2641.75,3210.0,6
2026-07-24,2026-07-20,PED0003081,CLI_0018,CORDOBA,ASESOR_4,AUTOPARTES,PERFILES,C,2185.26,3164.9,6
2026-07-24,2026-07-20,PED0003081,CLI_0018,CORDOBA,ASESOR_4,AUTOPARTES,CH304,C,1528.62,2404.7,3
2026-07-23,2026-07-20,PED0003082,CLI_0014,MENDOZA,ASESOR_5,AGRO,CH316,C,1560.79,2249.9,6
2026-07-23,2026-07-20,PED0003082,CLI_0014,MENDOZA,ASESOR_5,AGRO,CH304,C,3073.19,4801.3,5
2026-07-23,2026-07-20,PED0003082,CLI_0014,MENDOZA,ASESOR_5,AGRO,CAÑOS Y TUBOS,C,1546.31,1716.0,5
2026-07-20,2026-07-20,PED0003083,CLI_0033,MENDOZA,ASESOR_2,AUTOPARTES,CH430,B,1249.31,1331.1,5
2026-07-22,2026-07-20,PED0003084,CLI_0016,MENDOZA,ASESOR_4,CONSTRUCCION,BULONERIA,C,2224.42,1898.2,2
2026-07-22,2026-07-20,PED0003084,CLI_0016,MENDOZA,ASESOR_4,CONSTRUCCION,CH316,C,1690.21,2145.7,1
2026-07-24,2026-07-20,PED0003085,CLI_0009,ROSARIO,ASESOR_4,ENERGIA,BULONERIA,C,1052.03,1327.6,6
2026-07-22,2026-07-20,PED0003086,CLI_0032,CAPITAL,ASESOR_5,METALMECANICA,BULONERIA,A,1644.43,2630.3,3
2026-07-22,2026-07-20,PED0003087,CLI_0037,CORDOBA,ASESOR_2,METALMECANICA,CAÑOS Y TUBOS,C,1262.92,1545.4,3
2026-07-23,2026-07-20,PED0003088,CLI_0018,MENDOZA,ASESOR_4,CONSTRUCCION,CH430,B,1255.08,1929.8,1
2026-07-23,2026-07-20,PED0003088,CLI_0018,MENDOZA,ASESOR_4,CONSTRUCCION,BULONERIA,B,1922.4,2007.6,1
2026-07-22,2026-07-20,PED0003089,CLI_0013,CAPITAL,ASESOR_6,AGRO,CH316,A,2765.86,4118.8,1
2026-07-23,2026-07-20,PED0003090,CLI_0003,CAPITAL,ASESOR_6,METALMECANICA,PERFILES,B,1348.69,1522.5,6
2026-07-23,2026-07-20,PED0003090,CLI_0003,CAPITAL,ASESOR_6,METALMECANICA,CAÑOS Y TUBOS,B,1564.97,2169.6,5
2026-07-22,2026-07-20,PED0003091,CLI_0035,CORDOBA,ASESOR_6,AGRO,PERFILES,A,3178.57,4006.8,6
2026-07-21,2026-07-20,PED0003092,CLI_0013,ROSARIO,ASESOR_3,CONSTRUCCION,CAÑOS Y TUBOS,C,2990.15,3457.5,3
2026-07-21,2026-07-20,PED0003092,CLI_0013,ROSARIO,ASESOR_3,CONSTRUCCION,CH430,C,1221.31,1793.7,5
2026-07-22,2026-07-20,PED0003093,CLI_0029,ROSARIO,ASESOR_6,METALMECANICA,PERFILES,C,3245.73,2198.2,6
2026-07-22,2026-07-20,PED0003094,CLI_0011,CAPITAL,ASESOR_4,METALMECANICA,CAÑOS Y TUBOS,B,1414.91,1850.9,4
2026-07-22,2026-07-20,PED0003095,CLI_0040,CORDOBA,ASESOR_2,CONSTRUCCION,CH304,B,1087.36,975.1,1
2026-07-22,2026-07-20,PED0003096,CLI_0023,MENDOZA,ASESOR_6,METALMECANICA,CH304,C,2683.88,4274.1,4
2026-07-20,2026-07-20,PED0003097,CLI_0005,MENDOZA,ASESOR_1,METALMECANICA,CH430,B,1028.89,1396.2,2
2026-07-20,2026-07-20,PED0003098,CLI_0009,CAPITAL,ASESOR_6,AGRO,BULONERIA,B,1697.41,1897.9,2
2026-07-21,2026-07-20,PED0003099,CLI_0018,MENDOZA,ASESOR_1,AUTOPARTES,CAÑOS Y TUBOS,C,1346.65,1410.2,4
2026-07-21,2026-07-20,PED0003099,CLI_0018,MENDOZA,ASESOR_1,AUTOPARTES,CH316,C,1279.9,1517.9,3
2026-07-21,2026-07-20,PED0003099,CLI_0018,MENDOZA,ASESOR_1,AUTOPARTES,CH304,C,2657.18,3882.0,4
2026-07-21,2026-07-20,PED0003100,CLI_0014,MENDOZA,ASESOR_5,AUTOPARTES,CH304,C,2618.73,3997.3,3
2026-07-21,2026-07-20,PED0003101,CLI_0029,CORDOBA,ASESOR_1,AUTOPARTES,BULONERIA,B,2316.04,3688.4,2
2026-07-23,2026-07-20,PED0003102,CLI_0034,CAPITAL,ASESOR_2,AUTOPARTES,CAÑOS Y TUBOS,C,1795.4,1900.2,6
2026-07-22,2026-07-20,PED0003103,CLI_0036,CAPITAL,ASESOR_3,AUTOPARTES,BULONERIA,C,1436.39,2140.1,5
2026-07-24,2026-07-20,PED0003104,CLI_0013,CORDOBA,ASESOR_2,AGRO,CH304,B,1441.26,1166.9,5
2026-07-24,2026-07-20,PED0003104,CLI_0013,CORDOBA,ASESOR_2,AGRO,CAÑOS Y TUBOS,B,1771.79,1757.3,5
2026-07-21,2026-07-20,PED0003105,CLI_0004,CAPITAL,ASESOR_3,METALMECANICA,CAÑOS Y TUBOS,B,2220.54,3121.6,6
2026-07-21,2026-07-20,PED0003106,CLI_0035,MENDOZA,ASESOR_3,AGRO,CH430,B,992.53,1143.8,6
2026-07-22,2026-07-20,PED0003107,CLI_0004,CORDOBA,ASESOR_6,AGRO,CH316,C,831.81,930.6,4
2026-07-22,2026-07-20,PED0003107,CLI_0004,CORDOBA,ASESOR_6,AGRO,PERFILES,C,3434.88,3481.4,1
2026-07-22,2026-07-20,PED0003107,CLI_0004,CORDOBA,ASESOR_6,AGRO,CH430,C,1058.17,1008.2,6
2026-07-24,2026-07-20,PED0003108,CLI_0019,MENDOZA,ASESOR_6,AUTOPARTES,CH316,C,1714.21,1709.4,4
2026-07-22,2026-07-20,PED0003109,CLI_0032,CAPITAL,ASESOR_1,METALMECANICA,CH304,C,3068.02,4323.1,5
2026-07-23,2026-07-20,PED0003110,CLI_0006,MENDOZA,ASESOR_6,AGRO,CH430,A,1053.06,1546.0,2
2026-07-23,2026-07-20,PED0003110,CLI_0006,MENDOZA,ASESOR_6,AGRO,PERFILES,A,1699.3,1628.5,3
2026-07-23,2026-07-20,PED0003110,CLI_0006,MENDOZA,ASESOR_6,AGRO,BULONERIA,A,2504.5,2673.3,6
2026-07-23,2026-07-20,PED0003111,CLI_0020,CAPITAL,ASESOR_6,CONSTRUCCION,CH304,C,3772.68,4276.3,1
2026-07-23,2026-07-20,PED0003111,CLI_0020,CAPITAL,ASESOR_6,CONSTRUCCION,CH316,C,3017.67,4063.6,1
2026-07-21,2026-07-20,PED0003112,CLI_0040,CORDOBA,ASESOR_2,METALMECANICA,CH316,C,1301.2,1846.4,1
2026-07-21,2026-07-20,PED0003112,CLI_0040,CORDOBA,ASESOR_2,METALMECANICA,CH430,C,1458.07,1761.4,1
2026-07-24,2026-07-20,PED0003113,CLI_0033,CAPITAL,ASESOR_3,ENERGIA,CH304,C,3185.33,3242.6,5
2026-07-24,2026-07-20,PED0003113,CLI_0033,CAPITAL,ASESOR_3,ENERGIA,PERFILES,C,1708.19,2688.6,3
2026-07-21,2026-07-20,PED0003114,CLI_0037,ROSARIO,ASESOR_4,AGRO,PERFILES,C,3259.06,3092.9,1
2026-07-21,2026-07-20,PED0003114,CLI_0037,ROSARIO,ASESOR_4,AGRO,CH304,C,1237.56,1506.1,1
2026-07-21,2026-07-20,PED0003114,CLI_0037,ROSARIO,ASESOR_4,AGRO,CAÑOS Y TUBOS,C,2188.36,2699.3,5
2026-07-22,2026-07-20,PED0003115,CLI_0004,CAPITAL,ASESOR_3,ENERGIA,CH316,A,2836.15,4173.3,3
2026-07-22,2026-07-20,PED0003116,CLI_0013,CAPITAL,ASESOR_5,CONSTRUCCION,BULONERIA,C,1532.01,2398.8,5
2026-07-20,2026-07-20,PED0003117,CLI_0010,MENDOZA,ASESOR_5,ENERGIA,CH304,A,2646.64,2995.7,3
2026-07-20,2026-07-20,PED0003117,CLI_0010,MENDOZA,ASESOR_5,ENERGIA,BULONERIA,A,2082.01,3147.5,6
2026-07-23,2026-07-20,PED0003118,CLI_0016,CAPITAL,ASESOR_2,AGRO,CH316,C,2569.07,3505.6,6
2026-07-23,2026-07-20,PED0003118,CLI_0016,CAPITAL,ASESOR_2,AGRO,PERFILES,C,1810.74,2268.5,2
2026-07-24,2026-07-20,PED0003119,CLI_0021,MENDOZA,ASESOR_2,CONSTRUCCION,PERFILES,B,1985.43,2006.8,6
2026-07-20,2026-07-20,PED0003120,CLI_0037,CORDOBA,ASESOR_5,CONSTRUCCION,CH316,C,933.6,1287.6,3
2026-07-20,2026-07-20,PED0003120,CLI_0037,CORDOBA,ASESOR_5,CONSTRUCCION,CH304,C,1578.3,1729.1,6
2026-07-20,2026-07-20,PED0003120,CLI_0037,CORDOBA,ASESOR_5,CONSTRUCCION,BULONERIA,C,2021.73,2774.5,1
2026-07-20,2026-07-20,PED0003121,CLI_0038,MENDOZA,ASESOR_4,AGRO,CH430,B,1520.22,1974.6,1
2026-07-22,2026-07-20,PED0003122,CLI_0007,CORDOBA,ASESOR_2,ENERGIA,CAÑOS Y TUBOS,C,1373.04,1678.8,2
2026-07-22,2026-07-20,PED0003122,CLI_0007,CORDOBA,ASESOR_2,ENERGIA,CH430,C,1545.35,2109.6,5
2026-07-20,2026-07-20,PED0003123,CLI_0015,CORDOBA,ASESOR_2,AUTOPARTES,CH316,C,1350.08,2044.9,5
2026-07-23,2026-07-20,PED0003124,CLI_0005,MENDOZA,ASESOR_4,AGRO,CH316,A,1566.38,1965.5,3
2026-07-24,2026-07-20,PED0003125,CLI_0031,MENDOZA,ASESOR_3,AGRO,BULONERIA,B,2556.61,2454.5,2
2026-07-24,2026-07-20,PED0003125,CLI_0031,MENDOZA,ASESOR_3,AGRO,CH430,B,1110.94,1745.8,5
2026-07-21,2026-07-20,PED0003126,CLI_0040,ROSARIO,ASESOR_3,AGRO,CAÑOS Y TUBOS,C,2436.48,3049.7,5
2026-07-21,2026-07-20,PED0003126,CLI_0040,ROSARIO,ASESOR_3,AGRO,PERFILES,C,2349.48,1631.7,4
2026-07-22,2026-07-20,PED0003127,CLI_0018,MENDOZA,ASESOR_3,METALMECANICA,PERFILES,C,2008.75,3136.7,4
2026-07-22,2026-07-20,PED0003127,CLI_0018,MENDOZA,ASESOR_3,METALMECANICA,CAÑOS Y TUBOS,C,1620.47,1476.4,4
2026-07-22,2026-07-20,PED0003128,CLI_0014,ROSARIO,ASESOR_1,AUTOPARTES,CH316,B,1515.04,1948.1,3
2026-07-21,2026-07-20,PED0003129,CLI_0037,CORDOBA,ASESOR_6,METALMECANICA,CH316,C,859.86,1000.4,1
2026-07-21,2026-07-20,PED0003129,CLI_0037,CORDOBA,ASESOR_6,METALMECANICA,PERFILES,C,3130.79,2571.6,2
2026-07-21,2026-07-20,PED0003129,CLI_0037,CORDOBA,ASESOR_6,METALMECANICA,CH304,C,1451.01,1582.0,1
2026-07-22,2026-07-20,PED0003130,CLI_0033,ROSARIO,ASESOR_6,METALMECANICA,CH430,C,1317.5,1346.6,6
2026-07-21,2026-07-20,PED0003131,CLI_0012,CORDOBA,ASESOR_6,AUTOPARTES,CH316,C,1210.77,1088.4,5
2026-07-23,2026-07-20,PED0003132,CLI_0016,MENDOZA,ASESOR_6,METALMECANICA,CAÑOS Y TUBOS,C,1821.41,1831.6,4
2026-07-22,2026-07-20,PED0003133,CLI_0011,ROSARIO,ASESOR_1,CONSTRUCCION,CH316,A,1440.67,1437.1,4
2026-07-23,2026-07-20,PED0003134,CLI_0014,ROSARIO,ASESOR_4,CONSTRUCCION,CAÑOS Y TUBOS,C,2743.02,3846.7,6
2026-07-21,2026-07-20,PED0003135,CLI_0021,ROSARIO,ASESOR_2,AGRO,PERFILES,A,2362.42,1579.4,4
2026-07-21,2026-07-20,PED0003135,CLI_0021,ROSARIO,ASESOR_2,AGRO,CH316,A,1417.43,2007.0,4
2026-07-20,2026-07-20,PED0003136,CLI_0035,MENDOZA,ASESOR_3,AGRO,CH304,B,2989.34,3637.8,3
2026-07-24,2026-07-20,PED0003137,CLI_0010,ROSARIO,ASESOR_1,CONSTRUCCION,CH304,C,959.5,1058.1,5
2026-07-23,2026-07-20,PED0003138,CLI_0037,ROSARIO,ASESOR_5,METALMECANICA,PERFILES,C,3431.26,2391.9,1
2026-07-21,2026-07-20,PED0003139,CLI_0012,CORDOBA,ASESOR_4,AGRO,PERFILES,C,3294.17,3455.1,4
2026-07-24,2026-07-20,PED0003140,CLI_0034,CAPITAL,ASESOR_4,ENERGIA,CH430,C,783.61,1031.4,1
2026-07-23,2026-07-20,PED0003141,CLI_0009,ROSARIO,ASESOR_3,AGRO,CH430,B,1365.65,1578.8,4
2026-07-23,2026-07-20,PED0003141,CLI_0009,ROSARIO,ASESOR_3,AGRO,CAÑOS Y TUBOS,B,2430.41,3486.4,5
2026-07-21,2026-07-20,PED0003142,CLI_0017,MENDOZA,ASESOR_2,METALMECANICA,CH430,C,1397.8,1485.1,5
2026-07-21,2026-07-20,PED0003142,CLI_0017,MENDOZA,ASESOR_2,METALMECANICA,PERFILES,C,1421.69,2243.3,1
2026-07-21,2026-07-20,PED0003142,CLI_0017,MENDOZA,ASESOR_2,METALMECANICA,BULONERIA,C,2401.5,2565.4,4
2026-07-20,2026-07-20,PED0003143,CLI_0036,ROSARIO,ASESOR_2,AGRO,CAÑOS Y TUBOS,C,2393.2,3007.7,2
2026-07-20,2026-07-20,PED0003143,CLI_0036,ROSARIO,ASESOR_2,AGRO,CH316,C,1363.04,1304.9,5
2026-07-23,2026-07-20,PED0003144,CLI_0021,MENDOZA,ASESOR_3,AGRO,BULONERIA,C,2229.57,2910.3,2
2026-07-23,2026-07-20,PED0003144,CLI_0021,MENDOZA,ASESOR_3,AGRO,CAÑOS Y TUBOS,C,1125.8,1396.1,6
2026-07-21,2026-07-20,PED0003145,CLI_0037,CAPITAL,ASESOR_1,CONSTRUCCION,CAÑOS Y TUBOS,A,1633.66,2216.4,4
2026-07-24,2026-07-20,PED0003146,CLI_0043,ROSARIO,ASESOR_3,CONSTRUCCION,CH430,B,1439.16,2034.6,1
2026-07-24,2026-07-20,PED0003147,CLI_0010,MENDOZA,ASESOR_4,CONSTRUCCION,BULONERIA,C,1916.09,2973.9,5
2026-07-23,2026-07-20,PED0003148,CLI_0005,MENDOZA,ASESOR_2,AGRO,BULONERIA,A,2088.0,2846.0,2
2026-07-23,2026-07-20,PED0003148,CLI_0005,MENDOZA,ASESOR_2,AGRO,CH430,A,1299.04,1887.4,2
2026-07-23,2026-07-20,PED0003148,CLI_0005,MENDOZA,ASESOR_2,AGRO,CAÑOS Y TUBOS,A,1742.75,2718.5,3
2026-07-22,2026-07-20,PED0003149,CLI_0015,CAPITAL,ASESOR_4,CONSTRUCCION,BULONERIA,C,1528.26,2335.3,2
2026-07-22,2026-07-20,PED0003150,CLI_0034,ROSARIO,ASESOR_3,AUTOPARTES,BULONERIA,C,1262.55,1224.9,6
2026-07-22,2026-07-20,PED0003150,CLI_0034,ROSARIO,ASESOR_3,AUTOPARTES,CAÑOS Y TUBOS,C,2744.42,2481.1,3
2026-07-20,2026-07-20,PED0003151,CLI_0018,MENDOZA,ASESOR_3,CONSTRUCCION,BULONERIA,B,2269.01,2903.0,3
2026-07-24,2026-07-20,PED0003152,CLI_0026,CAPITAL,ASESOR_4,METALMECANICA,CAÑOS Y TUBOS,A,1493.39,1983.7,5
2026-07-23,2026-07-20,PED0003153,CLI_0015,CAPITAL,ASESOR_4,AGRO,CAÑOS Y TUBOS,C,1860.04,2669.0,6
2026-07-23,2026-07-20,PED0003153,CLI_0015,CAPITAL,ASESOR_4,AGRO,CH430,C,715.55,641.0,2
2026-07-21,2026-07-20,PED0003154,CLI_0019,CORDOBA,ASESOR_2,AGRO,BULONERIA,B,1873.5,2020.8,2
2026-07-21,2026-07-20,PED0003154,CLI_0019,CORDOBA,ASESOR_2,AGRO,CH304,B,1326.46,2110.6,5
2026-07-24,2026-07-20,PED0003155,CLI_0017,CORDOBA,ASESOR_6,AUTOPARTES,BULONERIA,C,2605.7,3105.2,3
2026-07-23,2026-07-20,PED0003156,CLI_0031,CAPITAL,ASESOR_4,ENERGIA,BULONERIA,C,1534.36,1958.3,4
2026-07-21,2026-07-20,PED0003157,CLI_0017,MENDOZA,ASESOR_3,METALMECANICA,CH304,C,2921.51,3830.7,5
2026-07-21,2026-07-20,PED0003157,CLI_0017,MENDOZA,ASESOR_3,METALMECANICA,CH430,C,1044.93,1174.4,2
2026-07-22,2026-07-20,PED0003158,CLI_0031,CAPITAL,ASESOR_5,METALMECANICA,CH430,A,790.05,998.7,1
2026-07-23,2026-07-20,PED0003159,CLI_0007,CORDOBA,ASESOR_1,ENERGIA,CH304,C,1097.85,1224.2,4
2026-07-22,2026-07-20,PED0003160,CLI_0006,ROSARIO,ASESOR_6,CONSTRUCCION,CAÑOS Y TUBOS,C,1867.78,2256.9,6
2026-07-22,2026-07-20,PED0003160,CLI_0006,ROSARIO,ASESOR_6,CONSTRUCCION,CH430,C,1498.75,2170.0,6
2026-07-22,2026-07-20,PED0003161,CLI_0006,CAPITAL,ASESOR_3,ENERGIA,CH316,A,3577.56,5705.8,6
2026-07-22,2026-07-20,PED0003161,CLI_0006,CAPITAL,ASESOR_3,ENERGIA,CAÑOS Y TUBOS,A,1645.05,1863.0,2
2026-07-24,2026-07-20,PED0003162,CLI_0019,MENDOZA,ASESOR_6,AUTOPARTES,CAÑOS Y TUBOS,C,1451.98,1971.2,3
2026-07-24,2026-07-20,PED0003162,CLI_0019,MENDOZA,ASESOR_6,AUTOPARTES,BULONERIA,C,2019.62,2450.7,5
2026-07-24,2026-07-20,PED0003163,CLI_0019,CAPITAL,ASESOR_4,CONSTRUCCION,CH304,C,2773.8,3437.5,4
2026-07-24,2026-07-20,PED0003163,CLI_0019,CAPITAL,ASESOR_4,CONSTRUCCION,CH430,C,679.26,900.3,5
2026-07-23,2026-07-20,PED0003164,CLI_0040,ROSARIO,ASESOR_2,CONSTRUCCION,CH316,B,1413.18,1426.5,1
2026-07-24,2026-07-20,PED0003165,CLI_0019,ROSARIO,ASESOR_1,AUTOPARTES,CH430,B,1215.83,1054.0,2
2026-07-20,2026-07-20,PED0003166,CLI_0011,CAPITAL,ASESOR_5,AGRO,CH430,A,1013.8,1194.6,6
2026-07-20,2026-07-20,PED0003166,CLI_0011,CAPITAL,ASESOR_5,AGRO,CAÑOS Y TUBOS,A,2343.41,2558.2,5
2026-07-21,2026-07-20,PED0003167,CLI_0032,ROSARIO,ASESOR_2,AUTOPARTES,CH430,C,1210.07,993.1,4
2026-07-21,2026-07-20,PED0003167,CLI_0032,ROSARIO,ASESOR_2,AUTOPARTES,PERFILES,C,2450.66,2590.6,2
2026-07-21,2026-07-20,PED0003168,CLI_0030,ROSARIO,ASESOR_5,AUTOPARTES,CH316,C,1464.95,1686.3,5
2026-07-22,2026-07-20,PED0003169,CLI_0017,MENDOZA,ASESOR_1,AGRO,PERFILES,C,1565.38,2433.5,4
2026-07-22,2026-07-20,PED0003169,CLI_0017,MENDOZA,ASESOR_1,AGRO,CAÑOS Y TUBOS,C,1500.44,1572.2,6
2026-07-22,2026-07-20,PED0003170,CLI_0005,MENDOZA,ASESOR_3,METALMECANICA,BULONERIA,B,1792.04,2179.0,1
2026-07-24,2026-07-20,PED0003171,CLI_0031,CAPITAL,ASESOR_1,ENERGIA,PERFILES,C,1609.89,1807.1,3
2026-07-22,2026-07-20,PED0003172,CLI_0011,CORDOBA,ASESOR_1,AGRO,CH304,B,1055.56,1608.2,5
2026-07-22,2026-07-20,PED0003173,CLI_0031,MENDOZA,ASESOR_4,ENERGIA,CH304,B,2892.26,3347.0,6
2026-07-23,2026-07-20,PED0003174,CLI_0018,MENDOZA,ASESOR_4,AUTOPARTES,CH316,C,1251.93,1820.0,4
2026-07-23,2026-07-20,PED0003174,CLI_0018,MENDOZA,ASESOR_4,AUTOPARTES,BULONERIA,C,1928.39,2428.3,2
2026-07-21,2026-07-20,PED0003175,CLI_0003,ROSARIO,ASESOR_4,ENERGIA,BULONERIA,C,1529.36,1431.8,1
2026-07-21,2026-07-20,PED0003175,CLI_0003,ROSARIO,ASESOR_4,ENERGIA,CAÑOS Y TUBOS,C,2539.36,2182.4,1
2026-07-23,2026-07-20,PED0003176,CLI_0044,ROSARIO,ASESOR_2,METALMECANICA,CH430,B,942.57,1480.7,1
2026-07-22,2026-07-20,PED0003177,CLI_0004,CORDOBA,ASESOR_1,AGRO,CAÑOS Y TUBOS,C,1131.84,1338.5,6
2026-07-24,2026-07-20,PED0003178,CLI_0013,MENDOZA,ASESOR_2,ENERGIA,CH316,A,1788.04,2016.5,1
2026-07-23,2026-07-20,PED0003179,CLI_0032,CORDOBA,ASESOR_5,CONSTRUCCION,CAÑOS Y TUBOS,C,1400.59,1529.3,5
2026-07-23,2026-07-20,PED0003179,CLI_0032,CORDOBA,ASESOR_5,CONSTRUCCION,CH316,C,1051.17,1285.6,3
2026-07-22,2026-07-20,PED0003180,CLI_0025,MENDOZA,ASESOR_3,ENERGIA,CH316,C,1164.75,1520.5,5
2026-07-20,2026-07-20,PED0003181,CLI_0010,CORDOBA,ASESOR_3,AGRO,CH316,C,910.31,1077.0,4
2026-07-20,2026-07-20,PED0003181,CLI_0010,CORDOBA,ASESOR_3,AGRO,PERFILES,C,2841.55,2904.4,4
2026-07-20,2026-07-20,PED0003181,CLI_0010,CORDOBA,ASESOR_3,AGRO,CH430,C,1392.21,1202.2,2
2026-07-20,2026-07-20,PED0003182,CLI_0035,CORDOBA,ASESOR_5,METALMECANICA,PERFILES,B,3489.92,4902.5,5
2026-07-20,2026-07-20,PED0003182,CLI_0035,CORDOBA,ASESOR_5,METALMECANICA,CH304,B,1384.26,1520.8,5
2026-07-20,2026-07-20,PED0003183,CLI_0027,ROSARIO,ASESOR_2,AUTOPARTES,CH430,C,1106.37,1195.5,1
2026-07-20,2026-07-20,PED0003183,CLI_0027,ROSARIO,ASESOR_2,AUTOPARTES,PERFILES,C,2802.27,2291.3,5
2026-07-20,2026-07-20,PED0003183,CLI_0027,ROSARIO,ASESOR_2,AUTOPARTES,CH304,C,1035.63,855.4,6
2026-07-22,2026-07-20,PED0003184,CLI_0011,CAPITAL,ASESOR_5,AUTOPARTES,BULONERIA,B,1993.05,2342.8,2
2026-07-23,2026-07-20,PED0003185,CLI_0011,ROSARIO,ASESOR_5,AUTOPARTES,CH316,B,1342.12,1923.5,6
2026-07-20,2026-07-20,PED0003186,CLI_0037,CORDOBA,ASESOR_5,METALMECANICA,CH316,B,912.92,1244.4,5
2026-07-20,2026-07-20,PED0003186,CLI_0037,CORDOBA,ASESOR_5,METALMECANICA,PERFILES,B,2736.05,2189.0,4
2026-07-24,2026-07-20,PED0003187,CLI_0022,MENDOZA,ASESOR_6,AGRO,BULONERIA,C,2482.29,3940.3,4
2026-07-23,2026-07-20,PED0003188,CLI_0017,MENDOZA,ASESOR_2,CONSTRUCCION,BULONERIA,C,2510.71,3464.3,4
2026-07-24,2026-07-20,PED0003189,CLI_0017,MENDOZA,ASESOR_4,CONSTRUCCION,CH430,C,1404.36,1970.7,6
2026-07-24,2026-07-20,PED0003189,CLI_0017,MENDOZA,ASESOR_4,CONSTRUCCION,CH304,C,2967.48,3032.6,3
2026-07-24,2026-07-20,PED0003190,CLI_0036,CAPITAL,ASESOR_4,AUTOPARTES,BULONERIA,C,1350.32,1557.1,2
2026-07-24,2026-07-20,PED0003190,CLI_0036,CAPITAL,ASESOR_4,AUTOPARTES,CH304,C,3421.01,4624.5,2
2026-07-24,2026-07-20,PED0003190,CLI_0036,CAPITAL,ASESOR_4,AUTOPARTES,PERFILES,C,1548.57,1421.9,5
2026-07-22,2026-07-20,PED0003191,CLI_0003,ROSARIO,ASESOR_3,AGRO,BULONERIA,B,1414.31,1612.7,1
2026-07-22,2026-07-20,PED0003191,CLI_0003,ROSARIO,ASESOR_3,AGRO,CH304,B,870.85,1004.7,2
2026-07-24,2026-07-20,PED0003192,CLI_0019,MENDOZA,ASESOR_2,AGRO,PERFILES,C,1988.13,2938.4,4
2026-07-22,2026-07-20,PED0003193,CLI_0014,CAPITAL,ASESOR_5,ENERGIA,CH316,B,3669.5,4005.8,6
2026-07-22,2026-07-20,PED0003193,CLI_0014,CAPITAL,ASESOR_5,ENERGIA,PERFILES,B,1538.1,1991.6,4
2026-07-20,2026-07-20,PED0003194,CLI_0005,ROSARIO,ASESOR_4,ENERGIA,BULONERIA,B,1168.69,1680.6,1
2026-07-20,2026-07-20,PED0003194,CLI_0005,ROSARIO,ASESOR_4,ENERGIA,CH304,B,1060.31,1200.6,2
2026-07-24,2026-07-20,PED0003195,CLI_0009,CAPITAL,ASESOR_2,ENERGIA,CAÑOS Y TUBOS,A,2149.07,3142.7,2
2026-07-21,2026-07-20,PED0003196,CLI_0038,MENDOZA,ASESOR_5,AGRO,BULONERIA,B,2250.79,2359.2,2
2026-07-21,2026-07-20,PED0003197,CLI_0006,MENDOZA,ASESOR_1,METALMECANICA,PERFILES,B,1765.69,1459.6,5
2026-07-21,2026-07-20,PED0003197,CLI_0006,MENDOZA,ASESOR_1,METALMECANICA,CH430,B,1079.37,1659.1,2
2026-07-21,2026-07-20,PED0003198,CLI_0019,MENDOZA,ASESOR_5,CONSTRUCCION,CAÑOS Y TUBOS,B,1359.54,1537.7,4
2026-07-24,2026-07-20,PED0003199,CLI_0019,MENDOZA,ASESOR_4,AGRO,CH316,C,1613.68,2263.5,3
2026-07-23,2026-07-20,PED0003200,CLI_0045,CORDOBA,ASESOR_1,CONSTRUCCION,CH316,B,971.27,916.0,6
2026-07-23,2026-07-20,PED0003200,CLI_0045,CORDOBA,ASESOR_1,CONSTRUCCION,CH430,B,1512.46,2116.0,6
2026-07-23,2026-07-20,PED0003200,CLI_0045,CORDOBA,ASESOR_1,CONSTRUCCION,CH304,B,1486.74,1786.7,1
2026-07-24,2026-07-20,PED0003201,CLI_0036,CAPITAL,ASESOR_6,ENERGIA,CH316,C,2931.6,3526.9,3
2026-07-21,2026-07-20,PED0003202,CLI_0034,MENDOZA,ASESOR_6,AUTOPARTES,CH304,A,2100.24,2161.2,3
